MüştəriID,AdSoyad,DoğumTarixi,Cins,TəhsilSəviyyəsi,MəşğulluqStatusu,AylıqGəlir,KreditNövü,KreditMəbləği,KreditMəqsədi,FaizDərəcəsi,KreditSkoru,DigərKreditlərinSayı,KeçmişdəGecikmə,QaraSiyahida,MüraciətStatusu,YoxlayıcınınQeydləri
83085499,Aydan Qasımova,07-13-04,Qadın,Magistr,Tələbə,288,Təhsil krediti,1333,dövriyyə vəsaitlərinin artırılması - Biznes krediti,21.15,692.0,1,Xeyr,Xeyr,Təsdiqlənib,Müştərinin gəliri və krediti təsdiqləndi
26747165,Tural Rzayev,24/12/1973,K,Bakalavr tehsili,İşləyən,3680,Nağd istehlak krediti,11291,şəxsi istehlak məqsədi,22.32,1525.0,4,Bəli,Xeyr,Təsdiqlənib,Müştərinin gəliri və krediti təsdiqləndi
64397716,Aydan Əhmədova,1979-08-04,,Orta məktəb,İşsiz,295,Nağd istehlak krediti,444,məişət avadanlığı alışı,16.92,419.0,0,,Xeyr,Rədd edilib,Aşağı kredit reytinqi
47555276,Ayan Hüseynova,1980-05-24,qadin,Bakalavr,İşləyən,3512,Avtomobil krediti,33256,tibbi xərclər,19.91,1082.0,2,Xeyr,Bəli,Rədd edilib,'Qara siyahı'da olmaq
18690085,Emin Rüstəmov,1983-02-21, kişi ,Bakalavr tehsili,Sahibkar,4593,Mikro kredit,35554,əsas vəsaitlərin alınması - Biznes krediti,11.89,1247.0,2,Bəli,Xeyr,Təsdiqlənib,Bütün sənədlər qaydasındadır | Yoxlayıcı_ID: 613
58596955,Məryəm Səfərova,03-23-97,Qadın,Orta məktəb,İşsiz,81,Nağd istehlak krediti,840 AZN,məişət avadanlığı alışı,17.13,440.0,1,Xeyr,Xeyr,Rədd edilib,Aşağı kredit reytinqi
67362073,Cavid Məmmədov,1983-05-26,K,Magistr,İşləyən,888 manat,Nağd istehlak krediti,9865,toy xərcləri,13.17,1287.0,0,,Xeyr,Təsdiqlənib,Müştərinin gəliri və krediti təsdiqləndi
76328629,Aylin Əliyeva,2001-10-17,qadin,Bakalavr,İşləyən,3682,Nağd istehlak krediti,6620,şəxsi istehlak məqsədi,11.92,841.0,3,Xeyr,Xeyr,Təsdiqlənib,Zaminlik məsələləri
27470674,Fatimə Hüseynova,14/06/2005,qadin,Magistr,Tələbə,168,Təhsil krediti,2285 manat,Biznes krediti,22.98,744.0,1,Xeyr,Xeyr,Təsdiqlənib,Müştərinin gəliri və krediti təsdiqləndi
35733064,Babayev Əli,1992-04-20,K,Magistr,Sahibkar,7458,Mikro kredit,96059,əsas vəsaitlərin alınması - Biznes krediti,16.82,1501.0,2,Bəli,Xeyr,Təsdiqlənib,Müştərinin gəliri və krediti təsdiqləndi
42266537,Cavid Nəsirov,06-03-91,Kişi,Bakalavr,İşləyən,2152,Nağd istehlak krediti,12513,məişət avadanlığı alışı,13.61,1308.0,4,Bəli,Xeyr,Təsdiqlənib,Müştərinin gəliri və krediti təsdiqləndi
64694544,Yusif İsmayılov,14/10/1974,,Bakalavr tehsili,İşləyən,3200,Nağd istehlak krediti,6024,məişət avadanlığı alışı,14.53,1077.0,1,Bəli,Xeyr,Təsdiqlənib,Bütün sənədlər qaydasındadır
10589412,Vəliyeva Rəna,1985-01-14,Q,Magistr,İşləyən,1736,Nağd istehlak kriditi,15982,toy xərcləri,13.46,734.0,3,Bəli,Xeyr,Təsdiqlənib,Bütün sənədlər qaydasındadır
91487724, Sahil Tağıyev ,01-21-78, kişi ,Magistr,İşləyən,922,Nağd istehlak krediti,17560,təmir,18.02,496.0,0,,Xeyr,Rədd edilib,Aşağı kredit reytinqi
61527050,Məhəmməd Babayev,02-15-72,Kişi,Bakalavr,İşləyən,2755,Nağd istehlak krediti,6785,məişət avadanlığı alışı,17.47,903.0,0,,Xeyr,Təsdiqlənib,Müştərinin gəliri və krediti təsdiqləndi | Yoxlayıcı_ID: 803
51740867,Tağıyeva Sevinc,1975-06-10,qadin,Bakalavr tehsili,İşləyən,2268,Nağd istehlak krediti,16429,təmir,17.5,462.0,4,Bəli,Xeyr,Rədd edilib,Aşağı kredit reytinqi
43433343,Ramin Rəhimov,08-31-78,Kişi,Bakalavr tehsili,İşləyən,3782,Avtomobil krediti,37789 AZN,təmir,14.75,1101.0,0,,Xeyr,Təsdiqlənib,Müştərinin gəliri və krediti təsdiqləndi
18299498,Emin Cəfərov,1990-09-07,Kişi,Magistr,İşləyən,,Nağd istehlak krediti,10957,məişət avadanlığı alışı,15.03,,3,Bəli,Xeyr,Təsdiqlənib,Bütün sənədlər qaydasındadır | Yoxlayıcı_ID: 188
14811028,Aylin Sultanova,03-02-89,,Bakalavr tehsili,İşləyən,1625,Nağd istehlak krediti,10910,təmir,17.52,612.0,0,,Xeyr,Təsdiqlənib,Müştərinin gəliri və krediti təsdiqləndi | Yoxlayıcı_ID: 814
37547839,Rəna Səfərova,1994-05-04,,Magistr,İşləyən,3026,Nağd istehlak krediti,1009,təmir,11.93,651.0,4,Bəli,Xeyr,Təsdiqlənib,Müştərinin gəliri və krediti təsdiqləndi
28917233,Anar Rzayev,30/03/1999,,Bakalavr,İşləyən,1391,Nağd istehlak krediti,15667,şəxsi istehlak məqsədi,18.3,1535.0,0,,Xeyr,Təsdiqlənib,Bütün sənədlər qaydasındadır
60366476,Sevinc İbrahimova,25/05/1985,Q,Bakalavr,Sahibkar,9040,Mikro kredit,50688,dövriyyə vəsaitlərinin artırılması - Biznes krediti,20.76,1669.0,5,Xeyr,Xeyr,Təsdiqlənib,Müştərinin gəliri və krediti təsdiqləndi
30011334,Anar Sultanov,1995-10-04, kişi ,Magistr,İşləyən,1827,Nağd istehlak krediti,9951,şəxsi istehlak məqsədi,18.95,533.0,0,,Xeyr,Təsdiqlənib,Müştərinin gəliri və krediti təsdiqləndi | Yoxlayıcı_ID: 856
21945844,Rəna Sultanova,09-26-92,qadin,Bakalavr tehsili,İşləyən,1684,Nağd istehlak krediti,15916,məişət avadanlığı alışı,11.98,1166.0,1,Xeyr,Xeyr,Təsdiqlənib,Müştərinin gəliri və krediti təsdiqləndi | Yoxlayıcı_ID: 776
13350222,Sevinc Abdullayeva,1972-09-15,Qadın,Bakalavr tehsili,İşləyən,3750,Avtomobil krediti,37626,tibbi xərclər,18.63,,2,Xeyr,Xeyr,Təsdiqlənib,Bütün sənədlər qaydasındadır
76058424,Zülfiyyə Hüseynova,05/12/1986,qadin,Magistr,İşləyən,2457,Avtomobil krediti,18953,təmir,19.13,826.0,0,,Xeyr,Təsdiqlənib,Bütün sənədlər qaydasındadır
78620334,Səfərov Uğur,1965-06-20,K,Orta məktəb,İşsiz,368,Nağd istehlak krediti,717,toy xərcləri,24.97,587.0,2,Bəli,Bəli,Rədd edilib,'Qara siyahı'da olmaq | Yoxlayıcı_ID: 304
94944944,Murad Cavadov,08/11/1972,K,Magistr,İşləyən,1223,Avtomobil krediti,29599,şəxsi istehlak məqsədi,13.39,893.0,1,Xeyr,Xeyr,Rədd edilib,Gəlir çatışmazlığı | Yoxlayıcı_ID: 466
11124300,Rəşad Hüseynov,04-01-04,Kişi,Bakalavr tehsili,Tələbə,276,Təhsil krediti,2114,Biznes krediti,17.9,,0,,Xeyr,Təsdiqlənib,Müştərinin gəliri və krediti təsdiqləndi
52657827,Anar Əhmədov,06/12/1988, kişi ,Orta məktəb,İşsiz,21,Nağd istehlak krediti,701,şəxsi istehlak məqsədi,18.68,297.0,0,,Xeyr,Rədd edilib,Aşağı kredit reytinqi
25398239, Nigar Cavadova ,07/10/2001,,Bakalavr tehsili,İşləyən,3114,Nağd istehlak krediti,12010 AZN,toy xərcləri,18.68,,1,Bəli,Xeyr,Rədd edilib,Aşağı kredit reytinqi
67709086,Şəbnəm Babayeva,01-13-89,Qadın,Magistr,İşləyən,2474,Avtomobil krediti,25958,tibbi xərclər,20.09,1117.0,2,Xeyr,Xeyr,Təsdiqlənib,Bütün sənədlər qaydasındadır
64186229,Samir Vəliyev,24/07/2007,Kişi,Magistr,Tələbə,141,Təhsil krediti,1809,dövriyyə vəsaitlərinin artırılması - Biznes krediti,20.21,205.0,0,,Xeyr,Rədd edilib,Aşağı kredit reytinqi
53872978,Əli Vəliyev,1989-02-06,Kişi,Bakalavr tehsili,Sahibkar,8469,Mikro kredit,91887,Biznes krediti,17.96,1172.0,7,Bəli,Xeyr,Təsdiqlənib,Müştərinin gəliri və krediti təsdiqləndi | Yoxlayıcı_ID: 481
74078597,Məhəmməd Qasımov,27/09/1973, kişi ,Orta məktəb,İşsiz,395,Nağd istehlak krediti,571,təmir,24.41,286.0,1,Xeyr,Xeyr,Rədd edilib,Aşağı kredit reytinqi
53533631,Ləman Rzayeva,1978-05-02,Qadın,Bakalavr tehsili,Sahibkar,4170,Mikro kredit,84735,dövriyyə vəsaitlərinin artırılması - Biznes krediti,24.81,990.0,6,Xeyr,Xeyr,Təsdiqlənib,Aşağı kredit reytinqi
71130241,Məryəm Quliyeva,30/05/2005,,Bakalavr tehsili,Tələbə,100,Təhsil krediti,607,əsas vəsaitlərin alınması - Biznes krediti,12.92,582.0,1,Bəli,Xeyr,Təsdiqlənib,Bütün sənədlər qaydasındadır
83713949, Aylin Rüstəmova ,1981-11-14,Qadın,Bakalavr tehsili,Sahibkar,4237 manat,Mikro kredit,11574,Biznes krediti,14.9,1035.0,3,Xeyr,Bəli,Rədd edilib,'Qara siyahı'da olmaq | Yoxlayıcı_ID: 644
72339009,Fatimə Qasımova,1974-12-23,,Bakalavr,İşləyən,2636,Nağd istehlak krediti,8371,şəxsi istehlak məqsədi,19.25,540.0,0,,Xeyr,Təsdiqlənib,Müştərinin gəliri və krediti təsdiqləndi
76465211,Aydan Hüseynova,05-19-73,Qadın,Orta məktəb,İşsiz,235,Nağd istehlak krediti,638,şəxsi istehlak məqsədi,16.5,515.0,1,Xeyr,Xeyr,Təsdiqlənib,Müştərinin gəliri və krediti təsdiqləndi
12359648,Elvin İsmayılov,2003-02-01,K,Magistr,Tələbə,269,Təhsil krediti,1953,dövriyyə vəsaitlərinin artırılması - Biznes krediti,13.72,403.0,0,,Xeyr,Rədd edilib,Aşağı kredit reytinqi
95133338,Səbinə Hüseynova,2006-03-25,,Magistr,Tələbə,266 manat,Təhsil krediti,577,Biznes krediti,21.45,668.0,0,Bəli,Xeyr,Təsdiqlənib,Bütün sənədlər qaydasındadır | Yoxlayıcı_ID: 885
11484477,Rauf Səfərov,06-26-87, kişi ,Bakalavr,İşləyən,1951,Nağd istehlak krediti,4024,toy xərcləri,12.26,1484.0,0,,Xeyr,Təsdiqlənib,Müştərinin gəliri və krediti təsdiqləndi
97489400,Rəhimov Orxan,2003-02-28,,Magistr,Tələbə,112 AZN,Təhsil krediti,2082,dövriyyə vəsaitlərinin artırılması - Biznes krediti,23.83,765.0,0,,Xeyr,Təsdiqlənib,Müştərinin gəliri və krediti təsdiqləndi
37188892,Cavid İsmayılov,03-31-69, kişi ,Orta məktəb,İşsiz,6,Nağd istehlak krediti,700,məişət avadanlığı alışı,11.12,163.0,1,Bəli,Xeyr,Rədd edilib,Aşağı kredit reytinqi | Yoxlayıcı_ID: 322
48765726,Məhəmməd Cavadov,07-18-06,Kişi,Magistr,Tələbə,215,Təhsil krediti,676 manat,Biznes krediti,20.95,333.0,0,,Xeyr,Rədd edilib,Aşağı kredit reytinqi
39382667,Səbinə İbrahimova,08-30-89,Qadın,Orta məktəb,İşsiz,244 manat,Nağd istehlak krediti,866,təmir,22.28,238.0,2,Xeyr,Xeyr,Rədd edilib,Aşağı kredit reytinqi
51495371,Aydan Nəsirova,1979-01-06,Q,Magistr,İşləyən,2132,Nağd istehlak krediti,7472,toy xərcləri,24.73,1008.0,2,Bəli,Xeyr,Təsdiqlənib,Bütün sənədlər qaydasındadır
27745606,anar məmmədov,07/03/1977,Kişi,Bakalavr,İşləyən,1836,Nağd istehlak krediti,16169,təmir,20.69,945.0,2,Xeyr,Xeyr,Təsdiqlənib,Müştərinin gəliri və krediti təsdiqləndi | Yoxlayıcı_ID: 605
51651151,Fatimə Rüstəmova,1987-04-02,Qadın,Bakalavr tehsili,İşləyən,1021,Nağd istehlak krediti,11863,tibbi xərclər,18.57,541.0,4,Xeyr,Xeyr,Təsdiqlənib,Bütün sənədlər qaydasındadır
87940251,Nigar İbrahimova,1974-03-26,qadin,Magistr,İşləyən,2812 manat,Nağd istehlak krediti,5381,məişət avadanlığı alışı,15.24,678.0,4,Bəli,Xeyr,Təsdiqlənib,Bütün sənədlər qaydasındadır
44083438, Uğur Babayev ,24/11/1990,,Magistr,Sahibkar,8839,Mikro kredit,99265,dövriyyə vəsaitlərinin artırılması - Biznes krediti,18.71,1013.0,8,Bəli,Xeyr,Təsdiqlənib,Müştərinin gəliri və krediti təsdiqləndi
77996712,Aylin İsmayılova,14/03/2005,Q,Bakalavr tehsili,Tələbə,151,Təhsil krediti,2618,əsas vəsaitlərin alınması - Biznes krediti,18.06,535.0,0,,Xeyr,Təsdiqlənib,Səhv və ya natamam müraciət
54591241,Orxan Nəsirov,1996-01-18,Kişi,Magistr,İşləyən,3524,Nağd istehlak krediti,16490,tibbi xərclər,14.54,,3,Bəli,Xeyr,Təsdiqlənib,Bütün sənədlər qaydasındadır
79331008,Samir Tağıyev,1987-10-22,Kişi,Magistr,Sahibkar,8922,Mikro kredit,38536,əsas vəsaitlərin alınması - Biznes krediti,18.74,950.0,2,Xeyr,Xeyr,Təsdiqlənib,Müştərinin gəliri və krediti təsdiqləndi
64858774,Aylin Babayeva,07/08/1977,Qadın,Bakalavr tehsili,İşləyən,3405,Avtomobil krediti,13442,toy xərcləri,19.5,1026.0,4,Bəli,Xeyr,Təsdiqlənib,Bütün sənədlər qaydasındadır | Yoxlayıcı_ID: 797
35404420,Elvin Vəliyev,2005-09-03,K,Bakalavr tehsili,Tələbə,251 AZN,Təhsil krediti,1045,Biznes krediti,16.37,452.0,0,,Xeyr,Rədd edilib,Aşağı kredit reytinqi
96555695,Rauf Babayev,09-28-98,K,Magistr,İşləyən,1928,Nağd istehlak krediti,17820,tibbi xərclər,21.95,977.0,4,Xeyr,Xeyr,Təsdiqlənib,Müştərinin gəliri və krediti təsdiqləndi | Yoxlayıcı_ID: 353
85330424,Səbinə Səfərova,07-02-75,Qadın,Bakalavr,Sahibkar,9398,Mikro kredit,50088,Biznes krediti,11.46,1219.0,6,Bəli,Xeyr,Təsdiqlənib,Aşağı kredit reytinqi
95405334,Səbinə Nəsirova,11-27-71,Q,Bakalavr,Sahibkar,2994,Mikro kredit,18101,Biznes krediti,15.57,1256.0,3,Bəli,Xeyr,Təsdiqlənib,Bütün sənədlər qaydasındadır
91040547,Fərid Quliyev,2002-11-01,Kişi,Bakalavr,Tələbə,216,Təhsil krediti,657,əsas vəsaitlərin alınması - Biznes krediti,15.96,330.0,0,,Xeyr,Rədd edilib,Aşağı kredit reytinqi
62291717,Aydan Abdullayeva,1992-04-30,Qadın,Magistr,İşləyən,3586 AZN,Nağd istehlak krediti,8852,məişət avadanlığı alışı,22.86,868.0,1,Xeyr,Xeyr,Təsdiqlənib,Müştərinin gəliri və krediti təsdiqləndi | Yoxlayıcı_ID: 969
27139751,Murad Əhmədov,1999-07-17,Kişi,Magistr,İşləyən,1027,Nağd istehlak krediti,19480,tibbi xərclər,20.39,1294.0,0,,Xeyr,Təsdiqlənib,Bütün sənədlər qaydasındadır
14735104,aysel i̇smayılova,1978-04-17,,Magistr,İşləyən,3510,Nağd istehlak krediti,17871,toy xərcləri,22.28,1259.0,3,Xeyr,Xeyr,Təsdiqlənib,Zaminlik məsələləri
79450389,Fərid Cavadov,06-15-93, kişi ,Bakalavr,İşləyən,2999,Nağd istehlak krediti,15748,şəxsi istehlak məqsədi,20.71,625.0,3,Xeyr,Xeyr,Təsdiqlənib,Müştərinin gəliri və krediti təsdiqləndi
22785992,Hüseyn Abdullayev,05/07/1963, kişi ,Orta məktəb,İşsiz,82,Nağd istehlak krediti,522,məişət avadanlığı alışı,16.14,462.0,2,Bəli,Bəli,Rədd edilib,'Qara siyahı'da olmaq
36506702,Cavid Tağıyev,09-08-77,Kişi,Bakalavr tehsili,İşləyən,1245,Avtomobil krediti,29440,tibbi xərclər,19.45,1536.0,4,Bəli,Xeyr,Təsdiqlənib,Bütün sənədlər qaydasındadır
40657097,Ayan Qasımova,01-14-98,Q,Bakalavr tehsili,İşləyən,1428,Nağd istehlak krediti,18251,şəxsi istehlak məqsədi,18.61,898.0,3,Bəli,Xeyr,Təsdiqlənib,Müştərinin gəliri və krediti təsdiqləndi
77696298,Rzayeva Lalə,1990-11-18,Qadın,Orta məktəb,İşsiz,223,Nağd istehlak krediti,800,təmir,19.33,313.0,0,,Xeyr,Rədd edilib,Aşağı kredit reytinqi
89895114,Elvin Babayev,07/10/2001,K,Magistr,İşləyən,849,Avtomobil krediti,29707,tibbi xərclər,14.81,493.0,3,Xeyr,Xeyr,Rədd edilib,Aşağı kredit reytinqi
33926102,Emin İsmayılov,27/06/1985,Kişi,Magistr,İşləyən,3615,Avtomobil krediti,28822,toy xərcləri,23.29,739.0,2,Xeyr,Xeyr,Təsdiqlənib,İş stajı yetərsizdir
76827210,Məhəmməd Əliyev,19/10/2000,Kişi,Bakalavr tehsili,İşləyən,3956,Avtomobil krediti,17962,şəxsi istehlak məqsədi,12.06,,0,,Xeyr,Təsdiqlənib,'Qara siyahı'da olmaq
12466221,Kəmalə Sultanova,2004-11-10,Q,Bakalavr tehsili,Tələbə,256,Təhsil krediti,2612,Biznes krediti,16.6,256.0,0,,Xeyr,Rədd edilib,Aşağı kredit reytinqi
22565032,Ayan Rəhimova,1980-06-07,Q,Bakalavr tehsili,İşləyən,3177,Avtomobil krediti,27053,məişət avadanlığı alışı,17.34,983.0,1,Xeyr,Xeyr,Təsdiqlənib,Müştərinin gəliri və krediti təsdiqləndi
49051028,Anar Tağıyev,11-07-97,K,Magistr,İşləyən,1093,Avtomobil krediti,14050,təmir,19.56,1545.0,4,Xeyr,Xeyr,Təsdiqlənib,Bütün sənədlər qaydasındadır
77711161,Zəhra Səfərova,02/08/1984,,Magistr,İşləyən,1528,Nağd istehlak krediti,1872,tibbi xərclər,16.45,714.0,0,,Xeyr,Təsdiqlənib,Müştərinin gəliri və krediti təsdiqləndi
98364649,Fərid Məmmədov,1986-10-06,K,Magistr,İşləyən,2548,Nağd istehlak krediti,17101,təmir,17.51,1306.0,0,,Xeyr,Təsdiqlənib,Bütün sənədlər qaydasındadır | Yoxlayıcı_ID: 641
73218933,Nərmin Vəliyeva,25/03/1974,,Orta məktəb,İşsiz,247,Nağd istehlak krediti,722,toy xərcləri,17.43,407.0,1,Xeyr,Xeyr,Rədd edilib,Aşağı kredit reytinqi
41591039, Rəna Hüseynova ,23/09/1975,,Magistr,Sahibkar,9755,Mikro kredit,"26,394",dövriyyə vəsaitlərinin artırılması - Biznes krediti,22.94,1114.0,2,Bəli,Xeyr,Təsdiqlənib,Müştərinin gəliri və krediti təsdiqləndi
67260205,Lalə Cəfərova,09/05/1984,Qadın,Orta məktəb,İşsiz,4,Nağd istehlak krediti,933,tibbi xərclər,15.57,322.0,1,Bəli,Bəli,Rədd edilib,'Qara siyahı'da olmaq
98391749,Zülfiyyə Səfərova,20/01/2007,,Bakalavr,Tələbə,245 AZN,Təhsil krediti,1161,dövriyyə vəsaitlərinin artırılması - Biznes krediti,24.99,527.0,0,,Xeyr,Təsdiqlənib,Müştərinin gəliri və krediti təsdiqləndi | Yoxlayıcı_ID: 527
68851670,Zülfiyyə Qasımova,1994-06-30,Q,Bakalavr,İşləyən,962,Nağd istehlak krediti,11996,toy xərcləri,21.55,553.0,3,Bəli,Xeyr,Təsdiqlənib,Müştərinin gəliri və krediti təsdiqləndi
85611816,Aylin Əhmədova,30/05/1968,qadin,Orta məktəb,İşsiz,160,Nağd istehlak krediti,781,təmir,15.64,512.0,1,Bəli,Xeyr,Təsdiqlənib,İş stajı yetərsizdir | Yoxlayıcı_ID: 934
43732932,Fidan Sultanova,08/12/1984,Q,Bakalavr,İşləyən,1515,Nağd istehlak krediti,11120,təmir,12.79,1321.0,2,Bəli,Xeyr,Təsdiqlənib,Müştərinin gəliri və krediti təsdiqləndi | Yoxlayıcı_ID: 841
27459251,Zeynəb İbrahimova,22/07/1974,,Magistr,İşləyən,1143,Nağd istehlak krediti,5001,məişət avadanlığı alışı,17.46,903.0,1,Xeyr,Xeyr,Təsdiqlənib,Bütün sənədlər qaydasındadır
66974432,Aysel Rzayeva,09-07-72,qadin,Orta məktəb,İşsiz,69,Nağd istehlak krediti,534,məişət avadanlığı alışı,10.96,206.0,0,,Xeyr,Rədd edilib,Aşağı kredit reytinqi
23056338,Ramin Əhmədov,01-06-04,Kişi,Magistr,Tələbə,253,Təhsil krediti,930,dövriyyə vəsaitlərinin artırılması - Biznes krediti,12.87,395.0,0,,Xeyr,Rədd edilib,Aşağı kredit reytinqi
75348880,Fatimə Rzayeva,1974-05-13,Q,Orta məktəb,İşsiz,215,Nağd istehlak krediti,830,məişət avadanlığı alışı,22.84,446.0,1,Bəli,Xeyr,Rədd edilib,Aşağı kredit reytinqi
31878500,Emin Səfərov,1994-10-14, kişi ,Magistr,İşləyən,1404,Nağd istehlak krediti,15206,məişət avadanlığı alışı,13.77,525.0,2,Bəli,Xeyr,Təsdiqlənib,'Qara siyahı'da olmaq
46286327,Zeynəb Vəliyeva,1983-10-15,qadin,Bakalavr tehsili,İşləyən,1962,Nağd istehlak krediti,14942,şəxsi istehlak məqsədi,24.84,753.0,0,,Xeyr,Təsdiqlənib,Bütün sənədlər qaydasındadır | Yoxlayıcı_ID: 726
48479304,Şəbnəm Nəsirova,1972-09-16,,Bakalavr,İşləyən,3374,Nağd istehlak krediti,11842,məişət avadanlığı alışı,15.27,770.0,3,Xeyr,Xeyr,Təsdiqlənib,Bütün sənədlər qaydasındadır | Yoxlayıcı_ID: 884
81747242,Kamal Rüstəmov,26/11/1974,,Bakalavr,İşləyən,3005,Avtomobil krediti,31706,şəxsi istehlak məqsədi,15.82,879.0,1,Xeyr,Xeyr,Təsdiqlənib,Bütün sənədlər qaydasındadır
40870855,Rauf Sultanov,20/06/1973,,Magistr,İşləyən,3329,Nağd istehlak krediti,14164,təmir,23.3,778.0,4,Bəli,Xeyr,Təsdiqlənib,Müştərinin gəliri və krediti təsdiqləndi
18705233,Məmmədov Sahil,1968-10-12,,Orta məktəb,İşsiz,176,Nağd istehlak krediti,506,tibbi xərclər,19.56,514.0,1,Bəli,Xeyr,Təsdiqlənib,Müştərinin gəliri və krediti təsdiqləndi
97655873,Şəbnəm Nəsirova,10-03-87,Q,Orta məktəb,İşsiz,8,Nağd istehlak krediti,569,tibbi xərclər,14.33,527.0,1,Bəli,Xeyr,Rədd edilib,Gəlir çatışmazlığı | Yoxlayıcı_ID: 470
68469187,Fidan Sultanova,2001-05-30,Qadın,Bakalavr tehsili,İşləyən,2069,Avtomobil krediti,33261 AZN,toy xərcləri,18.31,562.0,1,Xeyr,Xeyr,Təsdiqlənib,Bütün sənədlər qaydasındadır
54373203,Fərid Əhmədov,1984-06-02,,Bakalavr,İşləyən,3961,Nağd istehlak krediti,9372,toy xərcləri,15.55,1076.0,2,Xeyr,Xeyr,Təsdiqlənib,Müştərinin gəliri və krediti təsdiqləndi
41944893,Emin Quliyev,1979-03-31,Kişi,Orta məktəb,İşsiz,133,Nağd istehlak krediti,871,təmir,18.48,109.0,1,Bəli,Bəli,Rədd edilib,'Qara siyahı'da olmaq | Yoxlayıcı_ID: 904
44752414,Aydan Əhmədova,05-22-73,,Magistr,İşləyən,2354,Nağd istehlak krediti,10009,məişət avadanlığı alışı,16.41,791.0,2,Bəli,Xeyr,Təsdiqlənib,Müştərinin gəliri və krediti təsdiqləndi
25749043,lalə əhmədova,1980-05-19,qadin,Magistr,Sahibkar,3517,Mikro kredit,6219,əsas vəsaitlərin alınması - Biznes krediti,20.51,801.0,4,Bəli,Xeyr,Təsdiqlənib,Müştərinin gəliri və krediti təsdiqləndi
68580729,Samir Əhmədov,2007-03-16,K,Magistr,Tələbə,281,Təhsil krediti,1358,dövriyyə vəsaitlərinin artırılması - Biznes krediti,21.42,436.0,0,,Xeyr,Rədd edilib,Aşağı kredit reytinqi
33526361,Zülfiyyə Qasımova,2007-07-30,Q,Bakalavr,Tələbə,113,Təhsil krediti,525,dövriyyə vəsaitlərinin artırılması - Biznes krediti,19.69,540.0,0,,Xeyr,Təsdiqlənib,Müştərinin gəliri və krediti təsdiqləndi | Yoxlayıcı_ID: 965
83074496,Fərid Hüseynov,2006-04-14,,Bakalavr,Tələbə,286,Təhsil krediti,792,əsas vəsaitlərin alınması - Biznes krediti,16.88,,1,Xeyr,Xeyr,Rədd edilib,Aşağı kredit reytinqi
22912862,Nigar Tağıyeva,1973-06-26,qadin,Bakalavr,İşləyən,2386,Nağd istehlak krediti,14479,tibbi xərclər,12.05,1436.0,0,,Xeyr,Təsdiqlənib,Bütün sənədlər qaydasındadır
65858404,Orxan Vəliyev,12/02/1995,K,Bakalavr tehsili,İşləyən,1119,Nağd istehlak krediti,3058,toy xərcləri,17.84,1006.0,3,Bəli,Xeyr,Təsdiqlənib,Bütün sənədlər qaydasındadır
99782502,Kamal Quliyev,1962-05-13,K,Orta məktəb,İşsiz,,Nağd istehlak krediti,957,toy xərcləri,16.76,259.0,1,Xeyr,Xeyr,Rədd edilib,Aşağı kredit reytinqi
33504658,Rəşad Əliyev,22/02/1971, kişi ,Orta məktəb,İşsiz,296,Nağd istehlak krediti,735,şəxsi istehlak məqsədi,14.31,224.0,1,Xeyr,Xeyr,Rədd edilib,Aşağı kredit reytinqi | Yoxlayıcı_ID: 551
59610215,Murad Sultanov,1962-09-28,,Orta məktəb,İşsiz,150,Nağd istehlak krediti,336,toy xərcləri,16.83,509.0,1,Xeyr,Bəli,Rədd edilib,'Qara siyahı'da olmaq
50646964,Nigar Tağıyeva,1991-12-25,qadin,Bakalavr tehsili,Sahibkar,8629,Mikro kredit,33596,Biznes krediti,14.96,1174.0,5,Bəli,Xeyr,Təsdiqlənib,Müştərinin gəliri və krediti təsdiqləndi | Yoxlayıcı_ID: 186
56991531,Rəna Məmmədova,1999-05-05,Q,Magistr,İşləyən,1291,Nağd istehlak krediti,8237,tibbi xərclər,21.98,1284.0,4,Xeyr,Xeyr,Təsdiqlənib,Müştərinin gəliri və krediti təsdiqləndi
41833212,Aysel Cəfərova,01-30-07,Qadın,Magistr,Tələbə,100,Təhsil krediti,948,əsas vəsaitlərin alınması - Biznes krediti,24.23,634.0,1,Xeyr,Xeyr,Təsdiqlənib,Bütün sənədlər qaydasındadır
86472785,Günel Quliyeva,21/04/1997,Q,Magistr,İşləyən,1547,Avtomobil krediti,30083,məişət avadanlığı alışı,16.43,1087.0,0,,Xeyr,Təsdiqlənib,Müştərinin gəliri və krediti təsdiqləndi | Yoxlayıcı_ID: 724
64989169,Hüseyn Quliyev,03-27-96,Kişi,Orta məktəb,İşsiz,42,Nağd istehlak krediti,981,təmir,19.03,206.0,1,Bəli,Bəli,Rədd edilib,'Qara siyahı'da olmaq
90763969,Əhmədova Rəna,27/11/2005,Qadın,Magistr,Tələbə,288,Təhsil krediti,2542,dövriyyə vəsaitlərinin artırılması - Biznes krediti,18.12,608.0,0,,Xeyr,Təsdiqlənib,Müştərinin gəliri və krediti təsdiqləndi
93222196,Uğur Quliyev,18/07/1994,,Bakalavr,İşləyən,2759,Nağd istehlak krediti,2944,tibbi xərclər,22.14,1060.0,0,,Xeyr,Təsdiqlənib,Müştərinin gəliri və krediti təsdiqləndi | Yoxlayıcı_ID: 465
46904431,Aylin Səfərova,08-06-92,Q,Magistr,İşləyən,1901,Nağd istehlak krediti,18223 AZN,məişət avadanlığı alışı,19.97,1205.0,3,Xeyr,Xeyr,Təsdiqlənib,Müştərinin gəliri və krediti təsdiqləndi
50055546,Şəbnəm Hüseynova,1974-01-26,qadin,Bakalavr tehsili,İşləyən,3910,Nağd istehlak krediti,14633 AZN,tibbi xərclər,18.04,1003.0,0,,Xeyr,Təsdiqlənib,Bütün sənədlər qaydasındadır
36638766,Fidan Rüstəmova,27/07/1992,Qadın,Bakalavr tehsili,İşləyən,3053,Nağd istehlak krediti,12902 AZN,təmir,12.53,1262.0,3,Bəli,Xeyr,Təsdiqlənib,Müştərinin gəliri və krediti təsdiqləndi | Yoxlayıcı_ID: 200
47813064,Ramin Cavadov,29/05/1989,K,Bakalavr,İşləyən,1111,Nağd istehlak krediti,13130,təmir,11.91,1051.0,2,Bəli,Xeyr,Təsdiqlənib,Bütün sənədlər qaydasındadır
79903805,Fatimə Vəliyeva,05-04-90,,Bakalavr tehsili,Sahibkar,6876,Mikro kredit,38734,dövriyyə vəsaitlərinin artırılması - Biznes krediti,12.81,1429.0,8,Xeyr,Xeyr,Təsdiqlənib,Bütün sənədlər qaydasındadır
20976199,Anar Səfərov,1984-03-15,K,Magistr,İşləyən,3714,Nağd istehlak krediti,19439,şəxsi istehlak məqsədi,14.73,1434.0,2,Xeyr,Xeyr,Təsdiqlənib,Bütün sənədlər qaydasındadır
94803030,Ləman Səfərova,1998-07-24,,Bakalavr tehsili,İşləyən,1297,Nağd istehlak krediti,12749,toy xərcləri,23.89,851.0,2,Xeyr,Xeyr,Təsdiqlənib,Müştərinin gəliri və krediti təsdiqləndi
79534593,Emin Tağıyev,07-08-07, kişi ,Bakalavr tehsili,Tələbə,298,Təhsil krediti,675,əsas vəsaitlərin alınması - Biznes krediti,17.1,623.0,1,Bəli,Xeyr,Təsdiqlənib,Müştərinin gəliri və krediti təsdiqləndi
83917652,Məhəmməd Babayev,1975-12-28,Kişi,Bakalavr tehsili,İşləyən,,Nağd istehlak krediti,5774,məişət avadanlığı alışı,12.99,551.0,1,Bəli,Xeyr,Təsdiqlənib,Bütün sənədlər qaydasındadır
87743482,Uğur Hüseynov,05-04-87,Kişi,Bakalavr tehsili,Sahibkar,6160,Mikro kredit,48793,Biznes krediti,20.42,1307.0,4,Bəli,Xeyr,Təsdiqlənib,Müştərinin gəliri və krediti təsdiqləndi
46515722,Zeynəb Vəliyeva,2004-12-27,,Bakalavr,Tələbə,171,Təhsil krediti,2549,dövriyyə vəsaitlərinin artırılması - Biznes krediti,17.62,689.0,0,,Xeyr,Təsdiqlənib,Bütün sənədlər qaydasındadır | Yoxlayıcı_ID: 907
12732052,Ləman Rüstəmova,31/12/1988,Q,Bakalavr tehsili,Sahibkar,8677,Mikro kredit,72213,dövriyyə vəsaitlərinin artırılması - Biznes krediti,19.27,1427.0,6,Xeyr,Xeyr,Təsdiqlənib,Bütün sənədlər qaydasındadır
57431021,Lalə Quliyeva,1974-11-09,,Bakalavr,Sahibkar,4564,Mikro kredit,35981,dövriyyə vəsaitlərinin artırılması - Biznes krediti,14.43,1418.0,8,Bəli,Xeyr,Təsdiqlənib,Müştərinin gəliri və krediti təsdiqləndi | Yoxlayıcı_ID: 581
38403268,Fərid Abdullayev,1995-01-17,,Orta məktəb,İşsiz,140,Nağd istehlak krediti,394,tibbi xərclər,19.4,487.0,2,Xeyr,Xeyr,Rədd edilib,Aşağı kredit reytinqi
52402659,Nihat Cəfərov,11-29-85,Kişi,Magistr,Sahibkar,8324,Mikro kredit,14813,Biznes krediti,20.34,889.0,8,Xeyr,Xeyr,Təsdiqlənib,Müştərinin gəliri və krediti təsdiqləndi
56119473,Fidan Əliyeva,08/01/1998,Qadın,Magistr,İşləyən,3556,Avtomobil krediti,9321,tibbi xərclər,17.17,1502.0,4,Xeyr,Xeyr,Təsdiqlənib,Bütün sənədlər qaydasındadır
65540668,Ramin Rzayev,11-24-95,K,Bakalavr tehsili,İşləyən,2278,Nağd istehlak krediti,3963,təmir,24.17,869.0,1,Bəli,Xeyr,Təsdiqlənib,Bütün sənədlər qaydasındadır | Yoxlayıcı_ID: 583
70946389,Cəfərov Elvin,11-14-02, kişi ,Bakalavr tehsili,Tələbə,133,Təhsil krediti,910,Biznes krediti,18.1,315.0,0,,Xeyr,Rədd edilib,Aşağı kredit reytinqi
70705052,Səbinə Nəsirova,1986-04-05,,Magistr,İşləyən,3173,Nağd istehlak krediti,"18,411",tibbi xərclər,15.06,978.0,3,Xeyr,Xeyr,Təsdiqlənib,Müştərinin gəliri və krediti təsdiqləndi
74382838,Yusif Sultanov,09/07/1987,K,Bakalavr,İşləyən,2957,Avtomobil krediti,8445,təmir,22.73,1228.0,1,Xeyr,Xeyr,Təsdiqlənib,Bütün sənədlər qaydasındadır | Yoxlayıcı_ID: 953
73917448,Aysel Məmmədova,2000-10-03,qadin,Bakalavr tehsili,İşləyən,2921,Nağd istehlak kriditi,3202,məişət avadanlığı alışı,21.58,1260.0,4,Bəli,Xeyr,Təsdiqlənib,Müştərinin gəliri və krediti təsdiqləndi
52773995,Kamal Rzayev,2006-01-10, kişi ,Bakalavr,Tələbə,242,Təhsil krediti,1738,əsas vəsaitlərin alınması - Biznes krediti,23.62,743.0,0,,Xeyr,Təsdiqlənib,Müştərinin gəliri və krediti təsdiqləndi
52543548,Rəna Sultanova,1989-03-29,,Bakalavr tehsili,Sahibkar,5131,Mikro kredit,92547,dövriyyə vəsaitlərinin artırılması - Biznes krediti,18.25,1151.0,4,Bəli,Xeyr,Təsdiqlənib,Müştərinin gəliri və krediti təsdiqləndi
10819582,Cavid Əliyev,2004-10-14,K,Bakalavr,Tələbə,226,Təhsil krediti,1115,dövriyyə vəsaitlərinin artırılması - Biznes krediti,11.65,309.0,1,Xeyr,Xeyr,Rədd edilib,Aşağı kredit reytinqi
32508627, Samir Tağıyev ,1978-10-16,K,Bakalavr,İşləyən,948,Nağd istehlak krediti,5302,təmir,13.15,440.0,1,Bəli,Xeyr,Rədd edilib,Aşağı kredit reytinqi | Yoxlayıcı_ID: 722
69503431,Hüseyn Cavadov,09/08/1978,Kişi,Orta məktəb,İşsiz,179,Nağd istehlak krediti,644,tibbi xərclər,24.16,482.0,2,Bəli,Bəli,Rədd edilib,'Qara siyahı'da olmaq
55598079,Şəbnəm Babayeva,11/03/1988,,Bakalavr tehsili,İşləyən,2268,Nağd istehlak krediti,16703,təmir,18.06,660.0,2,Bəli,Xeyr,Təsdiqlənib,Müştərinin gəliri və krediti təsdiqləndi
95143420,Nihat Səfərov,09/03/1972,K,Bakalavr,İşləyən,1243,Avtomobil krediti,27500,toy xərcləri,20.39,1065.0,1,Xeyr,Xeyr,Təsdiqlənib,Müştərinin gəliri və krediti təsdiqləndi
63372759,Babayeva Aydan,01-18-00,qadin,Orta məktəb,İşsiz,108,Nağd istehlak krediti,896,təmir,24.04,114.0,1,Bəli,Xeyr,Rədd edilib,Aşağı kredit reytinqi | Yoxlayıcı_ID: 407
75505470,Ləman Cavadova,02/10/1989,,Bakalavr tehsili,İşləyən,2573,Avtomobil krediti,22148,məişət avadanlığı alışı,14.57,1393.0,1,Bəli,Xeyr,Təsdiqlənib,Müştərinin gəliri və krediti təsdiqləndi | Yoxlayıcı_ID: 807
11457384,Rəna Məmmədova,1983-10-02,Qadın,Bakalavr,İşləyən,3057,Nağd istehlak krediti,17442,tibbi xərclər,12.19,1109.0,4,Bəli,Xeyr,Təsdiqlənib,Bütün sənədlər qaydasındadır
25740339,Əliyev Ramin,09/09/2003,K,Bakalavr tehsili,Tələbə,229,Təhsil krediti,2163,dövriyyə vəsaitlərinin artırılması - Biznes krediti,11.29,483.0,1,Xeyr,Xeyr,Rədd edilib,Aşağı kredit reytinqi | Yoxlayıcı_ID: 275
22336439,Rəhimov Samir,10-17-93,,Magistr,İşləyən,3960,Nağd istehlak krediti,10475,məişət avadanlığı alışı,20.21,1259.0,2,Bəli,Xeyr,Təsdiqlənib,Müştərinin gəliri və krediti təsdiqləndi
49175725,Cavid Səfərov,29/05/1974,Kişi,Bakalavr,Sahibkar,8311,Mikro kredit,50753,Biznes krediti,19.33,1018.0,2,Bəli,Xeyr,Təsdiqlənib,Bütün sənədlər qaydasındadır
23111921,Ayan İsmayılova,1979-05-15,Q,Bakalavr,İşləyən,"1,889",Nağd istehlak krediti,13806,şəxsi istehlak məqsədi,19.38,1161.0,4,Bəli,Xeyr,Təsdiqlənib,Bütün sənədlər qaydasındadır
49703614,Tağıyeva Məryəm,19/09/1999,Qadın,Bakalavr,İşləyən,1940,Nağd istehlak krediti,10492,şəxsi istehlak məqsədi,11.8,646.0,1,Xeyr,Xeyr,Təsdiqlənib,Bütün sənədlər qaydasındadır
39270785,Kəmalə Rəhimova,07-25-77,Q,Bakalavr,Sahibkar,8490,Mikro kredit,78580,dövriyyə vəsaitlərinin artırılması - Biznes krediti,23.38,,3,Xeyr,Xeyr,Təsdiqlənib,Bütün sənədlər qaydasındadır
55544491,Anar Əliyev,1998-06-09,,Bakalavr tehsili,İşləyən,2559 manat,Nağd istehlak krediti,1208,toy xərcləri,16.89,1169.0,0,,Xeyr,Təsdiqlənib,Bütün sənədlər qaydasındadır
43620343,Rauf Babayev,01-23-77,Kişi,Bakalavr tehsili,Sahibkar,8835,Mikro kredit,32972,dövriyyə vəsaitlərinin artırılması - Biznes krediti,18.7,1671.0,5,Xeyr,Xeyr,Təsdiqlənib,Bütün sənədlər qaydasındadır
67871511, Murad Rzayev ,1986-08-29, kişi ,Magistr,İşləyən,3223,Nağd istehlak krediti,7056,təmir,23.84,866.0,1,Xeyr,Xeyr,Təsdiqlənib,Müştərinin gəliri və krediti təsdiqləndi
57897161,rəna qasımova,12/12/1994,,Bakalavr tehsili,İşləyən,945,Avtomobil krediti,33997,toy xərcləri,22.22,1596.0,2,Bəli,Xeyr,Rədd edilib,Gəlir çatışmazlığı
22439650,Aylin Məmmədova,1975-03-31,qadin,Bakalavr tehsili,İşləyən,3207,Nağd istehlak krediti,17291,məişət avadanlığı alışı,16.72,718.0,1,Xeyr,Xeyr,Təsdiqlənib,Müştərinin gəliri və krediti təsdiqləndi
75964126,Fatimə Əliyeva,12/10/1996,,Magistr,İşləyən,1465,Nağd istehlak krediti,3222,məişət avadanlığı alışı,16.12,,1,Xeyr,Xeyr,Rədd edilib,Aşağı kredit reytinqi
62961480,Ramin Tağıyev,1961-08-14,K,Orta məktəb,İşsiz,374,Nağd istehlak krediti,534,təmir,24.68,541.0,1,Bəli,Xeyr,Təsdiqlənib,Müştərinin gəliri və krediti təsdiqləndi
40006048,Lalə Hüseynova,1978-03-01,Qadın,Bakalavr,İşləyən,1939,Nağd istehlak krediti,1843,şəxsi istehlak məqsədi,16.48,890.0,2,Bəli,Xeyr,Təsdiqlənib,Bütün sənədlər qaydasındadır | Yoxlayıcı_ID: 501
10077445,Ayan Tağıyeva,30/04/2006,Q,Bakalavr,Tələbə,209,Təhsil krediti,2848 manat,dövriyyə vəsaitlərinin artırılması - Biznes krediti,12.34,799.0,0,,Xeyr,Təsdiqlənib,Bütün sənədlər qaydasındadır
41314591,Fidan Əhmədova,11-07-04,qadin,Bakalavr tehsili,Tələbə,256,Təhsil krediti,567,dövriyyə vəsaitlərinin artırılması - Biznes krediti,18.04,699.0,0,,Xeyr,Təsdiqlənib,Müştərinin gəliri və krediti təsdiqləndi | Yoxlayıcı_ID: 513
26761066,Ramin Əhmədov,09-26-92,,Magistr,İşləyən,3431,Nağd istehlak krediti,16045,şəxsi istehlak məqsədi,14.21,831.0,3,Xeyr,Xeyr,Təsdiqlənib,Bütün sənədlər qaydasındadır
34411979,Ləman Qasımova,1981-03-23,,Magistr,Sahibkar,8628,Mikro kredit,18671,əsas vəsaitlərin alınması - Biznes krediti,16.07,1049.0,6,Bəli,Xeyr,Təsdiqlənib,Bütün sənədlər qaydasındadır | Yoxlayıcı_ID: 248
26332448,Rəna İbrahimova,1991-11-05,Q,Orta məktəb,İşsiz,168,Nağd istehlak krediti,458,toy xərcləri,16.18,201.0,1,Bəli,Xeyr,Rədd edilib,Aşağı kredit reytinqi
51901094,Nihat Cəfərov,1977-05-19,,Orta məktəb,İşsiz,348,Nağd istehlak krediti,475,tibbi xərclər,16.36,211.0,0,,Bəli,Rədd edilib,'Qara siyahı'da olmaq
53343516,Əli Quliyev,1996-08-15,Kişi,Magistr,İşləyən,1876,Nağd istehlak krediti,13325,toy xərcləri,11.16,1126.0,3,Xeyr,Xeyr,Təsdiqlənib,Müştərinin gəliri və krediti təsdiqləndi
87425867,Fatimə Əliyeva,1996-06-20,,Magistr,İşləyən,1652 AZN,Nağd istehlak krediti,13701,məişət avadanlığı alışı,16.82,578.0,0,,Xeyr,Təsdiqlənib,Müştərinin gəliri və krediti təsdiqləndi | Yoxlayıcı_ID: 691
45470427,Lalə Cavadova,11/04/2007,,Magistr,Tələbə,169 AZN,Təhsil krediti,1241,əsas vəsaitlərin alınması - Biznes krediti,23.37,535.0,1,Bəli,Xeyr,Təsdiqlənib,Müştərinin gəliri və krediti təsdiqləndi | Yoxlayıcı_ID: 150
66445502,Rəna Quliyeva,1992-04-19,Qadın,Orta məktəb,İşsiz,86,Nağd istehlak krediti,727,tibbi xərclər,17.03,418.0,1,Xeyr,Xeyr,Rədd edilib,Aşağı kredit reytinqi
50068573, Səbinə Sultanova ,27/03/1981,,Magistr,İşləyən,1132,Nağd istehlak krediti,3661,şəxsi istehlak məqsədi,24.44,494.0,2,Bəli,Xeyr,Rədd edilib,Aşağı kredit reytinqi
96796287,Ramin Nəsirov,04-07-87, kişi ,Bakalavr tehsili,İşləyən,1577,Nağd istehlak krediti,16268,təmir,22.17,1360.0,1,Xeyr,Xeyr,Təsdiqlənib,Bütün sənədlər qaydasındadır
79259499,Günel Tağıyeva,22/02/1995,qadin,Magistr,İşləyən,1127,Nağd istehlak krediti,12892,Təmir,14.19,635.0,3,Bəli,Bəli,Rədd edilib,'Qara siyahı'da olmaq
88864706,Şəbnəm Qasımova,31/10/2005,qadin,Bakalavr,Tələbə,186,Təhsil krediti,1537,əsas vəsaitlərin alınması - Biznes krediti,24.27,574.0,0,,Xeyr,Təsdiqlənib,Müştərinin gəliri və krediti təsdiqləndi
47504070,Ramin Məmmədov,2005-05-25, kişi ,Magistr,Tələbə,292,Təhsil krediti,2213,Biznes krediti,16.67,273.0,0,,Xeyr,Rədd edilib,Aşağı kredit reytinqi
75462686,samir sultanov,1990-12-31,,Bakalavr,Sahibkar,3973,Mikro kredit,38254,Biznes krediti,15.21,972.0,4,Xeyr,Xeyr,Təsdiqlənib,Bütün sənədlər qaydasındadır | Yoxlayıcı_ID: 571
16817216,Sevinc Səfərova,26/07/1961,Qadın,Orta məktəb,İşsiz,392,Nağd istehlak krediti,791,şəxsi istehlak məqsədi,16.91,375.0,1,Xeyr,Xeyr,Rədd edilib,Aşağı kredit reytinqi
26204108,Fatimə Hüseynova,12/11/2006,Qadın,Bakalavr tehsili,Tələbə,221 manat,Təhsil krediti,1626,əsas vəsaitlərin alınması - Biznes krediti,22.97,696.0,0,,Xeyr,Təsdiqlənib,Bütün sənədlər qaydasındadır
66316716,Məryəm Hüseynova,1995-08-02,,Magistr,Sahibkar,4136,Mikro kredit,42835,dövriyyə vəsaitlərinin artırılması - Biznes krediti,12.75,,5,Xeyr,Xeyr,Təsdiqlənib,Müştərinin gəliri və krediti təsdiqləndi
51590104,Nigar Məmmədova,04/02/2004,Q,Magistr,Tələbə,293,Təhsil krediti,2166 AZN,Biznes krediti,11.72,624.0,0,,Xeyr,Təsdiqlənib,Bütün sənədlər qaydasındadır
44354799,Nihat Babayev,1984-01-22,,Orta məktəb,İşsiz,275,Nağd istehlak krediti,651,təmir,14.12,443.0,0,,Xeyr,Rədd edilib,Aşağı kredit reytinqi
43584169,Kamal Səfərov,1979-04-08,Kişi,Magistr,Sahibkar,6462,Mikro kredit,72176,Biznes krediti,13.8,1519.0,4,Xeyr,Xeyr,Təsdiqlənib,Bütün sənədlər qaydasındadır | Yoxlayıcı_ID: 742
42773991,Ramin Əhmədov,1968-08-25,K,Orta məktəb,İşsiz,136,Nağd istehlak krediti,610,toy xərcləri,21.25,205.0,1,Xeyr,Xeyr,Rədd edilib,Aşağı kredit reytinqi
44169515,Nigar Qasımova,02-19-05,,Magistr,Tələbə,284,Təhsil krediti,1092,Biznes krediti,23.25,234.0,0,,Xeyr,Rədd edilib,Aşağı kredit reytinqi
82439366,Rauf Sultanov,2000-09-07,,Orta məktəb,İşsiz,70,Nağd istehlak krediti,770,məişət avadanlığı alışı,22.25,355.0,2,Xeyr,Xeyr,Rədd edilib,Aşağı kredit reytinqi
31512329,Aydan Qasımova,09-01-94,Q,Bakalavr,İşləyən,1977,Avtomobil krediti,39383,şəxsi istehlak məqsədi,16.64,618.0,0,,Bəli,Rədd edilib,'Qara siyahı'da olmaq
29475721, Lalə Cəfərova ,2005-04-18,Q,Magistr,Tələbə,185,Təhsil krediti,1422,əsas vəsaitlərin alınması - Biznes krediti,20.95,764.0,0,,Xeyr,Təsdiqlənib,Müştərinin gəliri və krediti təsdiqləndi | Yoxlayıcı_ID: 917
15435225,Məhəmməd Əhmədov,09-03-84,,Magistr,İşləyən,3789,Nağd istehlak krediti,19783,tibbi xərclər,12.33,911.0,1,Bəli,Xeyr,Təsdiqlənib,Müştərinin gəliri və krediti təsdiqləndi
45853875,Səfərova Aylin,1971-08-13,Qadın,Magistr,İşləyən,1083,Avtomobil krediti,33245,təmir,15.99,1111.0,2,Xeyr,Xeyr,Rədd edilib,Gəlir çatışmazlığı
20263136,Fərid Qasımov,10-26-98,K,Magistr,İşləyən,1575,Avtomobil krediti,18576,toy xərcləri,18.71,1253.0,1,Xeyr,Xeyr,Təsdiqlənib,Müştərinin gəliri və krediti təsdiqləndi
56869222,Samir Cavadov,08-31-89,Kişi,Orta məktəb,İşsiz,75,Nağd istehlak krediti,766,məişət avadanlığı alışı,20.74,342.0,1,Bəli,Xeyr,Rədd edilib,Aşağı kredit reytinqi
52808235,Zeynəb Vəliyeva,2005-01-12,Qadın,Bakalavr tehsili,Tələbə,245,Təhsil krediti,2412,Biznes krediti,24.51,460.0,1,Bəli,Xeyr,Rədd edilib,Aşağı kredit reytinqi
36272185,Yusif Sultanov,1981-11-06,K,Bakalavr,İşləyən,2077,Nağd istehlak krediti,12459,şəxsi istehlak məqsədi,12.07,828.0,4,Xeyr,Bəli,Rədd edilib,'Qara siyahı'da olmaq
18873036,Rəna Hüseynova,1972-07-31,qadin,Bakalavr tehsili,İşləyən,889,Avtomobil krediti,36378,təmir,12.39,714.0,1,Xeyr,Xeyr,Rədd edilib,Gəlir çatışmazlığı
78886170,Kamal Cavadov,08/09/2004, kişi ,Bakalavr,Tələbə,266,Təhsil krediti,2691,dövriyyə vəsaitlərinin artırılması - Biznes krediti,16.8,592.0,0,,Xeyr,Təsdiqlənib,Müştərinin gəliri və krediti təsdiqləndi
36413270,Orxan Nəsirov,09/05/1982, kişi ,Orta məktəb,İşsiz,23,Nağd istehlak krediti,940,məişət avadanlığı alışı,17.31,348.0,2,Bəli,Bəli,Rədd edilib,'Qara siyahı'da olmaq
99682609,Rəşad Nəsirov,27/06/2006,K,Magistr,Tələbə,113,Təhsil krediti,1944,Biznes krediti,24.17,493.0,1,Bəli,Xeyr,Rədd edilib,Aşağı kredit reytinqi
78741867,fərid rzayev,2004-01-18,,Bakalavr,Tələbə,295,Təhsil krediti,2961,Biznes krediti,24.92,639.0,0,,Xeyr,Təsdiqlənib,Bütün sənədlər qaydasındadır
50577460,Tural Əliyev,2004-05-16, kişi ,Magistr,Tələbə,212,Təhsil krediti,2673,Biznes krediti,16.89,422.0,0,,Xeyr,Rədd edilib,Aşağı kredit reytinqi | Yoxlayıcı_ID: 782
85963112,Günel Abdullayeva,1995-05-07,Qadın,Bakalavr tehsili,Sahibkar,8541,Mikro kredit,84676,əsas vəsaitlərin alınması - Biznes krediti,15.95,1372.0,4,Bəli,Xeyr,Təsdiqlənib,Müştərinin gəliri və krediti təsdiqləndi
64740758,Zülfiyyə Əliyeva,03-07-89,Q,Bakalavr tehsili,Sahibkar,6991,Mikro kredit,16864,Biznes krediti,18.77,1397.0,2,Xeyr,Xeyr,Təsdiqlənib,Müştərinin gəliri və krediti təsdiqləndi
31784888,Hüseyn İsmayılov,1976-06-03,Kişi,Bakalavr tehsili,İşləyən,1417,Nağd istehlak krediti,9997,təmir,23.05,776.0,4,Bəli,Xeyr,Təsdiqlənib,Bütün sənədlər qaydasındadır
22428252,Anar Babayev,09-27-94,K,Magistr,İşləyən,3107 AZN,Nağd istehlak krediti,3900,təmir,17.3,873.0,1,Xeyr,Xeyr,Təsdiqlənib,Müştərinin gəliri və krediti təsdiqləndi
24223357,Ləman Quliyeva,1975-01-13,Q,Bakalavr,İşləyən,936,Nağd istehlak krediti,19983,şəxsi istehlak məqsədi,20.96,914.0,3,Xeyr,Bəli,Rədd edilib,'Qara siyahı'da olmaq
26922462,Aysel İbrahimova,2005-07-21,Qadın,Bakalavr,Tələbə,289,Təhsil krediti,1844,əsas vəsaitlərin alınması - Biznes krediti,19.41,773.0,0,,Xeyr,Təsdiqlənib,Bütün sənədlər qaydasındadır
80686299,Sevinc Əliyeva,10-20-86,Q,Bakalavr,İşləyən,2940,Nağd istehlak krediti,17549,tibbi xərclər,17.24,1272.0,4,Xeyr,Xeyr,Təsdiqlənib,Bütün sənədlər qaydasındadır | Yoxlayıcı_ID: 527
38081709,Rəşad Hüseynov,1979-01-29,K,Magistr,Sahibkar,9530,Mikro kredit,17424,Biznes krediti,16.92,1366.0,8,Bəli,Xeyr,Təsdiqlənib,Müştərinin gəliri və krediti təsdiqləndi
50351573,Kəmalə Nəsirova,1981-06-26,Q,Orta məktəb,İşsiz,20,Nağd istehlak krediti,479,məişət avadanlığı alışı,16.65,372.0,0,,Xeyr,Rədd edilib,Aşağı kredit reytinqi
16418053,Məhəmməd Səfərov,2006-04-28,Kişi,Bakalavr tehsili,Tələbə,285,Təhsil krediti,2857,dövriyyə vəsaitlərinin artırılması - Biznes krediti,20.51,219.0,0,,Xeyr,Rədd edilib,Aşağı kredit reytinqi
95555153,Anar Babayev,1994-02-26,,Bakalavr tehsili,İşləyən,1971,Nağd istehlak krediti,19680 AZN,tibbi xərclər,12.56,885.0,3,Xeyr,Xeyr,Təsdiqlənib,Bütün sənədlər qaydasındadır | Yoxlayıcı_ID: 938
43202604,Səbinə İbrahimova,23/04/1982,,Bakalavr,Sahibkar,6933,Mikro kredit,14136,dövriyyə vəsaitlərinin artırılması - Biznes krediti,11.86,1041.0,3,Bəli,Xeyr,Təsdiqlənib,Bütün sənədlər qaydasındadır
86315814,Orxan Rüstəmov,31/05/1997,Kişi,Magistr,İşləyən,1317,Nağd istehlak krediti,13120,tibbi xərclər,13.75,514.0,1,Bəli,Xeyr,Təsdiqlənib,Müştərinin gəliri və krediti təsdiqləndi
34314951,Zeynəb Rəhimova,1989-04-18,Q,Magistr,İşləyən,3231,Nağd istehlak krediti,16216,məişət avadanlığı alışı,21.72,1221.0,1,Bəli,Xeyr,Təsdiqlənib,Müştərinin gəliri və krediti təsdiqləndi
64597515,Murad İbrahimov,2005-08-29,Kişi,Magistr,Tələbə,166,Təhsil krediti,2200,əsas vəsaitlərin alınması - Biznes krediti,23.17,713.0,1,Bəli,Xeyr,Təsdiqlənib,Bütün sənədlər qaydasındadır
68286173,Murad Vəliyev,1993-02-05,Kişi,Bakalavr tehsili,İşləyən,2764,Avtomobil krediti,8911,təmir,22.24,1207.0,0,,Xeyr,Təsdiqlənib,Müştərinin gəliri və krediti təsdiqləndi | Yoxlayıcı_ID: 878
33823380,Elvin Əliyev,26/01/1991,Kişi,Bakalavr,İşləyən,1098,Nağd istehlak krediti,5118,şəxsi istehlak məqsədi,14.76,1395.0,2,Bəli,Xeyr,Təsdiqlənib,Müştərinin gəliri və krediti təsdiqləndi
71368168,nigar babayeva,05/04/1961,Q,Orta məktəb,İşsiz,360,Nağd istehlak krediti,608,təmir,17.96,521.0,1,Bəli,Xeyr,Təsdiqlənib,'Qara siyahı'da olmaq
79464077,Murad Cəfərov,2002-04-07,,Magistr,İşləyən,2000,Nağd istehlak krediti,14256,məişət avadanlığı alışı,20.44,435.0,4,Bəli,Xeyr,Rədd edilib,Aşağı kredit reytinqi
12459241,samir hüseynov,11-24-03, kişi ,Bakalavr,Tələbə,136,Təhsil krediti,1665,Biznes krediti,21.27,514.0,0,,Xeyr,Təsdiqlənib,Müştərinin gəliri və krediti təsdiqləndi
75425444,Orxan Rəhimov,17/12/1982, kişi ,Magistr,İşləyən,2900,Nağd istehlak krediti,6982,tibbi xərclər,11.75,1397.0,3,Bəli,Xeyr,Təsdiqlənib,Müştərinin gəliri və krediti təsdiqləndi | Yoxlayıcı_ID: 415
30973799,Cavid Nəsirov,1976-10-30, kişi ,Magistr,Sahibkar,2501,Mikro kredit,36133,dövriyyə vəsaitlərinin artırılması - Biznes krediti,23.97,1370.0,8,Xeyr,Xeyr,Təsdiqlənib,Zaminlik məsələləri | Yoxlayıcı_ID: 746
32276694,elvin qasımov,1981-05-19, kişi ,Bakalavr tehsili,İşləyən,1435,Nağd istehlak krediti,18425,tibbi xərclər,22.35,974.0,0,,Xeyr,Təsdiqlənib,Bütün sənədlər qaydasındadır
80077312,Cavid Rzayev,2003-02-16,,Bakalavr,Tələbə,227,Təhsil krediti,1422,əsas vəsaitlərin alınması - Biznes krediti,11.01,433.0,0,,Xeyr,Rədd edilib,Aşağı kredit reytinqi | Yoxlayıcı_ID: 535
56126045,Zəhra Nəsirova,1984-11-09,qadin,Bakalavr,Sahibkar,3695 AZN,Mikro kredit,75766,Biznes krediti,19.56,1401.0,5,Xeyr,Xeyr,Təsdiqlənib,Müştərinin gəliri və krediti təsdiqləndi
34020428,Nigar İsmayılova,09-26-77,Qadın,Bakalavr,İşləyən,3167,Nağd istehlak krediti,3808,şəxsi istehlak məqsədi,19.86,1421.0,0,,Xeyr,Təsdiqlənib,Müştərinin gəliri və krediti təsdiqləndi | Yoxlayıcı_ID: 216
19214978,Ayan Cəfərova,19/07/1993,Qadın,Magistr,İşləyən,,Nağd istehlak krediti,7519,tibbi xərclər,24.68,1174.0,2,Bəli,Xeyr,Təsdiqlənib,Bütün sənədlər qaydasındadır
61294509,Fatimə Məmmədova,07-13-88,Q,Bakalavr tehsili,İşləyən,2016,Nağd istehlak krediti,2361,toy xərcləri,18.27,446.0,3,Xeyr,Xeyr,Rədd edilib,Aşağı kredit reytinqi
47645182,Quliyeva Aysel,09/08/2007,,Bakalavr,Tələbə,293,Təhsil krediti,758,dövriyyə vəsaitlərinin artırılması - Biznes krediti,13.27,396.0,1,Xeyr,Xeyr,Rədd edilib,Aşağı kredit reytinqi
53232434,Fatimə Cəfərova,1999-03-20,qadin,Bakalavr tehsili,İşləyən,1476,Nağd istehlak krediti,6025 AZN,məişət avadanlığı alışı,23.64,639.0,2,Bəli,Bəli,Rədd edilib,'Qara siyahı'da olmaq
75884371,Günel Hüseynova,26/10/1987,Q,Orta məktəb,İşsiz,20,Nağd istehlak krediti,712,təmir,22.95,310.0,2,Xeyr,Xeyr,Rədd edilib,Aşağı kredit reytinqi
84255984,Zeynəb Abdullayeva,1983-09-19,Qadın,Bakalavr,İşləyən,2337,Avtomobil krediti,14188,təmir,21.65,871.0,4,Bəli,Xeyr,Təsdiqlənib,Müştərinin gəliri və krediti təsdiqləndi
73724596,Yusif Səfərov,12-20-88,K,Bakalavr tehsili,İşləyən,1652,Nağd istehlak krediti,11192,şəxsi istehlak məqsədi,12.73,1284.0,4,Bəli,Xeyr,Təsdiqlənib,Müştərinin gəliri və krediti təsdiqləndi
95230636,sahil məmmədov,24/11/1998, kişi ,Orta məktəb,İşsiz,237,Nağd istehlak krediti,966 AZN,təmir,11.44,477.0,1,Bəli,Xeyr,Rədd edilib,Aşağı kredit reytinqi
33145280,Əli Rzayev,05-05-95, kişi ,Bakalavr,İşləyən,3551,Nağd istehlak krediti,10905,tibbi xərclər,24.45,1265.0,0,,Xeyr,Təsdiqlənib,Müştərinin gəliri və krediti təsdiqləndi | Yoxlayıcı_ID: 908
56022850,Uğur İsmayılov,06-23-94,K,Orta məktəb,İşsiz,61 manat,Nağd istehlak krediti,954,şəxsi istehlak məqsədi,19.84,117.0,0,,Xeyr,Rədd edilib,Aşağı kredit reytinqi
70582359,Samir Cavadov,09-14-87,Kişi,Magistr,İşləyən,1722,Nağd istehlak krediti,9465,təmir,23.41,1486.0,1,Bəli,Xeyr,Təsdiqlənib,Müştərinin gəliri və krediti təsdiqləndi
39245638,Cavadov Hüseyn,27/02/2003,K,Magistr,Tələbə,273,Təhsil krediti,881 AZN,Biznes krediti,16.64,586.0,1,Bəli,Xeyr,Təsdiqlənib,Bütün sənədlər qaydasındadır | Yoxlayıcı_ID: 674
22195621,Məhəmməd Abdullayev,05-31-63,Kişi,Orta məktəb,İşsiz,14,Nağd istehlak krediti,540224,tibbi xərclər,12.78,330.0,1,Bəli,Xeyr,Rədd edilib,Aşağı kredit reytinqi
18811260,Aydan Nəsirova,12-31-81,,Bakalavr,Sahibkar,6960,Mikro kredit,23346,dövriyyə vəsaitlərinin artırılması - Biznes krediti,12.08,1173.0,4,Xeyr,Xeyr,Təsdiqlənib,Müştərinin gəliri və krediti təsdiqləndi
62961480,sahil qasımov,2006-08-24,K,Bakalavr,Tələbə,178,Təhsil krediti,1544,əsas vəsaitlərin alınması - Biznes krediti,21.81,613.0,0,,Xeyr,Təsdiqlənib,Bütün sənədlər qaydasındadır
24154018,Rəna Nəsirova,2007-06-16,qadin,Magistr,Tələbə,176,Təhsil krediti,2391,əsas vəsaitlərin alınması - Biznes krediti,18.26,455.0,1,Xeyr,Xeyr,Rədd edilib,Aşağı kredit reytinqi | Yoxlayıcı_ID: 736
35200777,Rəna Nəsirova,04/01/1987,Qadın,Bakalavr,İşləyən,3859,Avtomobil kriditi,22532,təmir,23.18,680.0,2,Xeyr,Xeyr,Təsdiqlənib,Müştərinin gəliri və krediti təsdiqləndi
20578473,Aysel Babayeva,02-22-99,Q,Bakalavr tehsili,İşləyən,1420,Nağd istehlak kriditi,2481,təmir,23.41,1300.0,2,Bəli,Xeyr,Təsdiqlənib,Müştərinin gəliri və krediti təsdiqləndi | Yoxlayıcı_ID: 406
79724780,Aydan Qasımova,10-08-82,Q,Magistr,İşləyən,3594,Nağd istehlak krediti,2918,təmir,24.35,643.0,2,Xeyr,Xeyr,Təsdiqlənib,Bütün sənədlər qaydasındadır | Yoxlayıcı_ID: 285
16156292,Fərid İsmayılov,1998-02-08,,Bakalvar,İşləyən,947,Nağd istehlak krediti,3775,şəxsi istehlak məqsədi,19.93,526.0,1,Bəli,Xeyr,Təsdiqlənib,Müştərinin gəliri və krediti təsdiqləndi
36144122,Murad Cəfərov,02-05-01,Kişi,Bakalavr tehsili,İşləyən,3315,Nağd istehlak krediti,1602,toy xərcləri,15.37,889.0,0,,Xeyr,Təsdiqlənib,Bütün sənədlər qaydasındadır
65297947,Rauf Nəsirov,28/08/1977, kişi ,Bakalavr,İşləyən,1933,Avtomobil krediti,26136,təmir,12.08,980.0,4,Bəli,Xeyr,Təsdiqlənib,Bütün sənədlər qaydasındadır
71240551,Tural Səfərov,1979-03-12,Kişi,Magistr,İşləyən,1596,Nağd istehlak krediti,3880,şəxsi istehlak məqsədi,17.4,898.0,2,Xeyr,Xeyr,Təsdiqlənib,Bütün sənədlər qaydasındadır
29689722,Emin Vəliyev,26/09/1989, kişi ,Bakalavr tehsili,Sahibkar,2895 AZN,Mikro kredit,38798,əsas vəsaitlərin alınması - Biznes krediti,21.39,955.0,2,Bəli,Xeyr,Təsdiqlənib,Aşağı kredit reytinqi
46668646,Ləman Hüseynova,15/10/2004,,Bakalavr,Tələbə,214,Təhsil krediti,2045,Biznes krediti,12.07,678.0,0,,Xeyr,Təsdiqlənib,Bütün sənədlər qaydasındadır
59139902,Sevinc Hüseynova,08/08/1999,qadin,Bakalavr,İşləyən,2905,Nağd istehlak krediti,16825,təmir,16.15,555.0,1,Xeyr,Xeyr,Təsdiqlənib,İş stajı yetərsizdir
55410278,Tural İbrahimov,07/11/2001,,Bakalavr,İşləyən,3005,Nağd istehlak krediti,9367,şəxsi istehlak məqsədi,18.37,504.0,0,Bəli,Xeyr,Təsdiqlənib,Bütün sənədlər qaydasındadır
98882895,Zülfiyyə Quliyeva,10-23-79,Qadın,Magistr,İşləyən,1638,Nağd istehlak krediti,16761,məişət avadanlığı alışı,21.32,461.0,4,Xeyr,Xeyr,Rədd edilib,Aşağı kredit reytinqi
58861953,Aydan Əliyeva,09-09-90,,Magistr,İşləyən,3750,Nağd istehlak krediti,1545,şəxsi istehlak məqsədi,23.58,,0,,Xeyr,Təsdiqlənib,Bütün sənədlər qaydasındadır
96816051,Tural Hüseynov,03/12/1985, kişi ,Bakalavr,İşləyən,1906,Nağd istehlak krediti,17391,toy xərcləri,20.63,968.0,3,Xeyr,Xeyr,Təsdiqlənib,Müştərinin gəliri və krediti təsdiqləndi | Yoxlayıcı_ID: 322
12362004,Rauf Hüseynov,09-26-00,Kişi,Orta məktəb,İşsiz,15,Nağd istehlak krediti,616,məişət avadanlığı alışı,16.72,567.0,2,Xeyr,Xeyr,Rədd edilib,Gəlir çatışmazlığı
39321756,fatimə babayeva,02-22-97,Qadın,Bakalavr tehsili,İşləyən,1573,Nağd istehlak krediti,12974,məişət avadanlığı alışı,24.82,1210.0,0,,Xeyr,Təsdiqlənib,Müştərinin gəliri və krediti təsdiqləndi
42543133,Məhəmməd Hüseynov,31/08/1974,,Orta məktəb,İşsiz,45,Nağd istehlak krediti,391,tibbi xərclər,19.12,513.0,2,Bəli,Bəli,Rədd edilib,'Qara siyahı'da olmaq
40062392,Sevinc Abdullayeva,21/06/2000,Q,Bakalavr tehsili,İşləyən,1647,Nağd istehlak krediti,7448,Təmir,24.13,1126.0,2,Xeyr,Xeyr,Təsdiqlənib,Bütün sənədlər qaydasındadır
91771793,Ramin Əhmədov,03-18-89,,Bakalavr tehsili,İşləyən,1818,Nağd istehlak krediti,13864 manat,toy xərcləri,23.93,858.0,1,Bəli,Xeyr,Təsdiqlənib,Bütün sənədlər qaydasındadır
57470684,Aydan Tağıyeva,22/08/2001,,Bakalavr,İşləyən,3727,Nağd istehlak krediti,13801,məişət avadanlığı alışı,24.96,541.0,2,Xeyr,Xeyr,Təsdiqlənib,Müştərinin gəliri və krediti təsdiqləndi
96407877,Tural Səfərov,04-21-05,K,Magistr,Tələbə,168,Təhsil krediti,2807 manat,Biznes krediti,23.57,575.0,0,,Xeyr,Təsdiqlənib,Bütün sənədlər qaydasındadır | Yoxlayıcı_ID: 715
69309679,Nigar Quliyeva,01-02-71,,Magistr,İşləyən,3208,Nağd istehlak kriditi,4429 manat,toy xərcləri,10.94,543.0,0,,Xeyr,Təsdiqlənib,Müştərinin gəliri və krediti təsdiqləndi | Yoxlayıcı_ID: 877
13572283,Məryəm Sultanova,2004-11-12,,Bakalavr,Tələbə,242698,Təhsil krediti,2849,əsas vəsaitlərin alınması - Biznes krediti,21.64,637.0,0,,Xeyr,Təsdiqlənib,Müştərinin gəliri və krediti təsdiqləndi
77600761,Tural Rüstəmov,01/09/1990,,Bakalavr,İşləyən,2532,Nağd istehlak krediti,8392,toy xərcləri,22.95,552.0,4,Xeyr,Xeyr,Təsdiqlənib,Müştərinin gəliri və krediti təsdiqləndi
77344868,Ayan Rəhimova,10-15-71,,Magistr,İşləyən,3772,Nağd istehlak krediti,16693,şəxsi istehlak məqsədi,25.0,1541.0,0,,Xeyr,Təsdiqlənib,Bütün sənədlər qaydasındadır
86743305,Şəbnəm İbrahimova,1986-06-18,Qadın,Bakalavr tehsili,İşləyən,3982,Nağd istehlak krediti,19909,məişət avadanlığı alışı,17.27,,1,Xeyr,Xeyr,Rədd edilib,Aşağı kredit reytinqi | Yoxlayıcı_ID: 877
34903388,Rəhimov Tural,1965-05-07, kişi ,Orta məktəb,İşsiz,137,Nağd istehlak krediti,408,toy xərcləri,14.66,474.0,0,,Xeyr,Rədd edilib,Aşağı kredit reytinqi
51202371,Aydan Hüseynova,05-27-84,qadin,Bakalavr tehsili,İşləyən,1097 manat,Nağd istehlak krediti,12806,şəxsi istehlak məqsədi,11.4,1031.0,2,Bəli,Xeyr,Təsdiqlənib,Müştərinin gəliri və krediti təsdiqləndi | Yoxlayıcı_ID: 248
58068860,Tural Sultanov,2007-09-19,,Bakalavr,Tələbə,125,Təhsil krediti,2682,Biznes krediti,22.55,322.0,0,,Xeyr,Rədd edilib,Aşağı kredit reytinqi
22028341,Ləman İbrahimova,1974-10-20,Qadın,Bakalavr,İşləyən,1362,Nağd istehlak krediti,15952,təmir,23.5,1289.0,2,Bəli,Xeyr,Təsdiqlənib,Müştərinin gəliri və krediti təsdiqləndi
36677096,Şəbnəm Cəfərova,22/03/1998,Qadın,Bakalavr tehsili,İşləyən,2356,Nağd istehlak krediti,12195,toy xərcləri,12.78,759.0,2,Bəli,Xeyr,Təsdiqlənib,Müştərinin gəliri və krediti təsdiqləndi
46269744,Uğur Rüstəmov,1994-02-20,K,Magistr,İşləyən,3777,Nağd istehlak krediti,16100,tibbi xərclər,18.42,908.0,0,,Xeyr,Təsdiqlənib,Müştərinin gəliri və krediti təsdiqləndi
13294163,Zülfiyyə Məmmədova,1975-05-13,,Bakalavr,Sahibkar,3653,Mikro kredit,16427,Biznes krediti,17.7,969.0,6,Xeyr,Xeyr,Təsdiqlənib,Müştərinin gəliri və krediti təsdiqləndi
79641393,Nərmin Məmmədova,02/01/1975,qadin,Bakalavr,İşləyən,3012,Nağd istehlak krediti,10972,şəxsi istehlak məqsədi,12.27,928.0,3,Xeyr,Xeyr,Təsdiqlənib,Gəlir çatışmazlığı
59457179,Vəliyeva Rəna,01-07-06,Q,Bakalavr tehsili,Tələbə,107,Təhsil krediti,2805,Biznes krediti,18.98,490.0,0,,Xeyr,Rədd edilib,Aşağı kredit reytinqi
54773006,Günel Sultanova,08/06/1991,,Magistr,İşləyən,3684,Nağd istehlak krediti,2837,şəxsi istehlak məqsədi,16.89,935.0,0,,Bəli,Rədd edilib,'Qara siyahı'da olmaq
88357929,Yusif Vəliyev,07-13-02,K,Bakalavr,İşləyən,2714,Avtomobil krediti,28656,məişət avadanlığı alışı,12.92,1073.0,4,Bəli,Xeyr,Təsdiqlənib,Bütün sənədlər qaydasındadır | Yoxlayıcı_ID: 217
71081306,Məryəm Nəsirova,1998-12-28,Qadın,Magistr,İşləyən,3510,Nağd istehlak krediti,6992,toy xərcləri,12.19,992.0,0,,Xeyr,Təsdiqlənib,Bütün sənədlər qaydasındadır
81230275,Kamal Rəhimov,11-09-76,K,Bakalavr tehsili,İşləyən,3788,Avtomobil krediti,30602,toy xərcləri,12.01,1088.0,3,Bəli,Xeyr,Təsdiqlənib,Müştərinin gəliri və krediti təsdiqləndi
33031119,Cavid Quliyev,1974-07-02,,Magistr,İşləyən,3552,Nağd istehlak krediti,18917,məişət avadanlığı alışı,15.15,1016.0,4,Xeyr,Xeyr,Təsdiqlənib,Müştərinin gəliri və krediti təsdiqləndi | Yoxlayıcı_ID: 525
24830048,Aylin Vəliyeva,1979-11-07,Q,Bakalavr tehsili,Sahibkar,8151,Mikro kredit,5215,əsas vəsaitlərin alınması - Biznes krediti,14.54,830.0,3,Bəli,Xeyr,Təsdiqlənib,Bütün sənədlər qaydasındadır
76243217,Cavid Cavadov,12-03-04,,Bakalavr tehsili,Tələbə,247,Təhsil krediti,983,əsas vəsaitlərin alınması - Biznes krediti,18.74,339.0,0,,Xeyr,Rədd edilib,Aşağı kredit reytinqi
26059217,Zeynəb Sultanova,2005-09-17,Q,Bakalavr,Tələbə,291,Təhsil krediti,2229,dövriyyə vəsaitlərinin artırılması - Biznes krediti,16.98,,0,,Xeyr,Rədd edilib,Aşağı kredit reytinqi
99521690,Şəbnəm Əhmədova,1991-11-29,,Orta məktəb,İşsiz,83,Nağd istehlak krediti,836,şəxsi istehlak məqsədi,24.59,511.0,0,,Xeyr,Təsdiqlənib,Müştərinin gəliri və krediti təsdiqləndi | Yoxlayıcı_ID: 887
71439503,Aydan Quliyeva,1981-05-19,,Bakalavr tehsili,İşləyən,3616,Nağd istehlak krediti,1347,məişət avadanlığı alışı,11.13,773.0,1,Xeyr,Xeyr,Təsdiqlənib,Bütün sənədlər qaydasındadır
83922369,Cavid Babayev,26/12/1974,,Bakalavr tehsili,İşləyən,2766,Nağd istehlak krediti,6629,toy xərcləri,22.7,1569.0,3,Xeyr,Xeyr,Təsdiqlənib,Müştərinin gəliri və krediti təsdiqləndi
37503518,rəna cəfərova,14/08/1974,Q,Bakalavr,Sahibkar,2915,Mikro kredit,22173,Biznes krediti,16.18,1167.0,7,Xeyr,Xeyr,Təsdiqlənib,Bütün sənədlər qaydasındadır
79584653,Samir Vəliyev,1970-09-04,Kişi,Orta məktəb,İşsiz,224,Nağd istehlak krediti,371 AZN,toy xərcləri,21.69,427.0,2,Bəli,Xeyr,Rədd edilib,Aşağı kredit reytinqi
73430626,Məhəmməd Tağıyev,10/03/2005, kişi ,Bakalavr,Tələbə,219,Təhsil krediti,1367,əsas vəsaitlərin alınması - Biznes krediti,22.51,545.0,0,,Xeyr,Təsdiqlənib,Müştərinin gəliri və krediti təsdiqləndi | Yoxlayıcı_ID: 258
13842132,Səbinə Babayeva,30/09/2001,Qadın,Bakalavr tehsili,İşləyən,1272 AZN,Nağd istehlak krediti,4918,şəxsi istehlak məqsədi,17.2,1202.0,4,Xeyr,Xeyr,Təsdiqlənib,'Qara siyahı'da olmaq
75577412,Nihat Tağıyev,1976-06-18,K,Bakalavr,İşləyən,877,Nağd istehlak krediti,19662,şəxsi istehlak məqsədi,16.24,1208.0,2,Xeyr,Xeyr,Təsdiqlənib,Müştərinin gəliri və krediti təsdiqləndi | Yoxlayıcı_ID: 515
49361169,Uğur Nəsirov,1978-11-18, kişi ,Bakalavr tehsili,İşləyən,2139,Nağd istehlak krediti,12240,şəxsi istehlak məqsədi,24.42,1487.0,2,Xeyr,Xeyr,Təsdiqlənib,Müştərinin gəliri və krediti təsdiqləndi | Yoxlayıcı_ID: 532
39800598,Aysel Hüseynova,2002-05-20,Qadın,Bakalavr,İşləyən,3860,Nağd istehlak krediti,2044,təmir,24.37,459.0,0,,Xeyr,Rədd edilib,Aşağı kredit reytinqi | Yoxlayıcı_ID: 285
71024739,Məryəm Hüseynova,06-12-85,Q,Bakalavr,İşləyən,3885,Avtomobil krediti,30049,məişət avadanlığı alışı,18.23,502.0,0,,Xeyr,Təsdiqlənib,Bütün sənədlər qaydasındadır | Yoxlayıcı_ID: 208
32482052,Fidan Nəsirova,06-15-02,Q,Bakalavr,İşləyən,2771,Nağd istehlak krediti,8949,şəxsi istehlak məqsədi,15.8,835.0,3,Bəli,Xeyr,Təsdiqlənib,Müştərinin gəliri və krediti təsdiqləndi
75868518,Hüseyn Babayev,03-27-83,Kişi,Orta məktəb,İşsiz,179 AZN,Nağd istehlak krediti,590,məişət avadanlığı alışı,17.3,208.0,1,Xeyr,Xeyr,Rədd edilib,Aşağı kredit reytinqi | Yoxlayıcı_ID: 817
97715588,Tural Babayev,02/08/1976, kişi ,Bakalavr,İşləyən,1861,Nağd istehlak krediti,12058,tibbi xərclər,14.68,,0,,Xeyr,Təsdiqlənib,Müştərinin gəliri və krediti təsdiqləndi | Yoxlayıcı_ID: 887
88613894,Zəhra Rüstəmova,2006-03-20,qadin,Bakalavr tehsili,Tələbə,199,Təhsil krediti,2272,əsas vəsaitlərin alınması - Biznes krediti,14.63,266.0,1,Xeyr,Xeyr,Təsdiqlənib,Aşağı kredit reytinqi
88861716,Zəhra Əhmədova,1989-12-01,,Bakalavr tehsili,İşləyən,3427,Nağd istehlak krediti,6009,təmir,13.46,,1,Xeyr,Xeyr,Təsdiqlənib,Bütün sənədlər qaydasındadır
26240244,Şəbnəm Əhmədova,05-30-90,qadin,Bakalavr,İşləyən,3407,Nağd istehlak krediti,4456,şəxsi istehlak məqsədi,17.9,882.0,3,Bəli,Xeyr,Təsdiqlənib,Bütün sənədlər qaydasındadır
89631484,Orxan Rüstəmov,1994-09-10,K,Magistr,Sahibkar,3016,Mikro kredit,16994,əsas vəsaitlərin alınması - Biznes krediti,16.14,1092.0,2,Xeyr,Xeyr,Təsdiqlənib,Müştərinin gəliri və krediti təsdiqləndi
15793406, Şəbnəm Vəliyeva ,04/09/1980,,Magistr,İşləyən,3423,Nağd istehlak krediti,7174,məişət avadanlığı alışı,20.43,559.0,2,Xeyr,Xeyr,Təsdiqlənib,Bütün sənədlər qaydasındadır
15977933,Fidan Babayeva,1986-02-02,qadin,Bakalavr tehsili,İşləyən,2620,Nağd istehlak krediti,18915,tibbi xərclər,22.65,1460.0,0,,Bəli,Rədd edilib,'Qara siyahı'da olmaq | Yoxlayıcı_ID: 528
52614230, Orxan Tağıyev ,1986-06-26,K,Magistr,Sahibkar,9337,Mikro kredit,28113,Biznes krediti,21.85,1281.0,5,Xeyr,Xeyr,Təsdiqlənib,Bütün sənədlər qaydasındadır
68104291,Murad Quliyev,03/12/1968,K,Orta məktəb,İşsiz,261,Nağd istehlak krediti,369,Təmir,23.55,163.0,0,,Xeyr,Rədd edilib,Aşağı kredit reytinqi
85464473,Ayan Cavadova,09-02-06,,Bakalavr tehsili,Tələbə,163,Təhsil krediti,2301,əsas vəsaitlərin alınması - Biznes krediti,12.89,,1,Bəli,Xeyr,Rədd edilib,Aşağı kredit reytinqi
53146221,Zülfiyyə Rüstəmova,1972-10-27,Qadın,Bakalavr tehsili,Sahibkar,8896,Mikro kredit,99330,dövriyyə vəsaitlərinin artırılması - Biznes krediti,13.78,816.0,5,Bəli,Xeyr,Təsdiqlənib,Bütün sənədlər qaydasındadır | Yoxlayıcı_ID: 407
94764058,Anar Əhmədov,04/04/1979, kişi ,Bakalavr tehsili,Sahibkar,7045,Mikro kredit,46402,əsas vəsaitlərin alınması - Biznes krediti,15.23,829.0,8,Xeyr,Xeyr,Təsdiqlənib,Müştərinin gəliri və krediti təsdiqləndi
73598342,Ləman Tağıyeva,12-11-80,Q,Bakalavr tehsili,İşləyən,3066,Nağd istehlak krediti,16117,toy xərcləri,22.78,1572.0,1,Xeyr,Xeyr,Təsdiqlənib,Bütün sənədlər qaydasındadır
84976226,Rauf Əliyev,06-27-77,Kişi,Bakalavr tehsili,İşləyən,2005,Nağd istehlak krediti,17855 AZN,təmir,17.96,1494.0,1,Bəli,Xeyr,Təsdiqlənib,'Qara siyahı'da olmaq
36685600,Orxan Sultanov,09-01-74,K,Bakalavr tehsili,İşləyən,2992,Nağd istehlak krediti,7078,məişət avadanlığı alışı,12.02,456.0,3,Xeyr,Xeyr,Rədd edilib,Aşağı kredit reytinqi
91135891,Sevinc Babayeva,09-07-91,Qadın,Magistr,İşləyən,2544,Avtomobil krediti,30606,toy xərcləri,21.37,1031.0,3,Xeyr,Xeyr,Təsdiqlənib,Bütün sənədlər qaydasındadır
13716681,Orxan Cavadov,03/12/1991, kişi ,Bakalavr tehsili,İşləyən,2184,Nağd istehlak krediti,8840,şəxsi istehlak məqsədi,11.6,1577.0,1,Bəli,Xeyr,Təsdiqlənib,İş stajı yetərsizdir
19449788,Aylin Babayeva,2001-07-25,Q,Magistr,İşləyən,2384,Nağd istehlak krediti,17656,məişət avadanlığı alışı,15.2,802.0,0,,Xeyr,Təsdiqlənib,Bütün sənədlər qaydasındadır
94278807,Emin Babayev,03/11/1988,,Magistr,İşləyən,1543,Nağd istehlak krediti,10529,toy xərcləri,13.97,407.0,2,Xeyr,Xeyr,Rədd edilib,Aşağı kredit reytinqi
86798018,Emin Qasımov,18/11/1973, kişi ,Bakalavr,İşləyən,2058,Nağd istehlak krediti,11450,təmir,23.78,1456.0,3,Xeyr,Xeyr,Təsdiqlənib,Müştərinin gəliri və krediti təsdiqləndi
31361995,Ləman Rüstəmova,03-23-95,,Magistr,İşləyən,1748,Nağd istehlak krediti,10310,şəxsi istehlak məqsədi,13.97,648.0,4,Xeyr,Xeyr,Təsdiqlənib,Bütün sənədlər qaydasındadır
16422840,Fərid Qasımov,10-25-01,K,Bakalavr,İşləyən,3185,Nağd istehlak krediti,8089,şəxsi istehlak məqsədi,15.43,1086.0,3,Bəli,Xeyr,Təsdiqlənib,Bütün sənədlər qaydasındadır
56235261,Zəhra Abdullayeva,2006-12-23,Qadın,Bakalavr,Tələbə,,Təhsil krediti,642,Biznes krediti,22.65,640.0,1,Bəli,Xeyr,Təsdiqlənib,Bütün sənədlər qaydasındadır | Yoxlayıcı_ID: 192
91319426,Uğur Quliyev,29/07/1975, kişi ,Bakalavr tehsili,İşləyən,3192,Avtomobil krediti,39885,məişət avadanlığı alışı,11.62,1522.0,3,Xeyr,Xeyr,Təsdiqlənib,Müştərinin gəliri və krediti təsdiqləndi
82481531,Ramin Rüstəmov,04/04/2003,Kişi,Bakalavr,Tələbə,123,Təhsil krediti,946,əsas vəsaitlərin alınması - Biznes krediti,19.23,498.0,0,,Xeyr,Rədd edilib,Aşağı kredit reytinqi
29271397,Sevinc Məmmədova,15/10/1998,qadin,Magistr,İşləyən,2535,Nağd istehlak krediti,7588,məişət avadanlığı alışı,22.71,1022.0,0,,Xeyr,Təsdiqlənib,Müştərinin gəliri və krediti təsdiqləndi
39175311,Emin Vəliyev,05/01/1986,,Bakalavr,İşləyən,,Nağd istehlak krediti,2251,toy xərcləri,24.96,995.0,3,Xeyr,Xeyr,Təsdiqlənib,Müştərinin gəliri və krediti təsdiqləndi
71597622, Zeynəb Əhmədova ,1978-03-12,Qadın,Bakalavr tehsili,Sahibkar,6878,Mikro kridit,71699,Biznes krediti,23.48,1657.0,2,Xeyr,Xeyr,Təsdiqlənib,Bütün sənədlər qaydasındadır
49307962,Məryəm Səfərova,10-20-73,,Bakalvar tehsili,İşləyən,1936,Nağd istehlak krediti,16888,təmir,12.48,929.0,1,Bəli,Xeyr,Təsdiqlənib,Bütün sənədlər qaydasındadır
95791989,Aysel Cəfərova,1992-12-31,,Bakalavr tehsili,Sahibkar,2617,Mikro kredit,93109,əsas vəsaitlərin alınması - Biznes krediti,11.13,,3,Bəli,Xeyr,Rədd edilib,Gəlir çatışmazlığı
68898979,Fidan Qasımova,1972-01-05,,Orta məktəb,İşsiz,371,Nağd istehlak krediti,594,tibbi xərclər,19.0,431.0,1,Xeyr,Xeyr,Rədd edilib,Aşağı kredit reytinqi | Yoxlayıcı_ID: 700
28327393,Aysel Sultanova,1977-04-01,Qadın,Orta məktəb,İşsiz,339,Nağd istehlak krediti,680,təmir,16.71,212.0,0,,Bəli,Rədd edilib,'Qara siyahı'da olmaq
24774913,Rzayev Məhəmməd,15/05/1975,K,Bakalavr tehsili,İşləyən,1171,Nağd istehlak krediti,2587,məişət avadanlığı alışı,22.79,1133.0,3,Xeyr,Bəli,Rədd edilib,'Qara siyahı'da olmaq
26123144,Aysel Nəsirova,26/09/1989,,Bakalavr,Sahibkar,2743,Mikro kredit,89235,Biznes krediti,12.55,1584.0,7,Bəli,Xeyr,Rədd edilib,Gəlir çatışmazlığı
77489552,Ayan Cəfərova,1974-02-20,Qadın,Bakalavr tehsili,Sahibkar,3871,Mikro kredit,93157,dövriyyə vəsaitlərinin artırılması - Biznes krediti,19.7,1341.0,5,Bəli,Xeyr,Rədd edilib,Gəlir çatışmazlığı | Yoxlayıcı_ID: 825
16736203,Rəna Səfərova,01-07-03,Qadın,Magistr,Tələbə,178,Təhsil krediti,2189,dövriyyə vəsaitlərinin artırılması - Biznes krediti,18.92,302.0,0,,Xeyr,Rədd edilib,Aşağı kredit reytinqi | Yoxlayıcı_ID: 264
63105539,Orxan Hüseynov,1976-07-15,K,Bakalavr tehsili,Sahibkar,8270 manat,Mikro kredit,60689,əsas vəsaitlərin alınması - Biznes krediti,22.49,1608.0,7,Bəli,Xeyr,Təsdiqlənib,Müştərinin gəliri və krediti təsdiqləndi
18284874,Şəbnəm Nəsirova,09/10/1978,Qadın,Bakalavr,İşləyən,"3,116",Nağd istehlak krediti,11399,tibbi xərclər,23.02,1383.0,1,Bəli,Xeyr,Təsdiqlənib,Müştərinin gəliri və krediti təsdiqləndi
14877884,Ləman Quliyeva,11-05-88,Qadın,Orta məktəb,İşsiz,202,Nağd istehlak krediti,587,tibbi xərclər,12.62,173.0,2,Bəli,Xeyr,Rədd edilib,Aşağı kredit reytinqi
49317796,Nihat Rüstəmov,09-05-81, kişi ,Bakalavr tehsili,Sahibkar,3297,Mikro kredit,21618,Biznes krediti,17.38,1144.0,3,Xeyr,Xeyr,Təsdiqlənib,Bütün sənədlər qaydasındadır
35565404,Ramin Nəsirov,21/07/1993, kişi ,Magistr,Sahibkar,8074,Mikro kredit,45378,Biznes krediti,11.27,1522.0,5,Xeyr,Xeyr,Təsdiqlənib,Müştərinin gəliri və krediti təsdiqləndi
19076560,Fatimə Tağıyeva,1981-02-06,Q,Bakalavr tehsili,İşləyən,2063,Nağd istehlak krediti,3939,təmir,20.75,1527.0,3,Bəli,Xeyr,Təsdiqlənib,Müştərinin gəliri və krediti təsdiqləndi
61157684,Tural Vəliyev,06/04/2007,,Magistr,Tələbə,193,Təhsil krediti,1324,Biznes krediti,17.96,517.0,0,,Xeyr,Təsdiqlənib,Bütün sənədlər qaydasındadır
90577002,Ramin Əliyev,26/10/1998,Kişi,Magistr,İşləyən,"2,136",Nağd istehlak krediti,13660 AZN,təmir,20.49,,0,,Xeyr,Təsdiqlənib,Müştərinin gəliri və krediti təsdiqləndi
21014135,Rəşad Rzayev,07-21-91, kişi ,Orta məktəb,İşsiz,14,Nağd istehlak krediti,903,məişət avadanlığı alışı,11.68,227.0,0,,Xeyr,Rədd edilib,Aşağı kredit reytinqi
96791875,Nigar Abdullayeva,26/12/1994,Qadın,Magistr,İşləyən,3831,Nağd istehlak krediti,5040,tibbi xərclər,12.71,1133.0,0,,Xeyr,Təsdiqlənib,Bütün sənədlər qaydasındadır
28762328,Fərid Babayev,17/01/1997, kişi ,Orta məktəb,İşsiz,63,Nağd istehlak krediti,947,şəxsi istehlak məqsədi,18.08,572.0,2,Bəli,Xeyr,Təsdiqlənib,Bütün sənədlər qaydasındadır
99717147,Məryəm Nəsirova,01-30-83,qadin,Magistr,İşləyən,3054,Nağd istehlak krediti,15927,məişət avadanlığı alışı,22.97,729.0,3,Xeyr,Xeyr,Təsdiqlənib,Bütün sənədlər qaydasındadır
17705554,Sevinc Cəfərova,07/05/1984,qadin,Magistr,İşləyən,1988,Nağd istehlak krediti,13472,tibbi xərclər,24.82,1282.0,4,Bəli,Xeyr,Təsdiqlənib,Bütün sənədlər qaydasındadır
39696599,Samir Rzayev,16/12/1975, kişi ,Orta məktəb,İşsiz,69,Nağd istehlak krediti,400,məişət avadanlığı alışı,12.92,464.0,2,Xeyr,Xeyr,Rədd edilib,Aşağı kredit reytinqi
19316410,Tural Məmmədov,1989-12-31, kişi ,Magistr,İşləyən,,Avtomobil krediti,25945,tibbi xərclər,24.55,559.0,1,Bəli,Xeyr,Təsdiqlənib,Bütün sənədlər qaydasındadır
77943559,Uğur Nəsirov,1991-01-31,K,Bakalavr tehsili,Sahibkar,7458 AZN,Mikro kredit,13809,Biznes krediti,24.27,1121.0,6,Xeyr,Xeyr,Təsdiqlənib,Bütün sənədlər qaydasındadır
60700028,Fidan Rəhimova,1987-12-04,Qadın,Orta məktəb,İşsiz,386,Nağd istehlak krediti,609,tibbi xərclər,16.37,293.0,1,Bəli,Xeyr,Rədd edilib,Aşağı kredit reytinqi
65555309,Zəhra Səfərova,1965-07-20,,Orta məktəb,İşsiz,3,Nağd istehlak krediti,873,məişət avadanlığı alışı,16.64,528.0,2,Xeyr,Bəli,Rədd edilib,'Qara siyahı'da olmaq
73021422,Cavid Rüstəmov,2004-06-10,Kişi,Bakalavr tehsili,Tələbə,294,Təhsil krediti,2583,dövriyyə vəsaitlərinin artırılması - Biznes krediti,20.47,605.0,0,,Xeyr,Təsdiqlənib,Müştərinin gəliri və krediti təsdiqləndi
65894188,Zeynəb Rüstəmova,1995-11-09,Qadın,Bakalavr,İşləyən,1676,Nağd istehlak krediti,6470,məişət avadanlığı alışı,17.05,996.0,2,Xeyr,Xeyr,Təsdiqlənib,Müştərinin gəliri və krediti təsdiqləndi
91878692,Rəşad Rəhimov,08/04/1988,,Bakalavr tehsili,İşləyən,3667,Nağd istehlak krediti,10498,məişət avadanlığı alışı,21.16,1464.0,4,Bəli,Xeyr,Təsdiqlənib,Bütün sənədlər qaydasındadır
28761693,Məryəm Nəsirova,10/05/1988,Qadın,Magistr,İşləyən,1155,Nağd istehlak krediti,15846,tibbi xərclər,12.45,1162.0,2,Xeyr,Xeyr,Təsdiqlənib,Müştərinin gəliri və krediti təsdiqləndi
24398009,Yusif Rəhimov,07-19-03, kişi ,Magistr,Tələbə,151,Təhsil krediti,2319,Biznes krediti,11.0,,0,,Xeyr,Rədd edilib,Aşağı kredit reytinqi
10338317,Aydan İbrahimova,21/03/2006,Qadın,Bakalavr tehsili,Tələbə,211,Təhsil krediti,1292,Biznes krediti,17.74,389.0,0,,Xeyr,Rədd edilib,Aşağı kredit reytinqi
52006786,Fərid Abdullayev,01-15-07,Kişi,Magistr,Tələbə,260,Təhsil krediti,1746,əsas vəsaitlərin alınması - Biznes krediti,14.07,529.0,0,,Xeyr,Təsdiqlənib,Bütün sənədlər qaydasındadır
11613308,Fidan Məmmədova,16/12/1961,Qadın,Orta məktəb,İşsiz,275,Nağd istehlak krediti,904,məişət avadanlığı alışı,18.25,381.0,1,Xeyr,Xeyr,Rədd edilib,Aşağı kredit reytinqi | Yoxlayıcı_ID: 553
47718639,Hüseyn İbrahimov,16/04/1976,K,Magistr,İşləyən,2440,Avtomobil krediti,18828,toy xərcləri,12.08,1037.0,1,Xeyr,Xeyr,Təsdiqlənib,Bütün sənədlər qaydasındadır
38831618,Uğur Babayev,08/10/2002,Kişi,Bakalavr,İşləyən,"1,124",Nağd istehlak krediti,18533,təmir,23.93,1010.0,0,,Xeyr,Təsdiqlənib,Bütün sənədlər qaydasındadır
59769546,Anar Vəliyev,03-07-91,,Magistr,İşləyən,1551,Avtomobil krediti,25666,təmir,12.69,1334.0,0,,Xeyr,Təsdiqlənib,Bütün sənədlər qaydasındadır
40553877,Məhəmməd Babayev,1989-10-17,K,Magistr,İşləyən,1199,Nağd istehlak krediti,1618,məişət avadanlığı alışı,12.28,962.0,4,Xeyr,Xeyr,Təsdiqlənib,Bütün sənədlər qaydasındadır
43613121,Nərmin Abdullayeva,01-16-03,Q,Magistr,Tələbə,287,Təhsil krediti,736,dövriyyə vəsaitlərinin artırılması - Biznes krediti,12.94,533.0,1,Bəli,Xeyr,Təsdiqlənib,Bütün sənədlər qaydasındadır
22212139,Nərmin Sultanova,1980-11-10,Q,Bakalavr tehsili,İşləyən,2232,Nağd istehlak krediti,16323,Təmir,21.66,1546.0,0,,Xeyr,Təsdiqlənib,'Qara siyahı'da olmaq
56418697,Nigar Məmmədova,15/11/1977,Q,Bakalavr tehsili,İşləyən,2707,Nağd istehlak krediti,4550,tibbi xərclər,18.13,1370.0,2,Bəli,Xeyr,Təsdiqlənib,Müştərinin gəliri və krediti təsdiqləndi | Yoxlayıcı_ID: 522
61388693,Məryəm Cəfərova,02-01-91,Q,Orta məktəb,İşsiz,310,Nağd istehlak krediti,360,şəxsi istehlak məqsədi,16.68,358.0,1,Bəli,Xeyr,Rədd edilib,Aşağı kredit reytinqi
29201689,Sultanova Fatimə,1972-10-19,qadin,Bakalavr,İşləyən,,Nağd istehlak krediti,1041 manat,şəxsi istehlak məqsədi,11.35,432.0,1,Xeyr,Xeyr,Rədd edilib,Aşağı kredit reytinqi | Yoxlayıcı_ID: 309
61144201,Səbinə Əhmədova,02-01-74,Qadın,Orta məktəb,İşsiz,228,Nağd istehlak krediti,856,təmir,14.46,178.0,0,,Xeyr,Rədd edilib,Aşağı kredit reytinqi
12828208,Kəmalə Rəhimova,1990-05-02,Q,Magistr,İşləyən,3529,Nağd istehlak krediti,6614 AZN,təmir,24.79,917.0,1,Xeyr,Xeyr,Təsdiqlənib,Bütün sənədlər qaydasındadır | Yoxlayıcı_ID: 595
81408880,Məhəmməd Hüseynov,12/04/2003,,Bakalavr tehsili,Tələbə,109,Təhsil krediti,2913,dövriyyə vəsaitlərinin artırılması - Biznes krediti,23.68,,1,Xeyr,Xeyr,Rədd edilib,Gəlir çatışmazlığı
81890398,Aysel Babayeva,1999-12-18,qadin,Magistr,İşləyən,1627,Avtomobil krediti,9581,tibbi xərclər,16.36,1031.0,1,Xeyr,Xeyr,Təsdiqlənib,Müştərinin gəliri və krediti təsdiqləndi
30671940,nərmin tağıyeva,31/10/1986,qadin,Bakalavr,Sahibkar,7483,Mikro kredit,56334,Biznes krediti,16.56,932.0,4,Bəli,Xeyr,Təsdiqlənib,Müştərinin gəliri və krediti təsdiqləndi | Yoxlayıcı_ID: 709
95686157,Cəfərov Orxan,1993-10-01,K,Bakalavr tehsili,İşləyən,3527,Nağd istehlak krediti,"18,832",məişət avadanlığı alışı,22.37,1451.0,4,Xeyr,Bəli,Rədd edilib,'Qara siyahı'da olmaq | Yoxlayıcı_ID: 637
42555618,Samir Əhmədov,22/08/2005,,Bakalavr tehsili,Tələbə,111,Təhsil krediti,1233,dövriyyə vəsaitlərinin artırılması - Biznes krediti,15.44,329.0,0,,Xeyr,Rədd edilib,Aşağı kredit reytinqi | Yoxlayıcı_ID: 634
38846315,Qasımova Rəna,09/05/1998,,Bakalavr tehsili,İşləyən,3979,Nağd istehlak krediti,8968,məişət avadanlığı alışı,17.67,639.0,4,Xeyr,Xeyr,Təsdiqlənib,Müştərinin gəliri və krediti təsdiqləndi
59057589,Tural Babayev,07-24-03,K,Bakalavr,Tələbə,253,Təhsil krediti,1122,əsas vəsaitlərin alınması - Biznes krediti,23.75,549.0,0,,Xeyr,Təsdiqlənib,Bankın kredit şərtlərinə uyğun deyil
16162875,Aysel Quliyeva,2004-08-11,Qadın,Bakalavr,Tələbə,237,Təhsil krediti,"2,520",Biznes krediti,17.13,764.0,0,,Xeyr,Təsdiqlənib,Bankın kredit şərtlərinə uyğun deyil
31039684,Kamal Rəhimov,1973-11-29,K,Bakalavr,Sahibkar,4483,Mikro kredit,20487,əsas vəsaitlərin alınması - Biznes krediti,14.15,1308.0,7,Xeyr,Xeyr,Təsdiqlənib,Müştərinin gəliri və krediti təsdiqləndi
12464523,Aysel Quliyeva,27/09/1966,Qadın,Bakalavr,Sahibkar,8816,Mikro kredit,87545 AZN,dövriyyə vəsaitlərinin artırılması - Biznes krediti,18.08,1318.0,2,Bəli,Xeyr,Təsdiqlənib,Müştərinin gəliri və krediti təsdiqləndi
83194613,Nərmin Abdullayeva,07-07-98,Q,Magistr,İşləyən,3980,Avtomobil krediti,36981,təmir,11.59,1550.0,0,,Xeyr,Təsdiqlənib,Müştərinin gəliri və krediti təsdiqləndi
52495797,Ramin İsmayılov,2006-07-10,,Magistr,Tələbə,117,Təhsil krediti,855 AZN,dövriyyə vəsaitlərinin artırılması - Biznes krediti,19.83,225.0,0,,Xeyr,Rədd edilib,Aşağı kredit reytinqi
72518367,Kamal Tağıyev,1990-04-17, kişi ,Bakalvar tehsili,İşləyən,2032,Nağd istehlak krediti,4472,toy xərcləri,19.07,1535.0,0,,Xeyr,Təsdiqlənib,Bütün sənədlər qaydasındadır
99574940,Anar Babayev,1979-09-05,Kişi,Magistr,Sahibkar,4058,Mikro kredit,99704,əsas vəsaitlərin alınması - Biznes krediti,24.65,857.0,3,Bəli,Xeyr,Rədd edilib,Gəlir çatışmazlığı
36788865,Rəna Məmmədova,2002-09-06,,Bakalavr,İşləyən,2363,Nağd istehlak krediti,12469,məişət avadanlığı alışı,13.2,1380.0,1,Bəli,Xeyr,Təsdiqlənib,Müştərinin gəliri və krediti təsdiqləndi | Yoxlayıcı_ID: 605
47002846,Səbinə İsmayılova,21/09/1988,qadin,Magistr,İşləyən,2003,Avtomobil krediti,"27,290",toy xərcləri,11.21,1576.0,2,Xeyr,Bəli,Rədd edilib,'Qara siyahı'da olmaq
87582890,Yusif Nəsirov,05-25-00, kişi ,Orta məktəb,İşsiz,0,Nağd istehlak krediti,562359,toy xərcləri,19.38,,2,Bəli,Bəli,Rədd edilib,'Qara siyahı'da olmaq
58426017,Nigar Sultanova,11/05/1992,,Bakalavr tehsili,Sahibkar,8705,Mikro kredit,35158,Biznes krediti,16.19,886.0,8,Xeyr,Xeyr,Təsdiqlənib,Aşağı kredit reytinqi
13745009,Aydan Sultanova,1973-03-03,Qadın,Bakalavr,İşləyən,1315,Nağd istehlak krediti,13343,təmir,22.39,1251.0,1,Xeyr,Xeyr,Təsdiqlənib,Bütün sənədlər qaydasındadır
41901667,Rəna Sultanova,1975-01-12,Qadın,Bakalavr tehsili,İşləyən,3685,Nağd istehlak krediti,18854,toy xərcləri,11.21,1347.0,2,Xeyr,Xeyr,Təsdiqlənib,Müştərinin gəliri və krediti təsdiqləndi
72056172,Cavid Nəsirov,1993-02-11,,Bakalavr tehsili,İşləyən,2260,Nağd istehlak krediti,16114,məişət avadanlığı alışı,15.95,1233.0,3,Bəli,Xeyr,Təsdiqlənib,Bütün sənədlər qaydasındadır
33589809,Nihat Məmmədov,01-30-68,Kişi,Bakalavr tehsili,Sahibkar,8914,Mikro kredit,26241 manat,əsas vəsaitlərin alınması - Biznes krediti,16.57,1779.0,7,Xeyr,Xeyr,Təsdiqlənib,Bütün sənədlər qaydasındadır
54678866,Aysel Cavadova,08-10-89,Qadın,Magistr,İşləyən,1378,Nağd istehlak krediti,4506,şəxsi istehlak məqsədi,12.61,1001.0,1,Bəli,Xeyr,Təsdiqlənib,Bütün sənədlər qaydasındadır
79505900,Rəna Hüseynova,17/10/1998,Q,Bakalavr,İşləyən,1640,Avtomobil krediti,18757,şəxsi istehlak məqsədi,16.28,883.0,0,,Xeyr,Təsdiqlənib,Müştərinin gəliri və krediti təsdiqləndi
18935772,Fatimə Məmmədova,10-11-94,Qadın,Bakalavr,Sahibkar,9187,Mikro kredit,20863 AZN,dövriyyə vəsaitlərinin artırılması - Biznes krediti,12.4,1788.0,7,Xeyr,Xeyr,Təsdiqlənib,Bütün sənədlər qaydasındadır
91222619,Aydan Qasımova,03-08-63,Q,Orta məktəb,İşsiz,138,Nağd istehlak krediti,728 manat,tibbi xərclər,14.01,505.0,2,Bəli,Xeyr,Təsdiqlənib,Bütün sənədlər qaydasındadır
47360531,Fidan Məmmədova,06-08-03,Q,Magistr,Tələbə,156,Təhsil krediti,1283,dövriyyə vəsaitlərinin artırılması - Biznes krediti,24.87,258.0,0,,Xeyr,Rədd edilib,Aşağı kredit reytinqi
66650137,Ramin Quliyev,20/06/1980,K,Bakalavr tehsili,Sahibkar,7689,Mikro kredit,"77,577",əsas vəsaitlərin alınması - Biznes krediti,11.76,1073.0,7,Xeyr,Xeyr,Təsdiqlənib,Müştərinin gəliri və krediti təsdiqləndi | Yoxlayıcı_ID: 318
11543428,Zülfiyyə Abdullayeva,22/02/1989,Q,Magistr,İşləyən,3249,Nağd istehlak krediti,5474,toy xərcləri,14.83,806.0,0,,Xeyr,Təsdiqlənib,Müştərinin gəliri və krediti təsdiqləndi
78883929,ayan sultanova,1986-05-16,Qadın,Bakalavr tehsili,İşləyən,3148,Avtomobil krediti,39259,toy xərcləri,15.67,1239.0,0,,Xeyr,Təsdiqlənib,Müştərinin gəliri və krediti təsdiqləndi
65978322,Ayan Əhmədova,2007-07-18,qadin,Magistr,Tələbə,195,Təhsil krediti,1514,əsas vəsaitlərin alınması - Biznes krediti,20.74,658.0,0,,Xeyr,Təsdiqlənib,Müştərinin gəliri və krediti təsdiqləndi
34974024,Ləman Cavadova,1998-10-16,Q,Bakalavr,İşləyən,"2,948",Nağd istehlak krediti,7909,şəxsi istehlak məqsədi,16.21,717.0,2,Xeyr,Xeyr,Təsdiqlənib,Zaminlik məsələləri
87920101,Orxan Əhmədov,07/11/1965,K,Orta məktəb,İşsiz,73 AZN,Nağd istehlak krediti,722,şəxsi istehlak məqsədi,24.35,,2,Xeyr,Xeyr,Rədd edilib,Aşağı kredit reytinqi
90514094,Ramin Qasımov,19/02/1995, kişi ,Bakalavr,Sahibkar,5274,Mikro kredit,80765,əsas vəsaitlərin alınması - Biznes krediti,24.8,1011.0,8,Xeyr,Xeyr,Təsdiqlənib,Müştərinin gəliri və krediti təsdiqləndi
93454331,Ramin Vəliyev,02-08-03,Kişi,Bakalavr,Tələbə,174,Təhsil krediti,1270,əsas vəsaitlərin alınması - Biznes krediti,20.34,206.0,0,,Xeyr,Rədd edilib,Aşağı kredit reytinqi
28248158,Nərmin Vəliyeva,2005-04-13,qadin,Bakalavr tehsili,Tələbə,111,Təhsil krediti,2610,dövriyyə vəsaitlərinin artırılması - Biznes krediti,12.29,,0,,Xeyr,Rədd edilib,Aşağı kredit reytinqi
93770280,Fatimə Rüstəmova,25/06/1974,Qadın,Bakalavr,Sahibkar,7701,Mikro kredit,44686,əsas vəsaitlərin alınması - Biznes krediti,21.41,1020.0,2,Bəli,Xeyr,Təsdiqlənib,İş stajı yetərsizdir
85816590, Şəbnəm Sultanova ,09-19-76,qadin,Magistr,İşləyən,1190,Nağd istehlak krediti,19238,şəxsi istehlak məqsədi,24.64,1549.0,3,Bəli,Xeyr,Təsdiqlənib,Bütün sənədlər qaydasındadır
40582833, Murad Qasımov ,1985-10-06,Kişi,Bakalavr tehsili,İşləyən,3817,Avtomobil krediti,27468,şəxsi istehlak məqsədi,24.61,1062.0,2,Bəli,Bəli,Təsdiqlənib,'Qara siyahı'da olmaq
51208182,Cavid Quliyev,15/02/1969,Kişi,Bakalavr tehsili,Sahibkar,5534,Mikro kredit,19774,dövriyyə vəsaitlərinin artırılması - Biznes krediti,15.59,1757.0,8,Xeyr,Xeyr,Təsdiqlənib,İş stajı yetərsizdir
64141129,Fatimə Məmmədova,07-08-93,qadin,Magistr,İşləyən,1897 manat,Nağd istehlak krediti,610,tibbi xərclər,23.97,1564.0,0,,Xeyr,Təsdiqlənib,Bütün sənədlər qaydasındadır | Yoxlayıcı_ID: 987
85073420,Ləman Əhmədova,1965-10-07,Q,Orta məktəb,İşsiz,229,Nağd istehlak krediti,346,şəxsi istehlak məqsədi,19.01,333.0,2,Bəli,Xeyr,Rədd edilib,Aşağı kredit reytinqi
13466457,Kəmalə Tağıyeva,2007-01-02,Qadın,Magistr,Tələbə,187,Təhsil krediti,1296,Biznes krediti,12.85,426.0,0,,Xeyr,Rədd edilib,Aşağı kredit reytinqi | Yoxlayıcı_ID: 280
67785596,Zəhra Qasımova,01-16-82,Qadın,Magistr,İşləyən,2059,Nağd istehlak krediti,4282,şəxsi istehlak məqsədi,11.5,778.0,4,Xeyr,Xeyr,Təsdiqlənib,Aşağı kredit reytinqi | Yoxlayıcı_ID: 981
13074186, Fərid Rüstəmov ,1991-04-30,K,Orta məktəb,İşsiz,396,Nağd istehlak krediti,695,məişət avadanlığı alışı,15.25,127.0,1,Bəli,Xeyr,Rədd edilib,Aşağı kredit reytinqi
28408339, Sevinc Cəfərova ,1980-11-26,qadin,Bakalavr tehsili,İşləyən,3498,Nağd istehlak krediti,738,tibbi xərclər,15.8,1170.0,2,Xeyr,Xeyr,Təsdiqlənib,Müştərinin gəliri və krediti təsdiqləndi
14923919,Nigar Babayeva,07/08/2001,Q,Bakalavr tehsili,İşləyən,3211,Nağd istehlak krediti,14691,tibbi xərclər,18.05,1402.0,1,Bəli,Xeyr,Təsdiqlənib,Müştərinin gəliri və krediti təsdiqləndi | Yoxlayıcı_ID: 269
82547054,Aydan Rüstəmova,08-22-74,,Magistr,İşləyən,3544,Nağd istehlak krediti,7443,təmir,17.38,535.0,3,Bəli,Xeyr,Təsdiqlənib,İş stajı yetərsizdir | Yoxlayıcı_ID: 446
82865487,Fərid İsmayılov,05-28-77,Kişi,Bakalavr tehsili,İşləyən,3204,Avtomobil krediti,8814 manat,təmir,20.51,602.0,4,Xeyr,Xeyr,Təsdiqlənib,Bütün sənədlər qaydasındadır | Yoxlayıcı_ID: 713
90090591,Ləman İbrahimova,03-19-74,,Orta məktəb,İşsiz,11,Nağd istehlak krediti,354,təmir,24.01,185.0,1,Bəli,Xeyr,Rədd edilib,Aşağı kredit reytinqi
45418425,Fatimə Hüseynova,2004-10-29,Qadın,Bakalavr,Tələbə,199,Təhsil krediti,1343,Biznes krediti,17.87,502.0,0,,Xeyr,Təsdiqlənib,Bütün sənədlər qaydasındadır
53106522,Ləman Sultanova,1996-04-17,Q,Bakalavr tehsili,İşləyən,1500,Nağd istehlak krediti,11991 AZN,təmir,17.17,1259.0,2,Xeyr,Xeyr,Təsdiqlənib,Müştərinin gəliri və krediti təsdiqləndi
73122274,Nərmin Vəliyeva,1982-03-24,,Bakalavr,İşləyən,3461,Nağd istehlak krediti,15934,toy xərcləri,16.84,1359.0,4,Bəli,Xeyr,Təsdiqlənib,Bütün sənədlər qaydasındadır
70285926,Səbinə Cavadova,1999-01-09,Q,Magistr,İşləyən,848 AZN,Nağd istehlak krediti,887,məişət avadanlığı alışı,17.4,1592.0,2,Xeyr,Xeyr,Təsdiqlənib,Müştərinin gəliri və krediti təsdiqləndi
86427125,Sevinc Cavadova,1975-09-16,qadin,Magistr,İşləyən,2899,Nağd istehlak krediti,4792,məişət avadanlığı alışı,21.79,1234.0,4,Bəli,Bəli,Rədd edilib,'Qara siyahı'da olmaq
73831291,aylin rzayeva,24/09/1985,qadin,Magistr,İşləyən,3175,Nağd istehlak krediti,10792,məişət avadanlığı alışı,24.09,1377.0,3,Bəli,Xeyr,Təsdiqlənib,Bütün sənədlər qaydasındadır
82663981,Nərmin Quliyeva,07/09/1986,,Bakalavr tehsili,İşləyən,"1,770",Nağd istehlak krediti,18672,təmir,19.98,1314.0,4,Xeyr,Xeyr,Təsdiqlənib,Bütün sənədlər qaydasındadır | Yoxlayıcı_ID: 358
50332251,Rauf Nəsirov,1989-04-22,,Magistr,İşləyən,1589,Nağd istehlak krediti,12235,məişət avadanlığı alışı,22.83,1040.0,2,Xeyr,Xeyr,Təsdiqlənib,Müştərinin gəliri və krediti təsdiqləndi
24609045,Babayeva Məryəm,1986-05-28,Qadın,Magistr,İşləyən,1475 AZN,Nağd istehlak krediti,8393,şəxsi istehlak məqsədi,21.39,1143.0,1,Xeyr,Xeyr,Təsdiqlənib,Müştərinin gəliri və krediti təsdiqləndi | Yoxlayıcı_ID: 504
31569741,Orxan Tağıyev,1978-02-15,,Magistr,İşləyən,3327,Nağd istehlak krediti,4806,tibbi xərclər,23.5,729.0,4,Bəli,Xeyr,Təsdiqlənib,Müştərinin gəliri və krediti təsdiqləndi
55380480,Rauf Cavadov,2007-03-08, kişi ,Bakalavr tehsili,Tələbə,138,Təhsil krediti,2972,dövriyyə vəsaitlərinin artırılması - Biznes krediti,14.41,757.0,0,,Xeyr,Təsdiqlənib,Müştərinin gəliri və krediti təsdiqləndi | Yoxlayıcı_ID: 614
37834827,Fatimə Cəfərova,1977-12-27,Qadın,Orta məktəb,İşsiz,174,Nağd istehlak krediti,694,toy xərcləri,19.54,209.0,1,Bəli,Xeyr,Rədd edilib,Aşağı kredit reytinqi | Yoxlayıcı_ID: 826
93891970,Emin Cavadov,16/02/2007,,Bakalavr,Tələbə,257,Təhsil krediti,704,əsas vəsaitlərin alınması - Biznes krediti,14.54,512.0,0,,Xeyr,Təsdiqlənib,Müştərinin gəliri və krediti təsdiqləndi
29800474,Kamal Tağıyev,2000-06-24,,Orta məktəb,İşsiz,375,Nağd istehlak krediti,989,tibbi xərclər,14.78,304.0,0,,Xeyr,Rədd edilib,Aşağı kredit reytinqi
44855180,Rəşad Vəliyev,1977-09-13,K,Bakalavr,İşləyən,3497,Nağd istehlak krediti,4383 manat,təmir,14.72,641.0,0,,Xeyr,Təsdiqlənib,Gəlir çatışmazlığı
15896618,Rauf Tağıyev,2004-04-03,Kişi,Bakalavr,Tələbə,188,Təhsil krediti,763,əsas vəsaitlərin alınması - Biznes krediti,15.35,,0,Bəli,Xeyr,Təsdiqlənib,Bütün sənədlər qaydasındadır
60646246,Nihat Rüstəmov,1962-08-28, kişi ,Orta məktəb,İşsiz,130,Nağd istehlak krediti,544,toy xərcləri,14.28,334.0,1,Xeyr,Xeyr,Rədd edilib,Aşağı kredit reytinqi
66366463,Emin Vəliyev,11-17-73,,Bakalavr tehsili,İşləyən,3269,Nağd istehlak krediti,4334,təmir,21.7,1288.0,2,Bəli,Xeyr,Təsdiqlənib,Müştərinin gəliri və krediti təsdiqləndi | Yoxlayıcı_ID: 665
36907078,Qasımova Məryəm,07/01/1987,,Bakalavr,İşləyən,2786,Avtomobil krediti,9619,Təmir,21.61,803.0,0,,Xeyr,Təsdiqlənib,Bütün sənədlər qaydasındadır
93278068,Nihat Tağıyev,1974-10-01,Kişi,Magistr,İşləyən,1319,Nağd istehlak krediti,14210,məişət avadanlığı alışı,16.1,414.0,2,Xeyr,Xeyr,Təsdiqlənib,Aşağı kredit reytinqi
61011498,Ramin Rəhimov,1968-05-08,Kişi,Orta məktəb,İşsiz,157,Nağd istehlak krediti,691,tibbi xərclər,11.8,489.0,0,,Xeyr,Rədd edilib,Aşağı kredit reytinqi
37512202,Lalə Cəfərova,06-23-81,Q,Bakalavr,İşləyən,1299,Avtomobil krediti,15480,məişət avadanlığı alışı,24.28,1326.0,3,Xeyr,Xeyr,Təsdiqlənib,Bütün sənədlər qaydasındadır
23569720,Fatimə Məmmədova,12-24-01,Q,Bakalavr tehsili,İşləyən,3580,Avtomobil krediti,15623,tibbi xərclər,15.93,681.0,4,Bəli,Bəli,Rədd edilib,'Qara siyahı'da olmaq
67302293,Nərmin Hüseynova,07-23-89,,Orta məktəb,İşsiz,50,Nağd istehlak krediti,767,şəxsi istehlak məqsədi,22.25,596.0,2,Bəli,Xeyr,Təsdiqlənib,Müştərinin gəliri və krediti təsdiqləndi | Yoxlayıcı_ID: 930
55963741,Aydan İbrahimova,10/07/2002,qadin,Bakalavr tehsili,İşləyən,3913,Nağd istehlak krediti,6255,tibbi xərclər,14.21,461.0,2,Bəli,Xeyr,Rədd edilib,Aşağı kredit reytinqi | Yoxlayıcı_ID: 142
44654052,Ayan Məmmədova,1971-05-09,,Bakalavr,İşləyən,"3,974",Nağd istehlak krediti,7046,təmir,21.13,1559.0,4,Bəli,Xeyr,Təsdiqlənib,Müştərinin gəliri və krediti təsdiqləndi
86497809,Rəşad Sultanov,21/03/1993,K,Magistr,İşləyən,1734,Avtomobil krediti,32703,təmir,20.34,864.0,2,Xeyr,Xeyr,Təsdiqlənib,Bütün sənədlər qaydasındadır
89056699,Aydan Babayeva,07-06-77,Q,Magistr,İşləyən,2264,Nağd istehlak krediti,11371,məişət avadanlığı alışı,22.68,1200.0,2,Bəli,Xeyr,Təsdiqlənib,Bütün sənədlər qaydasındadır
37047971,Aylin Rüstəmova,1987-07-02,,Bakalavr tehsili,İşləyən,2565,Nağd istehlak krediti,19083,təmir,11.58,1168.0,0,,Xeyr,Təsdiqlənib,Bütün sənədlər qaydasındadır | Yoxlayıcı_ID: 421
59485780,Nihat Sultanov,27/11/2004,,Magistr,Tələbə,213,Təhsil krediti,1139,əsas vəsaitlərin alınması - Biznes krediti,11.21,590.0,0,,Xeyr,Təsdiqlənib,Bütün sənədlər qaydasındadır
77740670,Fidan Cavadova,11-25-79,qadin,Bakalavr,Sahibkar,3962,Mikro kredit,57662,Biznes krediti,15.83,1047.0,7,Xeyr,Xeyr,Təsdiqlənib,Müştərinin gəliri və krediti təsdiqləndi
97431151,Kamal İsmayılov,2006-10-07, kişi ,Magistr,Tələbə,,Təhsil krediti,1032,Biznes krediti,13.53,320.0,0,,Xeyr,Rədd edilib,Aşağı kredit reytinqi
81822716,Tural Nəsirov,09/06/1992,Kişi,Magistr,İşləyən,2348,Avtomobil krediti,21146,məişət avadanlığı alışı,19.34,527.0,3,Bəli,Xeyr,Təsdiqlənib,Bütün sənədlər qaydasındadır
20628351,Rauf Məmmədov,13/01/1974,,Magistr,İşləyən,3064,Nağd istehlak krediti,10273,toy xərcləri,21.37,850.0,2,Bəli,Xeyr,Təsdiqlənib,Bütün sənədlər qaydasındadır
98812393,Qasımova Nərmin,1993-12-27,,Orta məktəb,İşsiz,242,Nağd istehlak krediti,773,şəxsi istehlak məqsədi,20.95,244.0,0,,Xeyr,Rədd edilib,Aşağı kredit reytinqi
48597002,Ramin Nəsirov,2007-09-04,K,Bakalavr tehsili,Tələbə,231,Təhsil krediti,2764,dövriyyə vəsaitlərinin artırılması - Biznes krediti,13.88,,0,,Xeyr,Rədd edilib,Aşağı kredit reytinqi | Yoxlayıcı_ID: 868
88744795,Günel Quliyeva,04-04-72,,Magistr,İşləyən,3779,Avtomobil krediti,31498,şəxsi istehlak məqsədi,24.48,1039.0,0,,Xeyr,Təsdiqlənib,Bütün sənədlər qaydasındadır | Yoxlayıcı_ID: 950
81535368,Rəşad Tağıyev,2006-09-01,Kişi,Magistr,Tələbə,125,Təhsil krediti,2375,əsas vəsaitlərin alınması - Biznes krediti,16.62,389.0,0,,Xeyr,Rədd edilib,Aşağı kredit reytinqi
36636105,Zeynəb Hüseynova,1985-01-16,qadin,Bakalavr,İşləyən,2587,Nağd istehlak krediti,9478,tibbi xərclər,16.26,1242.0,2,Xeyr,Xeyr,Təsdiqlənib,Bütün sənədlər qaydasındadır
51651701,Aysel Abdullayeva,09-25-77,Qadın,Magistr,İşləyən,3864,Nağd istehlak krediti,11326,təmir,19.82,587.0,4,Xeyr,Xeyr,Təsdiqlənib,Müştərinin gəliri və krediti təsdiqləndi
75897954,Rəşad İbrahimov,2007-08-26,K,Magistr,Tələbə,176,Təhsil krediti,2631,Biznes krediti,17.63,756.0,0,,Xeyr,Təsdiqlənib,Müştərinin gəliri və krediti təsdiqləndi
81499847,Ramin İsmayılov,03/04/1985,Kişi,Bakalavr tehsili,İşləyən,1497,Avtomobil krediti,32183 manat,təmir,11.6,927.0,3,Bəli,Xeyr,Təsdiqlənib,Bütün sənədlər qaydasındadır
69110674,Fatimə Tağıyeva,04-12-92,Qadın,Bakalavr tehsili,Sahibkar,4210,Mikro kredit,95012,əsas vəsaitlərin alınması - Biznes krediti,21.66,1615.0,3,Bəli,Xeyr,Təsdiqlənib,Müştərinin gəliri və krediti təsdiqləndi | Yoxlayıcı_ID: 594
78867613,Rəşad Tağıyev,24/04/1985,Kişi,Bakalavr,İşləyən,2915,Nağd istehlak krediti,14657,şəxsi istehlak məqsədi,18.21,666.0,2,Xeyr,Xeyr,Təsdiqlənib,Bütün sənədlər qaydasındadır | Yoxlayıcı_ID: 254
63123998,Zeynəb Qasımova,19/08/2006,,Bakalavr,Tələbə,131,Təhsil krediti,1059,Biznes krediti,13.3,286.0,0,,Xeyr,Rədd edilib,Aşağı kredit reytinqi
80228164,Səbinə Əliyeva,1969-12-21,Q,Bakalavr tehsili,Sahibkar,3630,Mikro kredit,48636,dövriyyə vəsaitlərinin artırılması - Biznes krediti,11.21,854.0,4,Bəli,Xeyr,Təsdiqlənib,Bütün sənədlər qaydasındadır
20996851,Məhəmməd Əliyev,1971-04-26,Kişi,Bakalavr tehsili,İşləyən,3854,Avtomobil krediti,24311,toy xərcləri,24.28,,2,Bəli,Bəli,Rədd edilib,'Qara siyahı'da olmaq
96190275,Ayan Əhmədova,20/12/1998,Q,Magistr,İşləyən,3808 AZN,Nağd istehlak krediti,7055,təmir,23.86,1241.0,0,,Xeyr,Təsdiqlənib,Bütün sənədlər qaydasındadır
19732263,Rauf Rüstəmov,08-19-03,,Bakalavr,Tələbə,190,Təhsil krediti,907,əsas vəsaitlərin alınması - Biznes krediti,13.12,573.0,1,Xeyr,Xeyr,Təsdiqlənib,Müştərinin gəliri və krediti təsdiqləndi
15089280,Aysel Qasımova,21/10/1971,Q,Bakalavr,İşləyən,2541,Nağd istehlak krediti,12942,şəxsi istehlak məqsədi,23.13,1264.0,0,,Xeyr,Təsdiqlənib,Bütün sənədlər qaydasındadır
72804277,Anar Əhmədov,2003-10-18,Kişi,Bakalavr tehsili,Tələbə,145,Təhsil krediti,2171,əsas vəsaitlərin alınması - Biznes krediti,15.33,383.0,1,Xeyr,Xeyr,Rədd edilib,Aşağı kredit reytinqi
45398139,Fidan Qasımova,03/08/2004,Q,Bakalavr,Tələbə,215 AZN,Təhsil krediti,2573,dövriyyə vəsaitlərinin artırılması - Biznes krediti,16.97,434.0,0,,Xeyr,Rədd edilib,Aşağı kredit reytinqi | Yoxlayıcı_ID: 469
65254516,İbrahimova Səbinə,02/03/1964,Qadın,Orta məktəb,İşsiz,329,Nağd istehlak krediti,456,şəxsi istehlak məqsədi,15.3,172.0,0,,Xeyr,Rədd edilib,Aşağı kredit reytinqi
69253269,Fidan Babayeva,1974-11-27,qadin,Bakalavr,İşləyən,1127 manat,Nağd istehlak krediti,12445,şəxsi istehlak məqsədi,15.51,829.0,0,,Xeyr,Təsdiqlənib,Müştərinin gəliri və krediti təsdiqləndi
70026091,Aysel Abdullayeva,25/04/1982,Q,Magistr,İşləyən,3819,Nağd istehlak krediti,12878 manat,şəxsi istehlak məqsədi,18.91,1535.0,1,Bəli,Xeyr,Təsdiqlənib,Bütün sənədlər qaydasındadır
77894850,Nigar Tağıyeva,2003-06-27,Q,Bakalavr tehsili,Tələbə,109 manat,Təhsil krediti,1310,əsas vəsaitlərin alınması - Biznes krediti,15.96,464.0,0,,Xeyr,Rədd edilib,Aşağı kredit reytinqi
30836246,Zeynəb Qasımova,1990-02-19,Qadın,Magistr,İşləyən,2222,Nağd istehlak krediti,15108,toy xərcləri,21.36,1026.0,3,Xeyr,Xeyr,Təsdiqlənib,Müştərinin gəliri və krediti təsdiqləndi | Yoxlayıcı_ID: 986
87168842, Məryəm Sultanova ,05-26-78,qadin,Orta məktəb,İşsiz,144,Nağd istehlak krediti,960,təmir,14.44,574.0,0,,Xeyr,Təsdiqlənib,Müştərinin gəliri və krediti təsdiqləndi | Yoxlayıcı_ID: 475
83120078,Ayan Vəliyeva,1995-11-07,qadin,Magistr,İşləyən,2121,Avtomobil krediti,33356,toy xərcləri,18.56,638.0,0,,Xeyr,Təsdiqlənib,Bütün sənədlər qaydasındadır | Yoxlayıcı_ID: 121
99881637,Rauf Əhmədov,01-27-91,,Bakalavr tehsili,İşləyən,2866 AZN,Nağd istehlak krediti,7379,toy xərcləri,15.3,681.0,0,,Xeyr,Təsdiqlənib,Müştərinin gəliri və krediti təsdiqləndi
86520971,Rəşad Cəfərov,1978-08-22,Kişi,Magistr,Sahibkar,7360,Mikro kredit,"93,117",dövriyyə vəsaitlərinin artırılması - Biznes krediti,12.13,1261.0,7,Bəli,Xeyr,Təsdiqlənib,Müştərinin gəliri və krediti təsdiqləndi
88543783, Kamal Əhmədov ,2001-02-10,K,Bakalavr,İşləyən,1634,Nağd istehlak kriditi,7355,məişət avadanlığı alışı,19.88,1218.0,3,Xeyr,Xeyr,Təsdiqlənib,Bütün sənədlər qaydasındadır | Yoxlayıcı_ID: 635
23613961,Rəşad Səfərov,1978-04-30,Kişi,Bakalvar,İşləyən,3850,Nağd istehlak krediti,19117,şəxsi istehlak məqsədi,22.37,1019.0,2,Xeyr,Xeyr,Təsdiqlənib,Müştərinin gəliri və krediti təsdiqləndi
78524501,Məhəmməd Məmmədov,1980-08-05, kişi ,Orta məktəb,İşsiz,69,Nağd istehlak krediti,633,şəxsi istehlak məqsədi,11.84,415.0,1,Bəli,Xeyr,Rədd edilib,Aşağı kredit reytinqi
14320319,Rauf Vəliyev,1999-09-08,K,Magistr,İşləyən,2844,Nağd istehlak krediti,6870,toy xərcləri,22.65,1498.0,2,Xeyr,Xeyr,Təsdiqlənib,Bütün sənədlər qaydasındadır
10793895,Ayan Səfərova,1999-12-30,,Bakalavr tehsili,İşləyən,2559,Avtomobil krediti,"38,976",məişət avadanlığı alışı,21.76,1019.0,3,Xeyr,Xeyr,Təsdiqlənib,Gəlir çatışmazlığı
48783785,Rəna Rzayeva,1981-10-13,Qadın,Bakalavr,İşləyən,3458,Nağd istehlak krediti,14158,toy xərcləri,24.83,1341.0,1,Bəli,Xeyr,Təsdiqlənib,Gəlir çatışmazlığı
33112769,Tural Nəsirov,1990-12-09,Kişi,Bakalvar,Sahibkar,5981,Mikro kredit,16871,Biznes krediti,24.34,1051.0,3,Bəli,Xeyr,Təsdiqlənib,Bütün sənədlər qaydasındadır
89900123,Zəhra Rəhimova,07-23-66,,Orta məktəb,İşsiz,238,Nağd istehlak krediti,995,məişət avadanlığı alışı,21.16,,1,Bəli,Bəli,Rədd edilib,'Qara siyahı'da olmaq
76568153,Günel Rüstəmova,11/10/2007,qadin,Magistr,Tələbə,122,Təhsil krediti,1185,Biznes krediti,18.66,634.0,1,Bəli,Xeyr,Təsdiqlənib,Bütün sənədlər qaydasındadır
59197386,Zəhra Rəhimova,10-02-00,Qadın,Bakalavr tehsili,İşləyən,820,Nağd istehlak krediti,14662,şəxsi istehlak məqsədi,15.99,543.0,1,Xeyr,Xeyr,Təsdiqlənib,Bütün sənədlər qaydasındadır
21802743,Nigar Əhmədova,24/12/1975,,Bakalvar,İşləyən,2414,Nağd istehlak krediti,14826,təmir,21.52,1032.0,4,Bəli,Xeyr,Təsdiqlənib,Müştərinin gəliri və krediti təsdiqləndi | Yoxlayıcı_ID: 566
24403553,Aydan Abdullayeva,19/08/1991,qadin,Magistr,İşləyən,3441,Avtomobil krediti,39567,tibbi xərclər,18.34,1081.0,1,Xeyr,Xeyr,Təsdiqlənib,Müştərinin gəliri və krediti təsdiqləndi
11461409,Uğur Rzayev,1999-04-10,,Bakalavr,İşləyən,2795,Nağd istehlak krediti,7530,toy xərcləri,21.53,1584.0,2,Bəli,Xeyr,Təsdiqlənib,Bütün sənədlər qaydasındadır
88274364,Ayan Babayeva,2007-09-28,,Magistr,Tələbə,275,Təhsil krediti,2870,Biznes krediti,12.62,751.0,0,,Xeyr,Təsdiqlənib,Bütün sənədlər qaydasındadır
98795034,Hüseyn Babayev,1966-07-30,K,Bakalavr,Sahibkar,9996,Mikro kredit,53587,Biznes krediti,16.35,1197.0,6,Bəli,Xeyr,Təsdiqlənib,Bütün sənədlər qaydasındadır
25813253,məryəm səfərova,2005-08-14,Q,Bakalavr tehsili,Tələbə,146,Təhsil krediti,742,əsas vəsaitlərin alınması - Biznes krediti,23.84,709.0,0,Bəli,Xeyr,Təsdiqlənib,Müştərinin gəliri və krediti təsdiqləndi
60638111,Rəna Məmmədova,06-20-79,,Magistr,İşləyən,2663,Nağd istehlak krediti,3161,tibbi xərclər,21.15,1287.0,4,Bəli,Xeyr,Təsdiqlənib,Müştərinin gəliri və krediti təsdiqləndi
24051045,Elvin Əliyev,16/04/1971,,Magistr,Sahibkar,4326 manat,Mikro kredit,82571 manat,əsas vəsaitlərin alınması - Biznes krediti,15.66,1733.0,4,Bəli,Xeyr,Təsdiqlənib,Müştərinin gəliri və krediti təsdiqləndi | Yoxlayıcı_ID: 295
13570388,Rauf Məmmədov,03-18-98, kişi ,Magistr,İşləyən,2112,Nağd istehlak krediti,7214,toy xərcləri,24.47,1095.0,1,Bəli,Xeyr,Təsdiqlənib,Müştərinin gəliri və krediti təsdiqləndi
44895444,Əli Cavadov,01-02-04,K,Bakalavr,Tələbə,224 AZN,Təhsil krediti,558,əsas vəsaitlərin alınması - Biznes krediti,22.17,,0,,Xeyr,Təsdiqlənib,Müştərinin gəliri və krediti təsdiqləndi
55915340,Məhəmməd Qasımov,2003-08-02,K,Magistr,Tələbə,162,Təhsil krediti,2083,dövriyyə vəsaitlərinin artırılması - Biznes krediti,22.92,282.0,0,,Xeyr,Rədd edilib,Aşağı kredit reytinqi
88389214,Uğur Səfərov,09-16-82,K,Orta məktəb,İşsiz,106,Nağd istehlak krediti,783,şəxsi istehlak məqsədi,23.84,542.0,2,Xeyr,Xeyr,Təsdiqlənib,Bütün sənədlər qaydasındadır | Yoxlayıcı_ID: 339
41670394,Vəliyeva Məryəm,17/04/1981,Qadın,Bakalavr tehsili,Sahibkar,,Mikro kredit,"9,175",Biznes krediti,16.52,1729.0,4,Bəli,Xeyr,Təsdiqlənib,Müştərinin gəliri və krediti təsdiqləndi
41341389,Yusif Əliyev,30/03/2004,Kişi,Bakalavr,Tələbə,290 AZN,Təhsil krediti,2030,Biznes krediti,17.51,732.0,0,,Xeyr,Təsdiqlənib,Bütün sənədlər qaydasındadır
48451900,Anar Əhmədov,1984-12-28, kişi ,Bakalavr,İşləyən,3997,Nağd istehlak krediti,15765,tibbi xərclər,22.77,1313.0,0,,Xeyr,Təsdiqlənib,Müştərinin gəliri və krediti təsdiqləndi
53071963,Aylin Rzayeva,2004-03-19,,Magistr,Tələbə,259,Təhsil krediti,2700,əsas vəsaitlərin alınması - Biznes krediti,20.5,468.0,1,Bəli,Xeyr,Rədd edilib,Aşağı kredit reytinqi
16754789,Yusif Vəliyev,28/03/1989, kişi ,Orta məktəb,İşsiz,283,Nağd istehlak krediti,721 manat,toy xərcləri,23.03,525.0,2,Bəli,Xeyr,Təsdiqlənib,Müştərinin gəliri və krediti təsdiqləndi | Yoxlayıcı_ID: 977
49963738,Ayan Rzayeva,12/08/1991,qadin,Orta məktəb,İşsiz,288,Nağd istehlak krediti,547,şəxsi istehlak məqsədi,21.87,233.0,1,Bəli,Bəli,Rədd edilib,'Qara siyahı'da olmaq | Yoxlayıcı_ID: 734
98419541,Aylin Cavadova,30/12/1976,Q,Bakalavr,İşləyən,2929 AZN,Nağd istehlak kriditi,13192,təmir,13.94,670.0,1,Xeyr,Xeyr,Təsdiqlənib,Bütün sənədlər qaydasındadır | Yoxlayıcı_ID: 496
41585151,ramin səfərov,1981-12-14,Kişi,Bakalvar tehsili,İşləyən,2689,Nağd istehlak krediti,8585,təmir,19.38,,3,Xeyr,Xeyr,Təsdiqlənib,Bütün sənədlər qaydasındadır
11808083,Zəhra Tağıyeva,15/01/1990,Qadın,Magistr,İşləyən,1244,Nağd istehlak krediti,9451,məişət avadanlığı alışı,11.47,1148.0,2,Xeyr,Bəli,Rədd edilib,'Qara siyahı'da olmaq
15395622,Kamal İbrahimov,1992-06-20, kişi ,Bakalavr,Sahibkar,5811,Mikro kredit,44335,əsas vəsaitlərin alınması - Biznes krediti,19.44,1753.0,4,Xeyr,Xeyr,Təsdiqlənib,Bütün sənədlər qaydasındadır
52965740,Günel Babayeva,11/09/1980,qadin,Bakalavr,İşləyən,3671,Nağd istehlak krediti,18052,təmir,24.62,467.0,0,,Xeyr,Rədd edilib,Aşağı kredit reytinqi
91851461,Fidan Cavadova,2001-03-15,,Magistr,İşləyən,2267,Nağd istehlak krediti,5918,məişət avadanlığı alışı,11.36,650.0,2,Xeyr,Xeyr,Təsdiqlənib,Müştərinin gəliri və krediti təsdiqləndi
30324067,Nigar Nəsirova,06-20-97,,Orta məktəb,İşsiz,246,Nağd istehlak krediti,800,şəxsi istehlak məqsədi,18.68,300.0,1,Xeyr,Xeyr,Rədd edilib,Aşağı kredit reytinqi
51949755,Sahil İbrahimov,26/01/1995,K,Orta məktəb,İşsiz,290,Nağd istehlak krediti,518 manat,məişət avadanlığı alışı,15.42,255.0,0,,Xeyr,Rədd edilib,Aşağı kredit reytinqi
85154514,Uğur Rəhimov,1972-08-28,K,Bakalavr,Sahibkar,5551,Mikro kredit,37519,dövriyyə vəsaitlərinin artırılması - Biznes krediti,10.91,1310.0,5,Xeyr,Xeyr,Təsdiqlənib,Müştərinin gəliri və krediti təsdiqləndi
60064608,Sevinc Abdullayeva,1989-02-01,Q,Bakalavr,İşləyən,2342 AZN,Avtomobil krediti,15113,təmir,16.04,415.0,3,Xeyr,Xeyr,Rədd edilib,Aşağı kredit reytinqi
51769107,Günel Quliyeva,10-26-07,qadin,Bakalavr tehsili,Tələbə,174,Təhsil krediti,679,Biznes krediti,24.74,622.0,0,,Xeyr,Təsdiqlənib,Bütün sənədlər qaydasındadır
57099122,Kamal Sultanov,12-15-79,K,Bakalavr tehsili,Sahibkar,9208,Mikro kredit,11424,Biznes krediti,23.91,1093.0,7,Bəli,Xeyr,Təsdiqlənib,Bütün sənədlər qaydasındadır
61122728,Nihat Rzayev,1977-11-10, kişi ,Bakalavr tehsili,İşləyən,"3,682",Nağd istehlak krediti,10525,tibbi xərclər,19.5,1352.0,2,Xeyr,Xeyr,Təsdiqlənib,Bütün sənədlər qaydasındadır
70643042,Fidan Məmmədova,18/10/1972,Q,Magistr,İşləyən,1301,Nağd istehlak krediti,9712,təmir,12.26,1297.0,2,Xeyr,Xeyr,Təsdiqlənib,Müştərinin gəliri və krediti təsdiqləndi
46416093,Cavid Cəfərov,06/07/1979,Kişi,Bakalavr tehsili,İşləyən,1995,Avtomobil krediti,15550,məişət avadanlığı alışı,17.45,,2,Xeyr,Xeyr,Təsdiqlənib,Müştərinin gəliri və krediti təsdiqləndi
96186361,Zülfiyyə Əliyeva,26/01/2004,Qadın,Bakalavr,Tələbə,,Təhsil krediti,2267,əsas vəsaitlərin alınması - Biznes krediti,22.57,432.0,0,,Xeyr,Rədd edilib,Aşağı kredit reytinqi
49999499,Zülfiyyə Nəsirova,1988-12-20,Q,Magistr,Sahibkar,6153,Mikro kredit,82982,Biznes krediti,17.06,1577.0,6,Xeyr,Xeyr,Təsdiqlənib,Müştərinin gəliri və krediti təsdiqləndi
56315202,Elvin Nəsirov,1994-05-23,Kişi,Orta məktəb,İşsiz,78,Nağd istehlak krediti,462,məişət avadanlığı alışı,17.89,185.0,1,Xeyr,Xeyr,Rədd edilib,Aşağı kredit reytinqi
18662213,Ramin Cəfərov,12/09/1999,Kişi,Bakalavr tehsili,İşləyən,1837,Nağd istehlak krediti,13914,Təmir,24.32,,2,Xeyr,Xeyr,Təsdiqlənib,Bütün sənədlər qaydasındadır
94510520,Emin Rzayev,10/11/1991,Kişi,Magistr,İşləyən,2821,Nağd istehlak krediti,14160,şəxsi istehlak məqsədi,18.8,,3,Xeyr,Bəli,Rədd edilib,'Qara siyahı'da olmaq
80130508,Tural İsmayılov,10/01/1989,,Orta məktəb,İşsiz,285,Nağd istehlak krediti,499 AZN,toy xərcləri,16.61,136.0,1,Bəli,Xeyr,Rədd edilib,Aşağı kredit reytinqi
47199145,Günel Tağıyeva,07/06/2005,Qadın,Bakalavr tehsili,Tələbə,297 manat,Təhsil krediti,515 manat,dövriyyə vəsaitlərinin artırılması - Biznes krediti,11.92,745.0,0,,Xeyr,Təsdiqlənib,Bütün sənədlər qaydasındadır
61216976,Orxan Əliyev,2004-07-11,K,Bakalavr,Tələbə,190,Təhsil krediti,1378,dövriyyə vəsaitlərinin artırılması - Biznes krediti,11.68,766.0,0,,Xeyr,Təsdiqlənib,Bütün sənədlər qaydasındadır
70745790,Murad Babayev,05-14-98,K,Bakalavr tehsili,İşləyən,2700,Nağd istehlak krediti,761,tibbi xərclər,23.57,831.0,4,Xeyr,Xeyr,Təsdiqlənib,Müştərinin gəliri və krediti təsdiqləndi
72014794,Şəbnəm Sultanova,03-23-93,Qadın,Magistr,İşləyən,850 AZN,Nağd istehlak krediti,9811,təmir,23.1,1441.0,0,,Xeyr,Təsdiqlənib,İş stajı yetərsizdir
67903379,Nigar İbrahimova,06/03/1975,,Magistr,İşləyən,3768,Nağd istehlak krediti,14579,məişət avadanlığı alışı,23.94,798.0,1,Bəli,Xeyr,Təsdiqlənib,Müştərinin gəliri və krediti təsdiqləndi
43925643,Nigar Rzayeva,1994-05-27,,Orta məktəb,İşsiz,55 manat,Nağd istehlak krediti,590,şəxsi istehlak məqsədi,12.44,369.0,1,Xeyr,Bəli,Rədd edilib,'Qara siyahı'da olmaq
50290038,Əliyeva Aysel,07-12-82,qadin,Bakalavr tehsili,İşləyən,2846,Nağd istehlak krediti,13625,şəxsi istehlak məqsədi,23.27,820.0,0,,Xeyr,Təsdiqlənib,Müştərinin gəliri və krediti təsdiqləndi
42906937,Zülfiyyə Cavadova,1978-03-19,,Bakalavr tehsili,İşləyən,2929,Nağd istehlak krediti,12525,məişət avadanlığı alışı,23.72,1485.0,3,Bəli,Xeyr,Təsdiqlənib,Müştərinin gəliri və krediti təsdiqləndi
41759843,Məhəmməd Abdullayev,02-09-97,,Magistr,İşləyən,2842,Nağd istehlak krediti,18735,məişət avadanlığı alışı,22.18,752.0,0,,Xeyr,Təsdiqlənib,Bütün sənədlər qaydasındadır
40235144,murad quliyev,06/05/1967,,Orta məktəb,İşsiz,74,Nağd istehlak krediti,971,toy xərcləri,13.06,140.0,0,,Xeyr,Rədd edilib,Aşağı kredit reytinqi
77467877,Quliyeva Zeynəb,04-25-91,Q,Magistr,İşləyən,1154,Nağd istehlak krediti,8103,toy xərcləri,11.77,1192.0,4,Bəli,Xeyr,Təsdiqlənib,Müştərinin gəliri və krediti təsdiqləndi
44550434,Rauf Qasımov,29/11/1984,K,Orta məktəb,İşsiz,8,Nağd istehlak krediti,753,təmir,23.83,158.0,2,Xeyr,Xeyr,Rədd edilib,Aşağı kredit reytinqi
25804460,Səbinə Nəsirova,2004-12-10,qadin,Magistr,Tələbə,267,Təhsil krediti,719,Biznes krediti,15.94,430.0,0,,Xeyr,Rədd edilib,Aşağı kredit reytinqi
70899314,Aylin Babayeva,09-26-88,,Bakalavr,Sahibkar,7510,Mikro kredit,58359,Biznes krediti,16.63,916.0,2,Xeyr,Xeyr,Təsdiqlənib,Müştərinin gəliri və krediti təsdiqləndi | Yoxlayıcı_ID: 976
59680458,Samir Tağıyev,1995-03-17, kişi ,Magistr,İşləyən,975 AZN,Nağd istehlak krediti,797,şəxsi istehlak məqsədi,22.06,1453.0,2,Bəli,Xeyr,Təsdiqlənib,Müştərinin gəliri və krediti təsdiqləndi
26322076,Samir Məmmədov,07-15-77, kişi ,Bakalavr,İşləyən,2369,Nağd istehlak krediti,16578,şəxsi istehlak məqsədi,22.18,539.0,2,Bəli,Xeyr,Təsdiqlənib,Bütün sənədlər qaydasındadır
24948330,Zəhra Qasımova,06-25-99,Qadın,Bakalavr tehsili,İşləyən,1199,Nağd istehlak krediti,8737,məişət avadanlığı alışı,17.44,850.0,4,Bəli,Xeyr,Təsdiqlənib,'Qara siyahı'da olmaq | Yoxlayıcı_ID: 499
80157556,Orxan Hüseynov,09-25-73,Kişi,Orta məktəb,İşsiz,279,Nağd istehlak krediti,454,təmir,15.95,258.0,2,Xeyr,Xeyr,Rədd edilib,Aşağı kredit reytinqi | Yoxlayıcı_ID: 664
26536609,Səbinə Quliyeva,1988-10-19,qadin,Bakalavr tehsili,İşləyən,2574,Nağd istehlak krediti,"1,600",toy xərcləri,21.93,542.0,4,Bəli,Xeyr,Təsdiqlənib,Bütün sənədlər qaydasındadır
26566785,Yusif Babayev,2007-07-05,,Magistr,Tələbə,122,Təhsil krediti,2872,əsas vəsaitlərin alınması - Biznes krediti,15.68,547.0,0,,Xeyr,Təsdiqlənib,Müştərinin gəliri və krediti təsdiqləndi | Yoxlayıcı_ID: 345
97050048,Məryəm Əhmədova,2000-07-13,Qadın,Magistr,İşləyən,1277,Nağd istehlak krediti,16578,təmir,14.43,1194.0,0,,Xeyr,Təsdiqlənib,Bütün sənədlər qaydasındadır
79114995,Anar Sultanov,10-15-04,Kişi,Magistr,Tələbə,137,Təhsil krediti,2153,əsas vəsaitlərin alınması - Biznes krediti,21.47,201.0,1,Bəli,Xeyr,Rədd edilib,Aşağı kredit reytinqi
12781826,hüseyn əhmədov,20/12/1975, kişi ,Bakalavr tehsili,İşləyən,,Nağd istehlak krediti,8522,təmir,23.25,474.0,4,Bəli,Xeyr,Rədd edilib,Aşağı kredit reytinqi | Yoxlayıcı_ID: 790
60180407,Sevinc Nəsirova,11/06/1990,,Magistr,İşləyən,3649,Nağd istehlak krediti,10424,təmir,22.61,991.0,3,Bəli,Bəli,Rədd edilib,'Qara siyahı'da olmaq
23261902,Nigar Əhmədova,19/06/1978,Q,Bakalavr,İşləyən,1636,Nağd istehlak krediti,12249,məişət avadanlığı alışı,12.35,1361.0,1,Bəli,Xeyr,Təsdiqlənib,Bütün sənədlər qaydasındadır
48940811,Kamal Tağıyev,08/12/2005, kişi ,Bakalavr tehsili,Tələbə,212,Təhsil krediti,1397,əsas vəsaitlərin alınması - Biznes krediti,12.17,,0,,Xeyr,Rədd edilib,Aşağı kredit reytinqi | Yoxlayıcı_ID: 761
58141022,Kamal İbrahimov,02-28-74,,Bakalavr,Sahibkar,7647,Mikro kredit,99777,Biznes krediti,19.73,1198.0,2,Bəli,Xeyr,Təsdiqlənib,Bütün sənədlər qaydasındadır
18309531,Sevinc Vəliyeva,07-06-91,,Bakalavr tehsili,Sahibkar,9874,Mikro kredit,10211,dövriyyə vəsaitlərinin artırılması - Biznes krediti,16.84,1289.0,5,Xeyr,Xeyr,Təsdiqlənib,Müştərinin gəliri və krediti təsdiqləndi
83846414,Ayan Quliyeva,1977-05-20,qadin,Magistr,İşləyən,2359,Nağd istehlak krediti,11020,toy xərcləri,24.05,677.0,1,Xeyr,Xeyr,Təsdiqlənib,Bütün sənədlər qaydasındadır
56356714,Uğur Babayev,2007-02-11,K,Bakalavr tehsili,Tələbə,241,Təhsil krediti,2389,əsas vəsaitlərin alınması - Biznes krediti,20.75,599.0,0,,Xeyr,Təsdiqlənib,Bütün sənədlər qaydasındadır | Yoxlayıcı_ID: 698
83461484,Samir Əliyev,26/03/1975,Kişi,Bakalavr,İşləyən,3378,Nağd istehlak krediti,10734,tibbi xərclər,18.53,565.0,2,Bəli,Xeyr,Təsdiqlənib,Bütün sənədlər qaydasındadır
78094574,Rəna Cavadova,1995-09-03,qadin,Bakalavr tehsili,Sahibkar,6311,Mikro kredit,41145 manat,dövriyyə vəsaitlərinin artırılması - Biznes krediti,11.77,1670.0,5,Bəli,Xeyr,Təsdiqlənib,Bütün sənədlər qaydasındadır | Yoxlayıcı_ID: 429
20740186,Zülfiyyə Vəliyeva,1986-08-13,Qadın,Magistr,İşləyən,1501,Nağd istehlak krediti,19850,şəxsi istehlak məqsədi,13.86,1055.0,0,,Xeyr,Təsdiqlənib,Müştərinin gəliri və krediti təsdiqləndi
51845888,Sahil Məmmədov,1961-08-19,,Orta məktəb,İşsiz,323 manat,Nağd istehlak krediti,639,təmir,17.45,171.0,1,Bəli,Bəli,Rədd edilib,'Qara siyahı'da olmaq
52592251,Nihat Quliyev,03-22-79, kişi ,Magistr,İşləyən,3620,Nağd istehlak krediti,6393,məişət avadanlığı alışı,19.36,478.0,4,Bəli,Xeyr,Rədd edilib,Aşağı kredit reytinqi
76018780,Samir Babayev,1976-01-01,K,Bakalavr tehsili,İşləyən,2373,Avtomobil krediti,21207,şəxsi istehlak məqsədi,20.43,1087.0,1,Xeyr,Xeyr,Təsdiqlənib,Müştərinin gəliri və krediti təsdiqləndi
26352879,Samir İsmayılov,06-02-71,Kişi,Orta məktəb,İşsiz,374,Nağd istehlak krediti,756,toy xərcləri,11.8,330.0,1,Bəli,Xeyr,Rədd edilib,Aşağı kredit reytinqi
46934482,Samir Vəliyev,1972-06-14,K,Bakalavr,İşləyən,1684 AZN,Avtomobil krediti,16422,təmir,14.93,1098.0,4,Xeyr,Bəli,Rədd edilib,'Qara siyahı'da olmaq
15679880,Kamal Vəliyev,21/03/1974,K,Bakalavr tehsili,Sahibkar,9544,Mikro kredit,10653,əsas vəsaitlərin alınması - Biznes krediti,21.36,1464.0,5,Bəli,Xeyr,Təsdiqlənib,Müştərinin gəliri və krediti təsdiqləndi
27770071,Ramin Tağıyev,22/09/2002,,Bakalavr tehsili,İşləyən,2564,Nağd istehlak krediti,19622,təmir,16.61,1224.0,2,Xeyr,Xeyr,Təsdiqlənib,Bütün sənədlər qaydasındadır
60150060,Zəhra Qasımova,28/02/2002,Q,Bakalavr tehsili,İşləyən,982,Nağd istehlak krediti,8382,təmir,18.31,1370.0,1,Bəli,Xeyr,Təsdiqlənib,Müştərinin gəliri və krediti təsdiqləndi
55344258,Kamal Vəliyev,13/05/2007,,Bakalavr tehsili,Tələbə,162,Təhsil krediti,1417 manat,dövriyyə vəsaitlərinin artırılması - Biznes krediti,13.04,322.0,0,,Xeyr,Rədd edilib,Aşağı kredit reytinqi
27773541,Aydan Abdullayeva,2003-05-28,qadin,Magistr,Tələbə,118,Təhsil krediti,783,dövriyyə vəsaitlərinin artırılması - Biznes krediti,14.48,256.0,0,,Xeyr,Rədd edilib,Aşağı kredit reytinqi
80059266,Lalə Məmmədova,08-24-96,Qadın,Orta məktəb,İşsiz,,Nağd istehlak krediti,592,toy xərcləri,11.42,567.0,0,,Xeyr,Təsdiqlənib,'Qara siyahı'da olmaq | Yoxlayıcı_ID: 101
59058865,Məryəm İsmayılova,1989-12-14,Qadın,Magistr,İşləyən,3403,Nağd istehlak krediti,13474,şəxsi istehlak məqsədi,11.68,801.0,1,Xeyr,Xeyr,Təsdiqlənib,Bütün sənədlər qaydasındadır
12526496,Əli Qasımov,22/09/2004,K,Magistr,Tələbə,141,Təhsil krediti,524,Biznes krediti,15.23,307.0,1,Xeyr,Xeyr,Rədd edilib,Aşağı kredit reytinqi
78584583,Fatimə Əhmədova,14/04/1976,Q,Magistr,İşləyən,1140,Nağd istehlak krediti,1190,məişət avadanlığı alışı,19.9,471.0,4,Xeyr,Xeyr,Rədd edilib,Aşağı kredit reytinqi
60632220,Günel Abdullayeva,08/04/1974,Qadın,Bakalavr tehsili,İşləyən,1612,Nağd istehlak krediti,6483,təmir,10.9,1397.0,1,Bəli,Xeyr,Təsdiqlənib,Müştərinin gəliri və krediti təsdiqləndi
70579782,Hüseyn İsmayılov,1996-06-07, kişi ,Orta məktəb,İşsiz,119,Nağd istehlak krediti,577,məişət avadanlığı alışı,12.85,551.0,2,Bəli,Xeyr,Təsdiqlənib,Müştərinin gəliri və krediti təsdiqləndi
42053023,Cavid Cəfərov,20/06/2000,K,Magistr,İşləyən,3702,Nağd istehlak krediti,12084,şəxsi istehlak məqsədi,20.89,1287.0,0,,Xeyr,Təsdiqlənib,Bütün sənədlər qaydasındadır
41249658,Tural İsmayılov,2006-05-30,K,Bakalavr,Tələbə,230,Təhsil krediti,1772,dövriyyə vəsaitlərinin artırılması - Biznes krediti,23.34,557.0,0,,Xeyr,Təsdiqlənib,Bütün sənədlər qaydasındadır
46739059,Zəhra Vəliyeva,13/04/1986,,Bakalavr tehsili,İşləyən,2925,Nağd istehlak krediti,17252,toy xərcləri,21.16,1282.0,4,Bəli,Xeyr,Təsdiqlənib,Müştərinin gəliri və krediti təsdiqləndi | Yoxlayıcı_ID: 528
62276626,Ləman Səfərova,09-23-04,Qadın,Bakalavr,Tələbə,187,Təhsil krediti,1820,əsas vəsaitlərin alınması - Biznes krediti,22.64,792.0,0,,Xeyr,Təsdiqlənib,Bütün sənədlər qaydasındadır | Yoxlayıcı_ID: 452
63339508,Fatimə Rəhimova,07/01/1977,qadin,Magistr,İşləyən,2623,Nağd istehlak krediti,1257,məişət avadanlığı alışı,11.56,1394.0,3,Bəli,Xeyr,Təsdiqlənib,Müştərinin gəliri və krediti təsdiqləndi
96948741,Ayan Cavadova,09-21-83,Qadın,Magistr,İşləyən,3095,Nağd istehlak krediti,1882,toy xərcləri,19.46,1292.0,2,Xeyr,Xeyr,Təsdiqlənib,Bütün sənədlər qaydasındadır
75724145,Tural Tağıyev,23/04/2002, kişi ,Bakalavr tehsili,İşləyən,2319,Nağd istehlak krediti,12016,tibbi xərclər,13.36,625.0,2,Bəli,Xeyr,Təsdiqlənib,Bütün sənədlər qaydasındadır
69624734,Murad Məmmədov,1999-04-10, kişi ,Orta məktəb,İşsiz,22,Nağd istehlak krediti,564,məişət avadanlığı alışı,16.68,294.0,1,Bəli,Xeyr,Rədd edilib,Aşağı kredit reytinqi
98155598,Kəmalə Abdullayeva,06-08-96,Q,Bakalavr tehsili,İşləyən,3362,Nağd istehlak krediti,3441,toy xərcləri,12.16,827.0,4,Xeyr,Xeyr,Təsdiqlənib,Müştərinin gəliri və krediti təsdiqləndi
80054522,Rauf Babayev,12-13-97, kişi ,Magistr,İşləyən,2631,Avtomobil krediti,10333,toy xərcləri,24.8,1396.0,1,Xeyr,Xeyr,Təsdiqlənib,Bütün sənədlər qaydasındadır
83797765,Səbinə Quliyeva,10/08/1972,Qadın,Magistr,İşləyən,3762 manat,Nağd istehlak krediti,7778,məişət avadanlığı alışı,11.03,728.0,2,Bəli,Xeyr,Təsdiqlənib,Bütün sənədlər qaydasındadır | Yoxlayıcı_ID: 393
45697212,Aydan İsmayılova,2005-03-09,,Magistr,Tələbə,148,Təhsil kriditi,2511,Biznes krediti,24.28,516.0,0,,Xeyr,Təsdiqlənib,Bütün sənədlər qaydasındadır
83342693,Murad Nəsirov,06-19-83,,Bakalavr tehsili,İşləyən,1378,Nağd istehlak krediti,9742,tibbi xərclər,15.64,1504.0,1,Bəli,Xeyr,Təsdiqlənib,İş stajı yetərsizdir
81359124,Nərmin Cavadova,2006-06-24,,Bakalavr,Tələbə,195,Təhsil krediti,1220,Biznes krediti,11.01,358.0,1,Xeyr,Xeyr,Rədd edilib,Aşağı kredit reytinqi
72298198,Ləman Abdullayeva,2004-12-07,Qadın,Bakalavr,Tələbə,125,Təhsil krediti,2097 manat,Biznes krediti,12.47,627.0,1,Xeyr,Xeyr,Təsdiqlənib,Müştərinin gəliri və krediti təsdiqləndi
12075086,Elvin Qasımov,19/08/2004,,Magistr,Tələbə,101,Təhsil krediti,856,dövriyyə vəsaitlərinin artırılması - Biznes krediti,15.06,543.0,0,,Xeyr,Təsdiqlənib,Müştərinin gəliri və krediti təsdiqləndi | Yoxlayıcı_ID: 728
56898629,Sahil Məmmədov,1975-04-11,K,Orta məktəb,İşsiz,366,Nağd istehlak krediti,657,toy xərcləri,20.33,290.0,1,Bəli,Xeyr,Rədd edilib,Aşağı kredit reytinqi
29767789,Fidan Hüseynova,2004-01-04,Q,Bakalavr tehsili,Tələbə,227,Təhsil krediti,702,əsas vəsaitlərin alınması - Biznes krediti,18.76,360.0,0,Bəli,Xeyr,Rədd edilib,Aşağı kredit reytinqi
75221958, Hüseyn Babayev ,04/11/1982,Kişi,Magistr,İşləyən,"1,977",Nağd istehlak krediti,18428,şəxsi istehlak məqsədi,18.86,762.0,4,Bəli,Xeyr,Təsdiqlənib,Müştərinin gəliri və krediti təsdiqləndi
83587578,Murad Əhmədov,06-29-71, kişi ,Orta məktəb,İşsiz,338,Nağd istehlak krediti,750,məişət avadanlığı alışı,13.18,511.0,2,Bəli,Bəli,Rədd edilib,'Qara siyahı'da olmaq
92714986,Sahil Quliyev,08-07-86, kişi ,Orta məktəb,İşsiz,158,Nağd istehlak krediti,441,tibbi xərclər,21.04,474.0,1,Xeyr,Xeyr,Rədd edilib,Aşağı kredit reytinqi
22834365,Ləman İbrahimova,2003-09-18,Qadın,Bakalavr tehsili,Tələbə,240,Təhsil krediti,2606,dövriyyə vəsaitlərinin artırılması - Biznes krediti,15.51,784.0,0,,Xeyr,Təsdiqlənib,Bütün sənədlər qaydasındadır
80089339,Günel Əliyeva,1990-12-03,Q,Orta məktəb,İşsiz,112,Nağd istehlak krediti,541,şəxsi istehlak məqsədi,15.94,266.0,0,,Xeyr,Rədd edilib,Aşağı kredit reytinqi
94933490,Fatimə Cavadova,1992-04-01,Qadın,Magistr,İşləyən,1214,Nağd istehlak krediti,9251,şəxsi istehlak məqsədi,12.7,724.0,2,Xeyr,Xeyr,Təsdiqlənib,Müştərinin gəliri və krediti təsdiqləndi
25543703,Ramin Abdullayev,1981-10-04, kişi ,Magistr,İşləyən,3133 manat,Nağd istehlak krediti,4726,toy xərcləri,12.33,910.0,4,Xeyr,Bəli,Rədd edilib,'Qara siyahı'da olmaq
47284943,Zülfiyyə Abdullayeva,1991-09-07,Q,Magistr,İşləyən,1961,Nağd istehlak krediti,1650,toy xərcləri,17.82,1129.0,3,Bəli,Xeyr,Təsdiqlənib,Bütün sənədlər qaydasındadır | Yoxlayıcı_ID: 207
88151844, Səbinə Nəsirova ,2004-01-30,qadin,Bakalavr tehsili,Tələbə,160,Təhsil krediti,1952,əsas vəsaitlərin alınması - Biznes krediti,11.38,276.0,0,,Xeyr,Rədd edilib,Aşağı kredit reytinqi
63321856,Sevinc Tağıyeva,1992-05-29,Qadın,Bakalavr,İşləyən,1148,Nağd istehlak krediti,3424,şəxsi istehlak məqsədi,12.49,1264.0,4,Xeyr,Xeyr,Təsdiqlənib,Müştərinin gəliri və krediti təsdiqləndi
31137388,Şəbnəm Səfərova,13/04/1971,Qadın,Bakalavr tehsili,İşləyən,3648,Nağd istehlak krediti,15114,tibbi xərclər,13.76,1408.0,3,Bəli,Bəli,Rədd edilib,'Qara siyahı'da olmaq
15956008,Nərmin Cavadova,1973-10-16,qadin,Orta məktəb,İşsiz,393,Nağd istehlak krediti,801,şəxsi istehlak məqsədi,18.45,169.0,1,Xeyr,Xeyr,Rədd edilib,Aşağı kredit reytinqi
98040819,Zeynəb Nəsirova,08-28-95,Qadın,Bakalavr tehsili,Sahibkar,3580 manat,Mikro kredit,37964,əsas vəsaitlərin alınması - Biznes krediti,18.65,1254.0,4,Bəli,Xeyr,Təsdiqlənib,Müştərinin gəliri və krediti təsdiqləndi
73628709,Kəmalə Vəliyeva,23/01/1979,,Bakalavr,İşləyən,3366,Nağd istehlak krediti,8369,təmir,11.55,1219.0,4,Xeyr,Xeyr,Təsdiqlənib,Bütün sənədlər qaydasındadır
56444469,uğur səfərov,2005-08-03,Kişi,Magistr,Tələbə,262,Təhsil krediti,1917,əsas vəsaitlərin alınması - Biznes krediti,22.08,,0,,Xeyr,Təsdiqlənib,Müştərinin gəliri və krediti təsdiqləndi
33432222,Sevinc Rzayeva,07-24-93,Q,Bakalavr,İşləyən,1321,Nağd istehlak krediti,8208,toy xərcləri,21.31,1592.0,0,,Xeyr,Təsdiqlənib,Müştərinin gəliri və krediti təsdiqləndi
38760286,Sevinc Rüstəmova,1976-03-28,qadin,Magistr,İşləyən,2343,Nağd istehlak krediti,9409,təmir,15.78,971.0,2,Bəli,Xeyr,Təsdiqlənib,Bütün sənədlər qaydasındadır
41966382,Cavid Quliyev,01/10/1997, kişi ,Bakalavr tehsili,İşləyən,1783,Nağd istehlak krediti,18233 AZN,şəxsi istehlak məqsədi,22.02,1515.0,2,Bəli,Xeyr,Təsdiqlənib,Bütün sənədlər qaydasındadır | Yoxlayıcı_ID: 563
46899860, Cavid Qasımov ,1989-07-25, kişi ,Orta məktəb,İşsiz,52,Nağd istehlak krediti,441,şəxsi istehlak məqsədi,22.15,257.0,1,Xeyr,Xeyr,Rədd edilib,Aşağı kredit reytinqi
46228823,Hüseyn Babayev,03-28-68,K,Magistr,Sahibkar,8866,Mikro kredit,28521,Biznes krediti,24.31,1292.0,4,Bəli,Xeyr,Təsdiqlənib,Bütün sənədlər qaydasındadır
61702167,Kəmalə Rzayeva,08-22-68,,Orta məktəb,İşsiz,,Nağd istehlak krediti,815,məişət avadanlığı alışı,14.99,393.0,2,Xeyr,Xeyr,Rədd edilib,Aşağı kredit reytinqi
77177732,Rauf İsmayılov,03-19-03,,Magistr,Tələbə,156,Təhsil krediti,1266,dövriyyə vəsaitlərinin artırılması - Biznes krediti,22.17,706.0,0,,Xeyr,Təsdiqlənib,Müştərinin gəliri və krediti təsdiqləndi
43880605,Sevinc Hüseynova,12-26-83,Q,Magistr,İşləyən,2337,Nağd istehlak krediti,8260,toy xərcləri,11.85,1458.0,1,Xeyr,Xeyr,Təsdiqlənib,Müştərinin gəliri və krediti təsdiqləndi
11329119,Lalə Babayeva,12/06/1967,,Bakalavr,Sahibkar,9208,Mikro kredit,12149,dövriyyə vəsaitlərinin artırılması - Biznes krediti,23.47,1511.0,6,Xeyr,Xeyr,Təsdiqlənib,Müştərinin gəliri və krediti təsdiqləndi
57042809,Məhəmməd Tağıyev,1972-01-26,Kişi,Magistr,İşləyən,891 AZN,Nağd istehlak krediti,6427,məişət avadanlığı alışı,18.16,932.0,3,Xeyr,Xeyr,Təsdiqlənib,Bütün sənədlər qaydasındadır
55312959,Rauf Səfərov,2002-09-12,Kişi,Bakalavr tehsili,İşləyən,1273,Nağd istehlak krediti,17977,tibbi xərclər,11.05,1434.0,0,,Xeyr,Təsdiqlənib,Müştərinin gəliri və krediti təsdiqləndi
76668446,Zülfiyyə Sultanova,1992-06-16,qadin,Magistr,İşləyən,1395,Nağd istehlak krediti,13293,şəxsi istehlak məqsədi,22.61,828.0,4,Bəli,Xeyr,Təsdiqlənib,Bütün sənədlər qaydasındadır
18999687,Ramin Nəsirov,07-16-91,Kişi,Bakalavr tehsili,İşləyən,1033,Nağd istehlak krediti,5246,təmir,23.21,1528.0,1,Xeyr,Xeyr,Təsdiqlənib,Müştərinin gəliri və krediti təsdiqləndi | Yoxlayıcı_ID: 908
34251489,Rəna Tağıyeva,2004-03-17,Qadın,Bakalavr tehsili,Tələbə,105,Təhsil krediti,1622,Biznes krediti,14.04,723.0,0,,Xeyr,Təsdiqlənib,Müştərinin gəliri və krediti təsdiqləndi
91589115,Ayan Cavadova,24/10/1986,,Magistr,İşləyən,2740,Avtomobil krediti,18611,toy xərcləri,20.67,1167.0,0,,Xeyr,Təsdiqlənib,Müştərinin gəliri və krediti təsdiqləndi
43274854,Rəşad Hüseynov,03-10-74,Kişi,Bakalavr tehsili,İşləyən,3949,Nağd istehlak krediti,15947,toy xərcləri,19.62,1572.0,4,Xeyr,Xeyr,Təsdiqlənib,Müştərinin gəliri və krediti təsdiqləndi | Yoxlayıcı_ID: 360
31332973,aylin əhmədova,06-16-97,qadin,Orta məktəb,İşsiz,48 manat,Nağd istehlak krediti,301,təmir,15.58,566.0,2,Bəli,Xeyr,Təsdiqlənib,Bütün sənədlər qaydasındadır
91144836,Aysel Səfərova,1994-05-28,Qadın,Magistr,Sahibkar,7206,Mikro kredit,45702,əsas vəsaitlərin alınması - Biznes krediti,12.91,1484.0,4,Xeyr,Xeyr,Təsdiqlənib,Müştərinin gəliri və krediti təsdiqləndi
13212399,Aydan Quliyeva,02-04-79,,Bakalavr,İşləyən,2889,Avtomobil krediti,31271,məişət avadanlığı alışı,22.59,590.0,1,Bəli,Xeyr,Təsdiqlənib,Bütün sənədlər qaydasındadır
39576472,Anar Nəsirov,29/10/2002,K,Bakalavr tehsili,Tələbə,100,Təhsil krediti,1872,əsas vəsaitlərin alınması - Biznes krediti,22.92,541.0,0,,Xeyr,Təsdiqlənib,Bütün sənədlər qaydasındadır | Yoxlayıcı_ID: 534
33749286,Tural Rüstəmov,22/05/1998,K,Magistr,İşləyən,2190,Avtomobil krediti,34779,tibbi xərclər,12.61,1050.0,3,Xeyr,Xeyr,Təsdiqlənib,Müştərinin gəliri və krediti təsdiqləndi
62378031,Murad Babayev,10/08/1994,K,Orta məktəb,İşsiz,259,Nağd istehlak krediti,732,təmir,13.37,311.0,0,,Xeyr,Rədd edilib,Aşağı kredit reytinqi
99371020,Nərmin Tağıyeva,1983-10-06,,Bakalavr,İşləyən,,Nağd istehlak krediti,17363,təmir,24.09,581.0,2,Bəli,Xeyr,Təsdiqlənib,Bütün sənədlər qaydasındadır
75253252,Yusif Cəfərov,2003-01-25, kişi ,Bakalavr,Tələbə,221,Təhsil krediti,2255,Biznes krediti,16.99,264.0,0,,Xeyr,Təsdiqlənib,Aşağı kredit reytinqi
48967214,Nihat Əhmədov,1973-01-02,K,Bakalavr,İşləyən,3088,Avtomobil krediti,30281,şəxsi istehlak məqsədi,24.84,581.0,0,,Bəli,Rədd edilib,'Qara siyahı'da olmaq
84306160,Kəmalə İsmayılova,1962-03-15,qadin,Orta məktəb,İşsiz,307,Nağd istehlak krediti,802,toy xərcləri,22.37,464.0,1,Xeyr,Xeyr,Təsdiqlənib,Aşağı kredit reytinqi
91761373,Sevinc Qasımova,1967-12-14,qadin,Orta məktəb,İşsiz,239,Nağd istehlak krediti,748,toy xərcləri,11.17,174.0,1,Bəli,Xeyr,Rədd edilib,Aşağı kredit reytinqi
60584338, Aylin Əliyeva ,03-05-97,,Bakalavr tehsili,İşləyən,3944,Avtomobil krediti,10212,şəxsi istehlak məqsədi,22.48,1186.0,0,,Xeyr,Təsdiqlənib,Bütün sənədlər qaydasındadır | Yoxlayıcı_ID: 338
50706848,ramin nəsirov,27/05/1979,Kişi,Magistr,İşləyən,1437,Avtomobil kriditi,13649,şəxsi istehlak məqsədi,17.08,980.0,1,Bəli,Xeyr,Təsdiqlənib,Bütün sənədlər qaydasındadır
52808925, Zəhra Cavadova ,07-08-82,qadin,Bakalavr,İşləyən,3777,Nağd istehlak krediti,4713,təmir,15.32,1445.0,1,Bəli,Xeyr,Təsdiqlənib,Müştərinin gəliri və krediti təsdiqləndi
33189760,Orxan Qasımov,04/02/1994,K,Bakalavr tehsili,İşləyən,1469,Nağd istehlak krediti,15060,tibbi xərclər,17.44,476.0,0,,Xeyr,Rədd edilib,Aşağı kredit reytinqi
37648620,Aysel İbrahimova,08-12-96,,Bakalavr tehsili,İşləyən,1246,Avtomobil krediti,14110,məişət avadanlığı alışı,12.86,1344.0,4,Bəli,Xeyr,Təsdiqlənib,Müştərinin gəliri və krediti təsdiqləndi
53672646,Rəna Rəhimova,07-17-97,Q,Orta məktəb,İşsiz,258,Nağd istehlak krediti,533,təmir,24.78,600.0,1,Bəli,Xeyr,Təsdiqlənib,Bütün sənədlər qaydasındadır | Yoxlayıcı_ID: 715
83226335,Əli Cəfərov,01-09-06,K,Bakalavr,Tələbə,110,Təhsil krediti,1545,Biznes krediti,13.04,770.0,0,,Xeyr,Təsdiqlənib,Müştərinin gəliri və krediti təsdiqləndi
25095911,Zəhra Əhmədova,09/07/1993,,Orta məktəb,İşsiz,270,Nağd istehlak krediti,375,toy xərcləri,17.71,200.0,0,,Xeyr,Rədd edilib,Aşağı kredit reytinqi
13115581,Fatimə Nəsirova,1969-10-11,qadin,Bakalavr,Sahibkar,6419,Mikro kredit,59030,Biznes krediti,15.02,1416.0,3,Xeyr,Xeyr,Təsdiqlənib,Müştərinin gəliri və krediti təsdiqləndi
31842153,Aydan Abdullayeva,1995-08-23,Qadın,Bakalavr,İşləyən,3615 AZN,Nağd istehlak krediti,15195,məişət avadanlığı alışı,16.49,433.0,3,Xeyr,Xeyr,Rədd edilib,Aşağı kredit reytinqi
19978022,Sevinc Babayeva,02-18-72,qadin,Magistr,İşləyən,3845,Avtomobil krediti,24049,təmir,13.62,1571.0,3,Bəli,Xeyr,Təsdiqlənib,Müştərinin gəliri və krediti təsdiqləndi
45568636,Murad Rzayev,03-19-89,,Magistr,İşləyən,2351,Avtomobil krediti,18354,şəxsi istehlak məqsədi,24.74,1480.0,1,Xeyr,Xeyr,Təsdiqlənib,Bütün sənədlər qaydasındadır | Yoxlayıcı_ID: 842
37486217,Anar Hüseynov,09/12/1994,Kişi,Bakalavr,İşləyən,2909,Avtomobil krediti,"17,558",toy xərcləri,16.4,1478.0,1,Xeyr,Xeyr,Təsdiqlənib,Bütün sənədlər qaydasındadır | Yoxlayıcı_ID: 128
39262945,Anar Rzayev,10/11/1986,,Bakalavr,Sahibkar,3259,Mikro kredit,14267,dövriyyə vəsaitlərinin artırılması - Biznes krediti,20.56,921.0,3,Xeyr,Xeyr,Təsdiqlənib,Müştərinin gəliri və krediti təsdiqləndi
51229703,Aylin Rüstəmova,27/06/2003,Qadın,Bakalavr,Tələbə,146,Təhsil krediti,2888,dövriyyə vəsaitlərinin artırılması - Biznes krediti,21.75,619.0,1,Bəli,Xeyr,Təsdiqlənib,Bütün sənədlər qaydasındadır
16038016, Rəna Quliyeva ,1994-12-03,,Magistr,İşləyən,"3,536",Nağd istehlak krediti,11578,tibbi xərclər,12.08,1189.0,3,Bəli,Xeyr,Təsdiqlənib,Bütün sənədlər qaydasındadır
17379870,Sevinc Rzayeva,2001-08-17,Qadın,Bakalavr tehsili,İşləyən,1510,Nağd istehlak krediti,"7,946",şəxsi istehlak məqsədi,12.78,505.0,2,Bəli,Xeyr,Təsdiqlənib,Müştərinin gəliri və krediti təsdiqləndi
33485035,Nigar Sultanova,11-19-68,,Magistr,Sahibkar,9585,Mikro kredit,58478,dövriyyə vəsaitlərinin artırılması - Biznes krediti,22.19,1141.0,7,Xeyr,Xeyr,Təsdiqlənib,Bütün sənədlər qaydasındadır
66139926,Sahil Səfərov,11-09-74,K,Bakalavr,İşləyən,2063,Nağd istehlak krediti,8756,şəxsi istehlak məqsədi,12.51,670.0,0,,Xeyr,Təsdiqlənib,Müştərinin gəliri və krediti təsdiqləndi
51705094,Sahil Səfərov,01/09/1996, kişi ,Bakalavr tehsili,İşləyən,3215,Avtomobil krediti,31753,şəxsi istehlak məqsədi,22.18,1148.0,1,Xeyr,Bəli,Rədd edilib,'Qara siyahı'da olmaq
99578708,Elvin Babayev,04/08/1983,K,Magistr,Sahibkar,3697,Mikro kredit,96481,Biznes krediti,20.6,825.0,4,Bəli,Xeyr,Rədd edilib,Gəlir çatışmazlığı
59324841,Rəna Qasımova,02-13-95,,Magistr,İşləyən,1066,Avtomobil krediti,25908,təmir,19.65,1038.0,3,Bəli,Xeyr,Rədd edilib,Gəlir çatışmazlığı
21214595,Nərmin İsmayılova,07-01-77,Q,Bakalavr,İşləyən,3435,Nağd istehlak krediti,3075,təmir,11.02,1354.0,4,Xeyr,Xeyr,Təsdiqlənib,Müştərinin gəliri və krediti təsdiqləndi
87454619,Rauf Sultanov,1995-02-05, kişi ,Magistr,İşləyən,2478,Nağd istehlak krediti,2234,şəxsi istehlak məqsədi,24.44,808.0,1,Xeyr,Xeyr,Təsdiqlənib,Bütün sənədlər qaydasındadır
25184743,zeynəb əliyeva,10-01-88,Qadın,Bakalavr,İşləyən,1195,Nağd istehlak krediti,17404,təmir,12.19,928.0,2,Xeyr,Xeyr,Təsdiqlənib,Müştərinin gəliri və krediti təsdiqləndi | Yoxlayıcı_ID: 788
34190713,Elvin Əhmədov,1999-08-30,,Orta məktəb,İşsiz,80 AZN,Nağd istehlak krediti,312,şəxsi istehlak məqsədi,18.32,396.0,0,,Xeyr,Rədd edilib,Aşağı kredit reytinqi
22820282,Nihat Əhmədov,1985-03-10,Kişi,Bakalavr,İşləyən,2782,Nağd istehlak krediti,9340,şəxsi istehlak məqsədi,19.32,1493.0,2,Bəli,Xeyr,Təsdiqlənib,Bütün sənədlər qaydasındadır
16897823,Rəşad Quliyev,17/07/1982,K,Bakalavr,İşləyən,,Nağd istehlak krediti,9253,təmir,18.62,1347.0,4,Xeyr,Xeyr,Təsdiqlənib,Bütün sənədlər qaydasındadır
83651423,Samir Əliyev,1990-07-08,Kişi,Bakalavr,İşləyən,3544 AZN,Nağd istehlak krediti,4757,təmir,22.39,1513.0,1,Bəli,Xeyr,Təsdiqlənib,Müştərinin gəliri və krediti təsdiqləndi
24261515,Nərmin Rzayeva,01-24-72,Qadın,Magistr,İşləyən,3289,Nağd istehlak krediti,1627,təmir,16.82,556.0,1,Bəli,Xeyr,Təsdiqlənib,Bütün sənədlər qaydasındadır
32190854,Şəbnəm Tağıyeva,10-20-05,,Bakalavr,Tələbə,253 AZN,Təhsil krediti,"2,521",dövriyyə vəsaitlərinin artırılması - Biznes krediti,13.52,460.0,0,,Xeyr,Rədd edilib,Aşağı kredit reytinqi | Yoxlayıcı_ID: 193
26135597,Murad Babayev,1980-02-06,Kişi,Bakalavr tehsili,İşləyən,2618,Nağd istehlak krediti,2240 AZN,toy xərcləri,15.62,858.0,2,Bəli,Xeyr,Təsdiqlənib,Bütün sənədlər qaydasındadır
16151530,Əli Rzayev,1994-03-16,K,Magistr,İşləyən,1421,Nağd istehlak kriditi,13508,şəxsi istehlak məqsədi,13.08,1372.0,4,Bəli,Xeyr,Təsdiqlənib,Bütün sənədlər qaydasındadır
55916879,Kamal Tağıyev,15/04/1989,K,Bakalavr,İşləyən,2723,Nağd istehlak krediti,1900,təmir,19.25,1117.0,2,Bəli,Xeyr,Təsdiqlənib,Müştərinin gəliri və krediti təsdiqləndi
13593473,Uğur İsmayılov,1994-04-12,Kişi,Bakalavr tehsili,İşləyən,3727 manat,Nağd istehlak kriditi,18819,tibbi xərclər,22.9,586.0,2,Bəli,Xeyr,Təsdiqlənib,Müştərinin gəliri və krediti təsdiqləndi
82769165,Kəmalə Quliyeva,1980-02-01,qadin,Magistr,İşləyən,2500,Nağd istehlak krediti,12001 AZN,təmir,21.2,1449.0,0,,Xeyr,Təsdiqlənib,Müştərinin gəliri və krediti təsdiqləndi
61722512,Samir Vəliyev,09-16-79,,Orta məktəb,İşsiz,256,Nağd istehlak krediti,491,tibbi xərclər,17.75,416.0,1,Bəli,Xeyr,Rədd edilib,Aşağı kredit reytinqi
43085643,Rauf Vəliyev,1973-01-15,Kişi,Magistr,İşləyən,3788,Nağd istehlak krediti,4231,tibbi xərclər,11.26,1509.0,3,Bəli,Xeyr,Təsdiqlənib,Müştərinin gəliri və krediti təsdiqləndi
87195930,Kəmalə Nəsirova,2003-11-02,qadin,Bakalavr tehsili,Tələbə,103,Təhsil krediti,1339,Biznes krediti,14.86,606.0,0,,Xeyr,Təsdiqlənib,Bütün sənədlər qaydasındadır | Yoxlayıcı_ID: 696
85509660,Nihat İsmayılov,2003-07-20, kişi ,Magistr,Tələbə,178,Təhsil krediti,2603,əsas vəsaitlərin alınması - Biznes krediti,12.46,544.0,0,,Xeyr,Təsdiqlənib,Bütün sənədlər qaydasındadır
92652724,Anar İsmayılov,05/02/1982,,Orta məktəb,İşsiz,381,Nağd istehlak krediti,951,şəxsi istehlak məqsədi,17.83,520.0,0,,Xeyr,Təsdiqlənib,Bütün sənədlər qaydasındadır
33835090,Fatimə Vəliyeva,12/05/2007,Qadın,Bakalavr tehsili,Tələbə,236,Təhsil krediti,1177 manat,əsas vəsaitlərin alınması - Biznes krediti,17.96,217.0,0,,Xeyr,Rədd edilib,Aşağı kredit reytinqi | Yoxlayıcı_ID: 587
27402610,məhəmməd abdullayev,28/07/1982,Kişi,Orta məktəb,İşsiz,310,Nağd istehlak krediti,967,təmir,23.34,324.0,0,,Bəli,Rədd edilib,'Qara siyahı'da olmaq
48527891,günel abdullayeva,2003-06-01,Q,Magistr,Tələbə,111,Təhsil krediti,1664,Biznes krediti,16.58,,1,Xeyr,Xeyr,Təsdiqlənib,Bütün sənədlər qaydasındadır
45908752,Lalə Məmmədova,1999-01-22,Q,Orta məktəb,İşsiz,350,Nağd istehlak krediti,335,şəxsi istehlak məqsədi,23.99,523.0,0,,Xeyr,Təsdiqlənib,Müştərinin gəliri və krediti təsdiqləndi
52460013,Abdullayev Anar,06/07/2004,Kişi,Magistr,Tələbə,234,Təhsil krediti,1347,dövriyyə vəsaitlərinin artırılması - Biznes krediti,21.63,691.0,0,,Xeyr,Təsdiqlənib,Bütün sənədlər qaydasındadır | Yoxlayıcı_ID: 372
91494365,hüseyn tağıyev,12-30-73,,Bakalavr,Sahibkar,9844,Mikro kredit,21909,dövriyyə vəsaitlərinin artırılması - Biznes krediti,14.55,1067.0,3,Xeyr,Xeyr,Təsdiqlənib,Bütün sənədlər qaydasındadır
94028815,Fatimə Nəsirova,1999-03-09,qadin,Magistr,İşləyən,1771,Avtomobil krediti,12185,təmir,15.61,1435.0,0,,Xeyr,Təsdiqlənib,Müştərinin gəliri və krediti təsdiqləndi
24658393,Zeynəb Vəliyeva,09-03-03,qadin,Bakalavr tehsili,Tələbə,228,Təhsil krediti,2527,əsas vəsaitlərin alınması - Biznes krediti,22.83,537.0,0,,Xeyr,Təsdiqlənib,Bütün sənədlər qaydasındadır
57547418,Aydan Rzayeva,12-07-81,Q,Magistr,İşləyən,3729,Nağd istehlak krediti,15410,məişət avadanlığı alışı,11.14,1199.0,2,Bəli,Xeyr,Təsdiqlənib,Müştərinin gəliri və krediti təsdiqləndi | Yoxlayıcı_ID: 218
91469943,Quliyeva Zeynəb,11-13-87,qadin,Bakalavr tehsili,İşləyən,1520,Nağd istehlak krediti,1963,şəxsi istehlak məqsədi,11.33,540.0,1,Xeyr,Xeyr,Təsdiqlənib,Müştərinin gəliri və krediti təsdiqləndi
80929504,Orxan Rzayev,1988-01-22,Kişi,Bakalavr,İşləyən,3300,Nağd istehlak krediti,17634 manat,məişət avadanlığı alışı,20.81,437.0,3,Bəli,Xeyr,Təsdiqlənib,Aşağı kredit reytinqi
36696242,Rəna Rəhimova,09-10-07,,Bakalavr,Tələbə,213,Təhsil krediti,829,dövriyyə vəsaitlərinin artırılması - Biznes krediti,21.39,503.0,0,,Xeyr,Təsdiqlənib,Bütün sənədlər qaydasındadır | Yoxlayıcı_ID: 548
27231987,Anar Rüstəmov,12-10-72,K,Orta məktəb,İşsiz,333,Nağd istehlak krediti,753,təmir,13.23,,1,Xeyr,Xeyr,Rədd edilib,Aşağı kredit reytinqi | Yoxlayıcı_ID: 535
60043785,Nigar Səfərova,30/04/1972,Q,Bakalavr tehsili,Sahibkar,3122 AZN,Mikro kredit,81329,Biznes krediti,15.04,1362.0,2,Xeyr,Xeyr,Təsdiqlənib,Gəlir çatışmazlığı
57774034,Elvin Nəsirov,1983-11-15,K,Bakalavr,İşləyən,3476,Nağd istehlak krediti,4118,təmir,20.4,843.0,2,Xeyr,Xeyr,Təsdiqlənib,Bütün sənədlər qaydasındadır
16401891,Aysel Abdullayeva,1984-08-22,Qadın,Magistr,İşləyən,3920,Avtomobil krediti,25662,toy xərcləri,21.18,1546.0,4,Xeyr,Xeyr,Təsdiqlənib,Bütün sənədlər qaydasındadır
50174227,Hüseyn Səfərov,12-16-05,Kişi,Bakalavr,Tələbə,,Təhsil krediti,1212,dövriyyə vəsaitlərinin artırılması - Biznes krediti,18.49,733.0,0,,Xeyr,Təsdiqlənib,Bütün sənədlər qaydasındadır
39487092,Elvin Rüstəmov,30/11/1994,Kişi,Magistr,İşləyən,1073,Nağd istehlak krediti,19204,toy xərcləri,13.69,1590.0,1,Xeyr,Xeyr,Təsdiqlənib,Bütün sənədlər qaydasındadır
64437796,orxan rəhimov,1974-06-13, kişi ,Bakalavr tehsili,İşləyən,3064,Nağd istehlak krediti,18728 manat,tibbi xərclər,17.95,732.0,2,Xeyr,Xeyr,Təsdiqlənib,Bütün sənədlər qaydasındadır
90198937,Sevinc İbrahimova,08-13-98,Q,Orta məktəb,İşsiz,345,Nağd istehlak krediti,791,toy xərcləri,23.84,492.0,1,Xeyr,Xeyr,Rədd edilib,Aşağı kredit reytinqi
65127954,Aylin Abdullayeva,20/05/1991,Q,Bakalavr,İşləyən,2562,Nağd istehlak krediti,5198,məişət avadanlığı alışı,23.65,1435.0,0,,Xeyr,Təsdiqlənib,Müştərinin gəliri və krediti təsdiqləndi
88046734,Kamal Əhmədov,1975-11-03, kişi ,Orta məktəb,İşsiz,358,Nağd istehlak krediti,716,təmir,15.42,488.0,0,,Xeyr,Rədd edilib,Aşağı kredit reytinqi
13282274,Kamal İsmayılov,02-03-83,Kişi,Bakalavr tehsili,İşləyən,3526,Avtomobil krediti,16029,tibbi xərclər,22.35,1234.0,4,Xeyr,Xeyr,Təsdiqlənib,Bütün sənədlər qaydasındadır
83031417, Elvin Səfərov ,2003-12-01,,Bakalavr,Tələbə,135,Təhsil krediti,895,dövriyyə vəsaitlərinin artırılması - Biznes krediti,20.79,,0,,Xeyr,Təsdiqlənib,Bütün sənədlər qaydasındadır
25625163,Cavid İsmayılov,02-03-82,K,Magistr,İşləyən,3712,Nağd istehlak krediti,9329,məişət avadanlığı alışı,13.23,1594.0,4,Xeyr,Xeyr,Təsdiqlənib,Müştərinin gəliri və krediti təsdiqləndi | Yoxlayıcı_ID: 402
85850238,Şəbnəm Sultanova,1997-09-27,,Bakalavr tehsili,İşləyən,3635,Nağd istehlak krediti,5873 manat,toy xərcləri,21.68,,2,Bəli,Xeyr,Təsdiqlənib,Bütün sənədlər qaydasındadır
66802533,Cavid Vəliyev,1989-01-15,Kişi,Bakalavr,İşləyən,3984 AZN,Nağd istehlak krediti,3065,məişət avadanlığı alışı,16.88,1024.0,0,,Xeyr,Təsdiqlənib,Müştərinin gəliri və krediti təsdiqləndi
45738968,Əli İsmayılov,06/04/1978,K,Magistr,İşləyən,3720,Nağd istehlak krediti,4666,tibbi xərclər,23.9,1535.0,2,Bəli,Xeyr,Təsdiqlənib,Bütün sənədlər qaydasındadır
52195768,Rauf Abdullayev,20/02/1977,K,Orta məktəb,İşsiz,80,Nağd istehlak krediti,588 manat,şəxsi istehlak məqsədi,13.16,335.0,1,Bəli,Xeyr,Rədd edilib,Aşağı kredit reytinqi
22381539,Kamal Əliyev,10-09-78, kişi ,Bakalavr,İşləyən,3194,Nağd istehlak krediti,16955,tibbi xərclər,17.27,1049.0,0,,Xeyr,Təsdiqlənib,Müştərinin gəliri və krediti təsdiqləndi | Yoxlayıcı_ID: 415
79169609,Kəmalə Hüseynova,25/05/2007,Qadın,Magistr,Tələbə,119,Təhsil krediti,643,əsas vəsaitlərin alınması - Biznes krediti,14.86,268.0,1,Xeyr,Xeyr,Rədd edilib,Aşağı kredit reytinqi
18172794,Aylin Quliyeva,1977-11-05,qadin,Magistr,İşləyən,1333,Nağd istehlak krediti,17539,şəxsi istehlak məqsədi,17.25,1557.0,1,Xeyr,Xeyr,Təsdiqlənib,Bütün sənədlər qaydasındadır
60549825,Rəşad Vəliyev,1984-10-04,,Bakalavr,İşləyən,2999,Avtomobil krediti,26145,təmir,17.92,1365.0,4,Bəli,Bəli,Rədd edilib,'Qara siyahı'da olmaq | Yoxlayıcı_ID: 849
44540764,Şəbnəm İbrahimova,2004-07-20,qadin,Bakalavr tehsili,Tələbə,237,Təhsil krediti,1414,dövriyyə vəsaitlərinin artırılması - Biznes krediti,18.41,420.0,0,,Xeyr,Rədd edilib,Aşağı kredit reytinqi
95558843,Zeynəb Vəliyeva,1992-04-08,qadin,Bakalavr tehsili,İşləyən,3680,Nağd istehlak krediti,8013,tibbi xərclər,23.32,1325.0,3,Xeyr,Bəli,Rədd edilib,'Qara siyahı'da olmaq
97596732,Uğur İsmayılov,1995-11-20,K,Bakalavr,İşləyən,3976,Nağd istehlak krediti,5710,məişət avadanlığı alışı,15.24,749.0,0,,Xeyr,Təsdiqlənib,Müştərinin gəliri və krediti təsdiqləndi
84434988,Aydan Nəsirova,12/06/1988,,Bakalavr tehsili,Sahibkar,5475,Mikro kredit,38107,əsas vəsaitlərin alınması - Biznes krediti,14.86,1717.0,5,Bəli,Xeyr,Təsdiqlənib,Müştərinin gəliri və krediti təsdiqləndi | Yoxlayıcı_ID: 921
57283102,Nərmin Məmmədova,1961-04-23,qadin,Orta məktəb,İşsiz,330,Nağd istehlak kriditi,369,şəxsi istehlak məqsədi,14.47,243.0,1,Xeyr,Xeyr,Rədd edilib,Aşağı kredit reytinqi
12522460,Lalə Hüseynova,2003-02-14,,Bakalavr tehsili,Tələbə,293,Təhsil krediti,2596,Biznes krediti,15.54,306.0,0,,Xeyr,Rədd edilib,Aşağı kredit reytinqi
83681249,Yusif İsmayılov,1988-03-03,,Bakalavr,İşləyən,1973,Nağd istehlak krediti,18768,tibbi xərclər,17.41,666.0,2,Bəli,Xeyr,Təsdiqlənib,Müştərinin gəliri və krediti təsdiqləndi | Yoxlayıcı_ID: 985
63865350,Samir Babayev,01-04-73,Kişi,Magistr,İşləyən,2135,Avtomobil krediti,29053,toy xərcləri,16.77,1017.0,1,Bəli,Xeyr,Təsdiqlənib,Müştərinin gəliri və krediti təsdiqləndi
48729637,Nihat Hüseynov,08-22-93,Kişi,Magistr,Sahibkar,9987,Mikro kredit,70196,Biznes krediti,13.16,993.0,3,Xeyr,Xeyr,Təsdiqlənib,Müştərinin gəliri və krediti təsdiqləndi
37269966,Ayan Sultanova,1983-07-26,Q,Bakalavr,İşləyən,1280,Nağd istehlak krediti,7424,məişət avadanlığı alışı,11.49,1248.0,3,Xeyr,Xeyr,Təsdiqlənib,Müştərinin gəliri və krediti təsdiqləndi
23495872,Ramin Qasımov,02/02/1977, kişi ,Orta məktəb,İşsiz,64,Nağd istehlak krediti,939,toy xərcləri,18.76,483.0,2,Xeyr,Xeyr,Rədd edilib,Aşağı kredit reytinqi
89101827,Lalə Babayeva,08-05-98,Qadın,Orta məktəb,İşsiz,356,Nağd istehlak krediti,978,toy xərcləri,18.11,450.0,1,Xeyr,Xeyr,Rədd edilib,Aşağı kredit reytinqi | Yoxlayıcı_ID: 901
47108042, Aydan Cavadova ,1987-11-01,Q,Bakalavr tehsili,İşləyən,3033,Nağd istehlak krediti,16065,şəxsi istehlak məqsədi,24.03,1328.0,4,Xeyr,Xeyr,Təsdiqlənib,Bütün sənədlər qaydasındadır
10145618,Cavid Babayev,02/02/1991,K,Bakalavr tehsili,İşləyən,3345,Avtomobil krediti,36589,toy xərcləri,16.67,494.0,3,Bəli,Xeyr,Rədd edilib,Aşağı kredit reytinqi
35964623,Ayan Cavadova,1974-09-09,qadin,Bakalavr tehsili,İşləyən,2309,Nağd istehlak krediti,11491,tibbi xərclər,21.52,1244.0,0,,Xeyr,Təsdiqlənib,Bütün sənədlər qaydasındadır
64356687,Lalə Cəfərova,14/03/1991,,Bakalavr,İşləyən,1050,Nağd istehlak krediti,9624,məişət avadanlığı alışı,21.35,,1,Bəli,Xeyr,Rədd edilib,Aşağı kredit reytinqi
18633549,Aydan Nəsirova,01-22-86,Qadın,Orta məktəb,İşsiz,184,Nağd istehlak krediti,881,təmir,13.85,227.0,2,Bəli,Xeyr,Rədd edilib,Aşağı kredit reytinqi
45156774,Günel Rzayeva,10/02/1999,,Bakalavr tehsili,İşləyən,1133,Nağd istehlak krediti,"4,475",şəxsi istehlak məqsədi,21.55,580.0,0,,Xeyr,Təsdiqlənib,Müştərinin gəliri və krediti təsdiqləndi
49478235,Ayan Əliyeva,1976-07-21,Q,Bakalavr,İşləyən,1343,Nağd istehlak krediti,5984,toy xərcləri,19.99,1067.0,0,,Xeyr,Təsdiqlənib,Bütün sənədlər qaydasındadır
37138688,nihat rzayev,1997-05-04,Kişi,Magistr,İşləyən,1557,Nağd istehlak krediti,3524,məişət avadanlığı alışı,16.82,596.0,4,Bəli,Xeyr,Təsdiqlənib,Müştərinin gəliri və krediti təsdiqləndi
59224977,Aylin Rəhimova,14/06/2004,,Bakalavr tehsili,Tələbə,190,Təhsil krediti,2644,Biznes krediti,15.14,516.0,0,,Xeyr,Təsdiqlənib,Bütün sənədlər qaydasındadır
57755972,Cavadova Sevinc,01-16-04,,Bakalavr tehsili,Tələbə,203,Təhsil krediti,983,dövriyyə vəsaitlərinin artırılması - Biznes krediti,22.24,631.0,0,,Xeyr,Təsdiqlənib,Bütün sənədlər qaydasındadır
56440053,Nigar İsmayılova,1984-02-10,Qadın,Bakalavr tehsili,Sahibkar,4033,Mikro kredit,21198,Biznes krediti,20.9,1033.0,7,Xeyr,Xeyr,Təsdiqlənib,Bütün sənədlər qaydasındadır
27655455,Fidan Hüseynova,01/01/1995,Q,Orta məktəb,İşsiz,135,Nağd istehlak krediti,785,təmir,16.24,513.0,0,,Xeyr,Təsdiqlənib,Bütün sənədlər qaydasındadır
78527728,Aydan Tağıyeva,1991-10-02,Qadın,Bakalavr tehsili,İşləyən,2010,Nağd istehlak krediti,5175,təmir,21.27,443.0,0,,Xeyr,Rədd edilib,Aşağı kredit reytinqi
74935589,Əli Babayev,1971-03-05,K,Bakalavr,İşləyən,3470,Avtomobil krediti,30947,təmir,16.51,745.0,2,Bəli,Xeyr,Təsdiqlənib,Müştərinin gəliri və krediti təsdiqləndi
18716553,Ləman Səfərova,17/12/1983,Qadın,Bakalavr,İşləyən,1026,Avtomobil krediti,25672,toy xərcləri,20.68,840.0,3,Bəli,Xeyr,Rədd edilib,Gəlir çatışmazlığı | Yoxlayıcı_ID: 861
78331778,Aysel Səfərova,01-17-77,Q,Bakalavr,Sahibkar,8017,Mikro kredit,70004,Biznes krediti,20.38,1799.0,5,Xeyr,Bəli,Rədd edilib,'Qara siyahı'da olmaq
32343670,Rəna Abdullayeva,1972-11-20,Qadın,Bakalavr tehsili,İşləyən,3489,Nağd istehlak krediti,8539,məişət avadanlığı alışı,24.13,1141.0,4,Xeyr,Xeyr,Təsdiqlənib,Bütün sənədlər qaydasındadır
83236226,Fərid Səfərov,07/08/2006,,Bakalavr tehsili,Tələbə,118,Təhsil krediti,1573,dövriyyə vəsaitlərinin artırılması - Biznes krediti,13.66,643.0,0,,Xeyr,Təsdiqlənib,Bütün sənədlər qaydasındadır
39848174,Cavid Abdullayev,28/05/1976,Kişi,Magistr,İşləyən,1199,Nağd istehlak krediti,9176,toy xərcləri,18.64,1142.0,1,Bəli,Xeyr,Təsdiqlənib,Müştərinin gəliri və krediti təsdiqləndi
52609694,Zülfiyyə Rzayeva,1994-06-01,,Orta məktəb,İşsiz,39,Nağd istehlak krediti,328,tibbi xərclər,16.2,530.0,1,Xeyr,Xeyr,Təsdiqlənib,Bütün sənədlər qaydasındadır
19170066,Elvin Babayev,1976-04-06,K,Bakalavr tehsili,Sahibkar,5335,Mikro kredit,23861 AZN,Biznes krediti,21.92,1544.0,5,Xeyr,Xeyr,Təsdiqlənib,Bütün sənədlər qaydasındadır | Yoxlayıcı_ID: 250
77230601,Zəhra Vəliyeva,11/05/1994,qadin,Bakalavr,İşləyən,1686,Nağd istehlak krediti,12663,toy xərcləri,16.41,1292.0,3,Bəli,Bəli,Rədd edilib,'Qara siyahı'da olmaq
85094610,Sevinc Sultanova,09/12/1976,Q,Bakalavr tehsili,İşləyən,1993,Nağd istehlak krediti,15927,məişət avadanlığı alışı,13.99,1374.0,0,,Xeyr,Təsdiqlənib,Bütün sənədlər qaydasındadır
52334077,Aydan İsmayılova,21/10/1973,qadin,Bakalavr,İşləyən,1829,Nağd istehlak krediti,18442,toy xərcləri,17.16,525.0,4,Xeyr,Xeyr,Təsdiqlənib,Müştərinin gəliri və krediti təsdiqləndi | Yoxlayıcı_ID: 616
30195530,Günel Vəliyeva,2005-05-24,,Magistr,Tələbə,169,Təhsil krediti,2838,dövriyyə vəsaitlərinin artırılması - Biznes krediti,21.8,454.0,1,Xeyr,Xeyr,Rədd edilib,Aşağı kredit reytinqi
75521140,Orxan Nəsirov,08/08/1976, kişi ,Magistr,İşləyən,3614,Nağd istehlak krediti,19116,təmir,20.58,1512.0,4,Bəli,Xeyr,Təsdiqlənib,Müştərinin gəliri və krediti təsdiqləndi
85848383,Zülfiyyə Vəliyeva,07/11/1998,qadin,Orta məktəb,İşsiz,334,Nağd istehlak krediti,429,şəxsi istehlak məqsədi,14.48,307.0,1,Bəli,Xeyr,Rədd edilib,Aşağı kredit reytinqi
95008190,Məryəm Rzayeva,03/02/1994,Q,Bakalavr,İşləyən,3220,Nağd istehlak krediti,9023,şəxsi istehlak məqsədi,17.13,704.0,4,Bəli,Xeyr,Təsdiqlənib,Müştərinin gəliri və krediti təsdiqləndi
88727913,Samir Cəfərov,19/08/1989,K,Magistr,İşləyən,2540,Nağd istehlak kriditi,3653,şəxsi istehlak məqsədi,21.8,603.0,3,Bəli,Xeyr,Təsdiqlənib,Müştərinin gəliri və krediti təsdiqləndi | Yoxlayıcı_ID: 860
79842465,Uğur Nəsirov,1995-04-04,K,Orta məktəb,İşsiz,379,Nağd istehlak krediti,463,təmir,15.36,481.0,1,Xeyr,Xeyr,Rədd edilib,Aşağı kredit reytinqi
19643462,Aydan Rzayeva,1973-03-04,,Bakalavr tehsili,İşləyən,1715,Nağd istehlak krediti,15146,təmir,21.89,1091.0,3,Bəli,Xeyr,Təsdiqlənib,Bütün sənədlər qaydasındadır
93617227,Fidan Babayeva,30/01/1972,,Bakalavr,Sahibkar,2803,Mikro kredit,"39,821",əsas vəsaitlərin alınması - Biznes krediti,19.86,1379.0,8,Xeyr,Xeyr,Təsdiqlənib,Müştərinin gəliri və krediti təsdiqləndi
24547345,Anar İsmayılov,2004-10-13,Kişi,Magistr,Tələbə,196,Təhsil krediti,2867,dövriyyə vəsaitlərinin artırılması - Biznes krediti,12.2,470.0,0,,Xeyr,Rədd edilib,Aşağı kredit reytinqi | Yoxlayıcı_ID: 161
74921948,Aysel Tağıyeva,01/03/2004,Qadın,Bakalavr,Tələbə,226,Təhsil krediti,2796,dövriyyə vəsaitlərinin artırılması - Biznes krediti,20.94,281.0,0,Bəli,Xeyr,Rədd edilib,Aşağı kredit reytinqi
69563157,Lalə Rüstəmova,21/05/1975,,Magistr,İşləyən,2582,Avtomobil krediti,33194,tibbi xərclər,17.56,,2,Xeyr,Xeyr,Təsdiqlənib,Müştərinin gəliri və krediti təsdiqləndi
11488531,Fidan Əhmədova,02/01/2003,Qadın,Bakalavr tehsili,Tələbə,162,Təhsil krediti,1259,əsas vəsaitlərin alınması - Biznes krediti,23.63,292.0,0,,Xeyr,Rədd edilib,Aşağı kredit reytinqi
46893724, Emin Rüstəmov ,04-02-05,Kişi,Magistr,Tələbə,154,Təhsil krediti,2054,dövriyyə vəsaitlərinin artırılması - Biznes krediti,24.61,,1,Xeyr,Xeyr,Təsdiqlənib,Bütün sənədlər qaydasındadır | Yoxlayıcı_ID: 532
36125388,Məryəm Nəsirova,1975-12-01,,Magistr,İşləyən,3324,Nağd istehlak krediti,17171,məişət avadanlığı alışı,21.81,765.0,4,Xeyr,Xeyr,Təsdiqlənib,Müştərinin gəliri və krediti təsdiqləndi
23785891,Sevinc İbrahimova,2002-12-30,Q,Magistr,Tələbə,297,Təhsil krediti,2097,dövriyyə vəsaitlərinin artırılması - Biznes krediti,11.56,317.0,0,,Xeyr,Rədd edilib,Aşağı kredit reytinqi
60417624,Ləman Rəhimova,1989-08-05,qadin,Magistr,Sahibkar,6428,Mikro kredit,11601,əsas vəsaitlərin alınması - Biznes krediti,23.69,1800.0,8,Xeyr,Xeyr,Təsdiqlənib,Bütün sənədlər qaydasındadır
41767050,Aydan Rzayeva,25/08/1974,Qadın,Bakalavr,İşləyən,899,Nağd istehlak krediti,6019,toy xərcləri,13.8,991.0,4,Xeyr,Xeyr,Təsdiqlənib,Müştərinin gəliri və krediti təsdiqləndi
86107566,Cavid Rəhimov,1976-07-03,,Orta məktəb,İşsiz,391,Nağd istehlak krediti,796,tibbi xərclər,13.85,600.0,0,,Xeyr,Təsdiqlənib,Müştərinin gəliri və krediti təsdiqləndi
36205756,Qasımova Rəna,11/01/1977,,Magistr,İşləyən,2206,Nağd istehlak krediti,2776,tibbi xərclər,12.32,1387.0,3,Bəli,Xeyr,Təsdiqlənib,Müştərinin gəliri və krediti təsdiqləndi
48336251,Ləman Tağıyeva,17/04/2000,qadin,Bakalavr tehsili,İşləyən,2723,Avtomobil krediti,28397 AZN,tibbi xərclər,16.22,1368.0,4,Bəli,Xeyr,Təsdiqlənib,Müştərinin gəliri və krediti təsdiqləndi
23817527,Aylin Vəliyeva,02-18-03,Q,Bakalavr,Tələbə,139,Təhsil krediti,716,Biznes krediti,24.73,601.0,1,Bəli,Xeyr,Təsdiqlənib,Bütün sənədlər qaydasındadır
43553705,Rəna Cəfərova,1988-12-29,,Bakalavr tehsili,İşləyən,2105,Nağd istehlak krediti,3248,tibbi xərclər,23.73,1586.0,4,Xeyr,Xeyr,Təsdiqlənib,Bütün sənədlər qaydasındadır
16234146,Nəsirov Ramin,2004-10-26, kişi ,Magistr,Tələbə,146,Təhsil krediti,504,dövriyyə vəsaitlərinin artırılması - Biznes krediti,16.48,364.0,0,,Xeyr,Rədd edilib,Aşağı kredit reytinqi
49608192,Aylin Qasımova,1979-09-11,Q,Orta məktəb,İşsiz,69,Nağd istehlak krediti,805,şəxsi istehlak məqsədi,12.78,258.0,0,,Xeyr,Rədd edilib,Aşağı kredit reytinqi
64263343,Sahil Məmmədov,13/12/1988,,Magistr,İşləyən,1923,Nağd istehlak krediti,7249,təmir,19.27,545.0,3,Xeyr,Xeyr,Təsdiqlənib,Müştərinin gəliri və krediti təsdiqləndi
40164664,Nərmin Babayeva,10/03/1999,Q,Magistr,İşləyən,2611,Nağd istehlak krediti,6083,tibbi xərclər,16.9,592.0,1,Bəli,Xeyr,Təsdiqlənib,Bütün sənədlər qaydasındadır
64505607,Aydan Hüseynova,2006-08-16,Q,Magistr,Tələbə,267,Təhsil krediti,862,əsas vəsaitlərin alınması - Biznes krediti,16.02,218.0,0,,Xeyr,Rədd edilib,Aşağı kredit reytinqi
76927358,Aydan Qasımova,18/10/1981,qadin,Bakalavr tehsili,İşləyən,877,Avtomobil krediti,32665,tibbi xərclər,13.67,1225.0,2,Xeyr,Bəli,Rədd edilib,'Qara siyahı'da olmaq | Yoxlayıcı_ID: 407
62464333,Nərmin Əliyeva,10-03-67,Qadın,Magistr,Sahibkar,3853,Mikro kredit,95585,dövriyyə vəsaitlərinin artırılması - Biznes krediti,24.49,1016.0,5,Bəli,Xeyr,Rədd edilib,Gəlir çatışmazlığı
99551628, Ayan Abdullayeva ,26/12/1986,Qadın,Bakalavr tehsili,İşləyən,2920,Nağd istehlak krediti,10524,tibbi xərclər,21.94,1235.0,3,Xeyr,Xeyr,Təsdiqlənib,Müştərinin gəliri və krediti təsdiqləndi
18602025,Zəhra Quliyeva,06-08-87,Q,Bakalavr tehsili,İşləyən,3170,Avtomobil krediti,"16,075",şəxsi istehlak məqsədi,22.47,429.0,2,Bəli,Xeyr,Təsdiqlənib,Aşağı kredit reytinqi
64901174,nərmin səfərova,04-16-86,Q,Magistr,İşləyən,1838,Nağd istehlak krediti,2069,təmir,13.92,867.0,1,Xeyr,Xeyr,Təsdiqlənib,Müştərinin gəliri və krediti təsdiqləndi
31981042,Fatimə İsmayılova,02-06-91,Q,Magistr,İşləyən,2738,Avtomobil krediti,29030 AZN,toy xərcləri,24.43,1243.0,0,,Xeyr,Təsdiqlənib,Bütün sənədlər qaydasındadır
71252261,Emin Əliyev,04-22-06,,Bakalavr tehsili,Tələbə,193,Təhsil krediti,1890,dövriyyə vəsaitlərinin artırılması - Biznes krediti,24.5,226.0,0,,Xeyr,Rədd edilib,Aşağı kredit reytinqi
37984210,Zülfiyyə İsmayılova,10-26-74,,Magistr,İşləyən,2044,Nağd istehlak krediti,2088,məişət avadanlığı alışı,17.15,819.0,3,Xeyr,Bəli,Rədd edilib,'Qara siyahı'da olmaq
90539949,Lalə Səfərova,1989-06-29,,Orta məktəb,İşsiz,400,Nağd istehlak krediti,453,tibbi xərclər,13.17,345.0,1,Bəli,Xeyr,Rədd edilib,Aşağı kredit reytinqi
32916660,Ayan Rəhimova,25/07/1974,Qadın,Orta məktəb,İşsiz,294,Nağd istehlak krediti,456,məişət avadanlığı alışı,12.27,378.0,1,Xeyr,Xeyr,Rədd edilib,Aşağı kredit reytinqi
11175660,Kamal Abdullayev,12/01/1984,,Bakalavr,Sahibkar,7080,Mikro kredit,68711,əsas vəsaitlərin alınması - Biznes krediti,17.16,,4,Xeyr,Xeyr,Təsdiqlənib,Müştərinin gəliri və krediti təsdiqləndi | Yoxlayıcı_ID: 149
96584670,Rauf Əhmədov,12-06-80, kişi ,Bakalavr,İşləyən,1292,Nağd istehlak krediti,10604,tibbi xərclər,15.91,1545.0,3,Xeyr,Xeyr,Təsdiqlənib,Bütün sənədlər qaydasındadır | Yoxlayıcı_ID: 979
79985309,Ləman Tağıyeva,12-01-88,,Orta məktəb,İşsiz,315,Nağd istehlak krediti,389,şəxsi istehlak məqsədi,24.15,565.0,1,Bəli,Xeyr,Təsdiqlənib,Müştərinin gəliri və krediti təsdiqləndi | Yoxlayıcı_ID: 181
25061747,Ləman Vəliyeva,02-15-76,,Bakalavr,İşləyən,1159,Nağd istehlak kriditi,4737,təmir,20.07,1427.0,4,Xeyr,Xeyr,Təsdiqlənib,Müştərinin gəliri və krediti təsdiqləndi
37967491,Aysel Rəhimova,11-05-03,Q,Magistr,Tələbə,200,Təhsil krediti,1347,dövriyyə vəsaitlərinin artırılması - Biznes krediti,17.67,,0,,Xeyr,Təsdiqlənib,Bütün sənədlər qaydasındadır
39796364,Fidan Rzayeva,04/09/1983,qadin,Orta məktəb,İşsiz,189,Nağd istehlak krediti,517,şəxsi istehlak məqsədi,14.05,472.0,1,Xeyr,Xeyr,Rədd edilib,Aşağı kredit reytinqi | Yoxlayıcı_ID: 931
91804576,Fərid Abdullayev,1994-10-02,,Bakalavr tehsili,İşləyən,2278,Nağd istehlak krediti,7771,şəxsi istehlak məqsədi,23.82,1422.0,2,Bəli,Xeyr,Təsdiqlənib,Bütün sənədlər qaydasındadır
12093519,Lalə Cavadova,28/02/1986,Qadın,Magistr,Sahibkar,8323,Mikro kredit,89929,Biznes krediti,18.77,1108.0,8,Bəli,Xeyr,Təsdiqlənib,Müştərinin gəliri və krediti təsdiqləndi
78887091,Ləman Quliyeva,01/05/1994,,Orta məktəb,İşsiz,175,Nağd istehlak krediti,458,toy xərcləri,24.29,296.0,0,,Bəli,Rədd edilib,'Qara siyahı'da olmaq
10464176,Əli Əliyev,1970-03-29,Kişi,Magistr,Sahibkar,7452,Mikro kredit,63345,dövriyyə vəsaitlərinin artırılması - Biznes krediti,22.46,1640.0,8,Xeyr,Xeyr,Təsdiqlənib,Müştərinin gəliri və krediti təsdiqləndi | Yoxlayıcı_ID: 526
18902180,Fidan Rüstəmova,2005-09-28,Qadın,Bakalavr tehsili,Tələbə,240 manat,Təhsil krediti,1809,əsas vəsaitlərin alınması - Biznes krediti,13.35,349.0,0,,Xeyr,Təsdiqlənib,Aşağı kredit reytinqi
74755029,Ramin Sultanov,02-12-04,,Bakalavr tehsili,Tələbə,120,Təhsil krediti,1276,dövriyyə vəsaitlərinin artırılması - Biznes krediti,19.63,733.0,1,Xeyr,Xeyr,Təsdiqlənib,Bütün sənədlər qaydasındadır
94556274,Rauf Rüstəmov,06-02-78,K,Bakalavr tehsili,İşləyən,1672,Nağd istehlak krediti,17167,məişət avadanlığı alışı,24.13,1589.0,2,Xeyr,Xeyr,Təsdiqlənib,Müştərinin gəliri və krediti təsdiqləndi
36316371,Məhəmməd Hüseynov,21/09/1981,K,Orta məktəb,İşsiz,160,Nağd istehlak krediti,350,toy xərcləri,11.66,183.0,0,,Xeyr,Rədd edilib,Aşağı kredit reytinqi
43722455,Zülfiyyə Rəhimova,11/05/1989,qadin,Orta məktəb,İşsiz,103,Nağd istehlak krediti,922,məişət avadanlığı alışı,23.15,461.0,1,Bəli,Xeyr,Rədd edilib,Aşağı kredit reytinqi | Yoxlayıcı_ID: 427
80145647,Nihat Səfərov,07-26-03,,Bakalavr,Tələbə,155,Təhsil krediti,2188 AZN,dövriyyə vəsaitlərinin artırılması - Biznes krediti,20.21,449.0,1,Xeyr,Xeyr,Təsdiqlənib,Aşağı kredit reytinqi
62603498,Sahil İbrahimov,10-14-89,Kişi,Orta məktəb,İşsiz,79,Nağd istehlak krediti,718,məişət avadanlığı alışı,15.54,196.0,1,Bəli,Xeyr,Rədd edilib,Aşağı kredit reytinqi | Yoxlayıcı_ID: 410
63370741,Məhəmməd Hüseynov,1995-10-31, kişi ,Bakalavr,İşləyən,3857,Nağd istehlak krediti,18238,toy xərcləri,24.67,1029.0,4,Xeyr,Xeyr,Təsdiqlənib,Müştərinin gəliri və krediti təsdiqləndi
87349059,Nihat Hüseynov,1998-09-24, kişi ,Bakalavr,İşləyən,"3,810",Nağd istehlak krediti,"6,773",şəxsi istehlak məqsədi,12.63,544.0,0,,Xeyr,Təsdiqlənib,Bütün sənədlər qaydasındadır
19098081,Samir İsmayılov,19/03/1994,Kişi,Orta məktəb,İşsiz,,Nağd istehlak krediti,470,məişət avadanlığı alışı,23.78,179.0,0,,Xeyr,Rədd edilib,Aşağı kredit reytinqi | Yoxlayıcı_ID: 465
56093520,Samir Tağıyev,07-16-83,K,Bakalavr,İşləyən,1624,Nağd istehlak krediti,8703,tibbi xərclər,22.61,666.0,2,Xeyr,Xeyr,Təsdiqlənib,Müştərinin gəliri və krediti təsdiqləndi
41270853,Səbinə Vəliyeva,13/08/1997,,Bakalavr,İşləyən,2321,Nağd istehlak krediti,12837 AZN,tibbi xərclər,13.28,1379.0,4,Xeyr,Xeyr,Təsdiqlənib,Müştərinin gəliri və krediti təsdiqləndi
39897458,Rəna Səfərova,10/05/2005,Q,Magistr,Tələbə,135,Təhsil krediti,1025,Biznes krediti,20.4,651.0,0,,Xeyr,Təsdiqlənib,İş stajı yetərsizdir
95197240,Rauf Əhmədov,05-12-78,,Bakalvar tehsili,Sahibkar,9067,Mikro kredit,92295,dövriyyə vəsaitlərinin artırılması - Biznes krediti,19.47,1549.0,6,Xeyr,Xeyr,Təsdiqlənib,Müştərinin gəliri və krediti təsdiqləndi | Yoxlayıcı_ID: 779
33595657,Hüseyn Məmmədov,06/04/2001,,Bakalavr tehsili,İşləyən,1555,Nağd istehlak krediti,975,şəxsi istehlak məqsədi,20.46,1558.0,2,Bəli,Xeyr,Təsdiqlənib,Müştərinin gəliri və krediti təsdiqləndi | Yoxlayıcı_ID: 551
77029014,Məryəm Əhmədova,1974-12-15,Qadın,Magistr,İşləyən,2570,Nağd istehlak krediti,15616,tibbi xərclər,24.69,1003.0,4,Bəli,Xeyr,Təsdiqlənib,Bütün sənədlər qaydasındadır
88268623,Anar Məmmədov,22/11/1975,Kişi,Bakalavr,İşləyən,2050,Nağd istehlak krediti,18561,tibbi xərclər,13.11,1032.0,4,Bəli,Xeyr,Təsdiqlənib,Bütün sənədlər qaydasındadır
19965021,Hüseyn Rüstəmov,2005-01-01,Kişi,Bakalavr tehsili,Tələbə,208,Təhsil krediti,675,Biznes krediti,12.82,521.0,1,Xeyr,Xeyr,Təsdiqlənib,Bütün sənədlər qaydasındadır
53829206,Nigar Cəfərova,02/12/1994,Qadın,Bakalavr,Sahibkar,8611,Mikro kredit,65512,əsas vəsaitlərin alınması - Biznes krediti,21.4,,2,Bəli,Xeyr,Təsdiqlənib,Bütün sənədlər qaydasındadır
38311585,Məryəm Əliyeva,07/09/1996,Qadın,Orta məktəb,İşsiz,284,Nağd istehlak krediti,918,təmir,13.32,598.0,0,,Xeyr,Təsdiqlənib,Müştərinin gəliri və krediti təsdiqləndi
29010642,Lalə Quliyeva,07/01/1989,Q,Bakalavr,İşləyən,3775,Nağd istehlak krediti,4452 manat,toy xərcləri,22.71,446.0,2,Bəli,Bəli,Rədd edilib,'Qara siyahı'da olmaq | Yoxlayıcı_ID: 335
88822746,Samir Nəsirov,12/12/1986,Kişi,Bakalavr,İşləyən,2831,Nağd istehlak krediti,16772 AZN,təmir,17.02,1445.0,3,Xeyr,Xeyr,Təsdiqlənib,Müştərinin gəliri və krediti təsdiqləndi
10134937,Samir Abdullayev,2005-03-02,K,Bakalavr tehsili,Tələbə,250,Təhsil krediti,919,Biznes krediti,23.99,583.0,0,,Xeyr,Təsdiqlənib,Bütün sənədlər qaydasındadır
25189475,Aydan Rəhimova,18/01/1980,qadin,Bakalavr tehsili,İşləyən,3190,Avtomobil krediti,26912,təmir,24.13,1406.0,3,Xeyr,Xeyr,Təsdiqlənib,Müştərinin gəliri və krediti təsdiqləndi
50883625,Lalə Hüseynova,14/08/1972,,Magistr,İşləyən,2206 AZN,Nağd istehlak krediti,6986,məişət avadanlığı alışı,22.82,1091.0,1,Bəli,Xeyr,Təsdiqlənib,Bütün sənədlər qaydasındadır
16814907,Uğur Hüseynov,1982-09-07,K,Orta məktəb,İşsiz,45,Nağd istehlak krediti,984487,şəxsi istehlak məqsədi,22.13,443.0,1,Xeyr,Xeyr,Rədd edilib,Aşağı kredit reytinqi | Yoxlayıcı_ID: 931
86784428,Kəmalə Nəsirova,10-13-86,qadin,Bakalavr,İşləyən,3481,Nağd istehlak krediti,8120,toy xərcləri,14.31,1234.0,1,Bəli,Bəli,Rədd edilib,'Qara siyahı'da olmaq
74975938,Məryəm Qasımova,2004-10-15,Qadın,Bakalavr tehsili,Tələbə,282,Təhsil krediti,2560,dövriyyə vəsaitlərinin artırılması - Biznes krediti,13.78,639.0,0,,Xeyr,Təsdiqlənib,Müştərinin gəliri və krediti təsdiqləndi
62252019,ramin qasımov,2003-12-15,Kişi,Bakalavr tehsili,Tələbə,111,Təhsil krediti,2739,Təmir,12.92,348.0,0,,Xeyr,Rədd edilib,Aşağı kredit reytinqi
53052214,Zeynəb İsmayılova,2003-02-21,Qadın,Magistr,Tələbə,282,Təhsil krediti,2345,əsas vəsaitlərin alınması - Biznes krediti,13.54,210.0,0,,Xeyr,Rədd edilib,Aşağı kredit reytinqi
68090368,Aydan Quliyeva,27/09/2005,Q,Bakalavr,Tələbə,242,Təhsil krediti,2221,əsas vəsaitlərin alınması - Biznes krediti,15.57,,0,,Xeyr,Təsdiqlənib,Bütün sənədlər qaydasındadır
34997875,Murad Sultanov,12-28-03,Kişi,Bakalavr,Tələbə,220,Təhsil krediti,1050,əsas vəsaitlərin alınması - Biznes krediti,23.76,508.0,0,,Xeyr,Təsdiqlənib,Müştərinin gəliri və krediti təsdiqləndi
45539187,Aylin Vəliyeva,1988-08-21,qadin,Magistr,Sahibkar,9750,Mikro kredit,75150,əsas vəsaitlərin alınması - Biznes krediti,21.53,1080.0,8,Xeyr,Xeyr,Təsdiqlənib,Bütün sənədlər qaydasındadır
66767751,Sevinc Rəhimova,2004-10-29,qadin,Bakalavr tehsili,Tələbə,164,Təhsil krediti,555,Biznes krediti,16.4,443.0,0,,Xeyr,Rədd edilib,Aşağı kredit reytinqi | Yoxlayıcı_ID: 797
69279409,Ləman Vəliyeva,1985-07-01,qadin,Bakalavr,Sahibkar,8137 AZN,Mikro kridit,44249,Biznes krediti,13.3,1715.0,7,Xeyr,Xeyr,Təsdiqlənib,Müştərinin gəliri və krediti təsdiqləndi
81224866,Məryəm Səfərova,1990-05-17,Q,Bakalavr tehsili,İşləyən,2606,Nağd istehlak krediti,11574,şəxsi istehlak məqsədi,24.78,673.0,0,,Xeyr,Təsdiqlənib,Müştərinin gəliri və krediti təsdiqləndi
70805596,Sahil Nəsirov,1971-12-25,K,Bakalavr tehsili,İşləyən,2550,Nağd istehlak krediti,9886,təmir,19.4,1134.0,0,,Xeyr,Təsdiqlənib,Bütün sənədlər qaydasındadır | Yoxlayıcı_ID: 298
80735446,Günel Məmmədova,14/06/2007,qadin,Magistr,Tələbə,158,Təhsil krediti,1583,əsas vəsaitlərin alınması - Biznes krediti,11.58,,0,,Xeyr,Təsdiqlənib,Müştərinin gəliri və krediti təsdiqləndi | Yoxlayıcı_ID: 625
25226006,Rəna Sultanova,13/03/1988,Q,Magistr,İşləyən,931,Nağd istehlak krediti,19482,məişət avadanlığı alışı,21.26,1039.0,0,,Xeyr,Təsdiqlənib,Müştərinin gəliri və krediti təsdiqləndi
12895537,Rəna Rəhimova,15/12/1988,Q,Bakalavr,İşləyən,2873,Avtomobil krediti,17177,məişət avadanlığı alışı,21.47,997.0,0,,Xeyr,Təsdiqlənib,Müştərinin gəliri və krediti təsdiqləndi
50022262,Kamal Rzayev,16/07/1967, kişi ,Bakalavr tehsili,Sahibkar,2967,Mikro kredit,39136,əsas vəsaitlərin alınması - Biznes krediti,21.59,1452.0,6,Xeyr,Xeyr,Təsdiqlənib,Müştərinin gəliri və krediti təsdiqləndi | Yoxlayıcı_ID: 691
88101541,Aydan Abdullayeva,05-04-05,,Magistr,Tələbə,120,Təhsil krediti,831,Biznes krediti,14.76,778.0,0,,Xeyr,Təsdiqlənib,Bütün sənədlər qaydasındadır
33822187,Aydan İsmayılova,1989-01-16,Q,Orta məktəb,İşsiz,301,Nağd istehlak krediti,787,toy xərcləri,23.56,202.0,1,Bəli,Xeyr,Rədd edilib,Aşağı kredit reytinqi
65172371,Ləman Əhmədova,06/11/1971,qadin,Bakalavr tehsili,Sahibkar,5664,Mikro kredit,79415,əsas vəsaitlərin alınması - Biznes krediti,20.73,,2,Bəli,Xeyr,Təsdiqlənib,Bütün sənədlər qaydasındadır
52760746,Kamal İbrahimov,12-18-05,Kişi,Magistr,Tələbə,121,Təhsil krediti,1883,Biznes krediti,20.81,696.0,1,Bəli,Xeyr,Təsdiqlənib,Bütün sənədlər qaydasındadır
98072433,Məryəm İbrahimova,06-09-05,,Bakalavr tehsili,Tələbə,246,Təhsil krediti,784,dövriyyə vəsaitlərinin artırılması - Biznes krediti,17.09,492.0,0,,Xeyr,Təsdiqlənib,Aşağı kredit reytinqi
67903506, Fərid Abdullayev ,1984-08-31,K,Bakalavr tehsili,İşləyən,1477,Avtomobil krediti,10540,məişət avadanlığı alışı,23.9,1428.0,4,Xeyr,Xeyr,Təsdiqlənib,Müştərinin gəliri və krediti təsdiqləndi
96579884,Rəna Cavadova,03-13-71,qadin,Orta məktəb,İşsiz,164,Nağd istehlak krediti,830,toy xərcləri,20.84,,1,Xeyr,Xeyr,Rədd edilib,Aşağı kredit reytinqi
42846408,Rauf Cəfərov,1974-01-27, kişi ,Bakalavr,İşləyən,1398,Nağd istehlak krediti,11109,toy xərcləri,17.85,892.0,1,Bəli,Xeyr,Təsdiqlənib,Müştərinin gəliri və krediti təsdiqləndi
36626876,Rəşad Abdullayev,1986-10-23, kişi ,Bakalavr,Sahibkar,9048,Mikro kredit,10299,əsas vəsaitlərin alınması - Biznes krediti,18.81,1718.0,8,Xeyr,Xeyr,Təsdiqlənib,Müştərinin gəliri və krediti təsdiqləndi
61916324,Rəşad Qasımov,05/12/1994,,Bakalavr tehsili,Sahibkar,5196,Mikro kredit,28076,Biznes krediti,14.79,1369.0,5,Bəli,Xeyr,Təsdiqlənib,Bütün sənədlər qaydasındadır
31121045,Zeynəb İsmayılova,1990-03-19,Qadın,Orta məktəb,İşsiz,170,Nağd istehlak krediti,349 manat,təmir,19.83,402.0,1,Bəli,Xeyr,Rədd edilib,Aşağı kredit reytinqi
14780398,Hüseyn Əliyev,1998-09-28,Kişi,Bakalavr,İşləyən,"2,268",Avtomobil krediti,32390,şəxsi istehlak məqsədi,17.39,750.0,4,Bəli,Xeyr,Təsdiqlənib,Bütün sənədlər qaydasındadır
87184593,Rəna Əliyeva,1989-06-10,,Magistr,İşləyən,2645,Avtomobil krediti,33209,şəxsi istehlak məqsədi,16.97,1385.0,2,Xeyr,Bəli,Rədd edilib,'Qara siyahı'da olmaq
98640085,Hüseyn İsmayılov,09-08-72,K,Bakalavr,İşləyən,3704,Nağd istehlak krediti,790,tibbi xərclər,18.68,944.0,3,Bəli,Xeyr,Təsdiqlənib,Bütün sənədlər qaydasındadır
88130539,Fərid Səfərov,2003-01-28, kişi ,Bakalavr,Tələbə,149,Təhsil krediti,2368,Biznes krediti,12.49,410.0,1,Xeyr,Xeyr,Rədd edilib,Aşağı kredit reytinqi
50807940,Tural Məmmədov,1998-12-04, kişi ,Orta məktəb,İşsiz,52,Nağd istehlak krediti,713,tibbi xərclər,24.68,545.0,2,Xeyr,Bəli,Rədd edilib,'Qara siyahı'da olmaq
53906474,Aydan Rzayeva,2003-04-04,Q,Magistr,Tələbə,220,Təhsil krediti,1821,dövriyyə vəsaitlərinin artırılması - Biznes krediti,15.14,259.0,0,,Xeyr,Rədd edilib,Aşağı kredit reytinqi
47685196,Nigar Məmmədova,09-26-90,Q,Bakalavr tehsili,İşləyən,2464,Nağd istehlak krediti,13528,tibbi xərclər,16.99,1521.0,2,Bəli,Xeyr,Təsdiqlənib,Müştərinin gəliri və krediti təsdiqləndi
23624344,Ləman Quliyeva,08-26-68,,Bakalavr tehsili,Sahibkar,2743,Mikro kredit,31645,dövriyyə vəsaitlərinin artırılması - Biznes krediti,22.48,1480.0,6,Xeyr,Xeyr,Təsdiqlənib,Bütün sənədlər qaydasındadır
70069461,Kamal Əliyev,14/01/1967,,Magistr,Sahibkar,5223,Mikro kredit,23501,Təmir,22.19,1755.0,6,Xeyr,Xeyr,Təsdiqlənib,Müştərinin gəliri və krediti təsdiqləndi
33046876,Ayan Əliyeva,11-20-03,Qadın,Magistr,Tələbə,136,Təhsil krediti,994,Biznes krediti,13.99,790.0,0,,Xeyr,Təsdiqlənib,Bütün sənədlər qaydasındadır | Yoxlayıcı_ID: 882
54006864,Anar Əhmədov,1973-04-19, kişi ,Bakalavr tehsili,Sahibkar,4635,Mikro kredit,53339,Biznes krediti,18.66,1293.0,4,Xeyr,Xeyr,Təsdiqlənib,Bütün sənədlər qaydasındadır
31708860,Rəşad Əliyev,18/06/2007,Kişi,Bakalavr,Tələbə,134,Təhsil krediti,2866,Biznes krediti,11.6,252.0,0,,Xeyr,Rədd edilib,Aşağı kredit reytinqi
97504177,Hüseyn Sultanov,02-12-76,Kişi,Magistr,İşləyən,3761,Avtomobil krediti,10634,şəxsi istehlak məqsədi,13.3,968.0,2,Bəli,Xeyr,Təsdiqlənib,Bütün sənədlər qaydasındadır
79905006,Rauf Məmmədov,1977-03-15,K,Bakalavr tehsili,İşləyən,2273,Nağd istehlak krediti,7433,şəxsi istehlak məqsədi,14.73,434.0,1,Bəli,Xeyr,Rədd edilib,Aşağı kredit reytinqi
53349454,Samir Qasımov,02-28-95,,Magistr,İşləyən,2778,Avtomobil krediti,14613 AZN,şəxsi istehlak məqsədi,19.12,1209.0,0,,Xeyr,Təsdiqlənib,Müştərinin gəliri və krediti təsdiqləndi
99057661,Orxan Rzayev,08/01/1971,Kişi,Orta məktəb,İşsiz,151,Nağd istehlak krediti,400 AZN,təmir,12.36,480.0,0,,Xeyr,Rədd edilib,Aşağı kredit reytinqi
74788866,Murad Əliyev,12-08-93,,Bakalavr tehsili,İşləyən,2387,Nağd istehlak krediti,11255,şəxsi istehlak məqsədi,14.05,1490.0,0,,Xeyr,Təsdiqlənib,Bütün sənədlər qaydasındadır
57377019,Elvin Nəsirov,1972-12-08,,Bakalavr,İşləyən,1932,Nağd istehlak krediti,2619,toy xərcləri,24.31,993.0,1,Xeyr,Xeyr,Təsdiqlənib,Müştərinin gəliri və krediti təsdiqləndi
39945836,Sevinc İsmayılova,07-06-05,qadin,Bakalavr,Tələbə,283,Təhsil krediti,922,Biznes krediti,23.83,517.0,0,,Xeyr,Təsdiqlənib,Bütün sənədlər qaydasındadır
79503330,Günel Cəfərova,15/11/1975,Q,Bakalavr tehsili,İşləyən,3925,Nağd istehlak krediti,2599,təmir,18.89,984.0,1,Xeyr,Xeyr,Təsdiqlənib,Bütün sənədlər qaydasındadır
75330647,Cəfərova Nigar,15/08/2007,,Bakalavr tehsili,Tələbə,128,Təhsil krediti,1579,dövriyyə vəsaitlərinin artırılması - Biznes krediti,16.84,369.0,0,,Xeyr,Rədd edilib,Aşağı kredit reytinqi
90774656,Nigar İsmayılova,18/07/2004,,Magistr,Tələbə,194,Təhsil krediti,2496,əsas vəsaitlərin alınması - Biznes krediti,11.66,584.0,0,,Xeyr,Təsdiqlənib,Bütün sənədlər qaydasındadır
69849194,Fatimə Sultanova,1995-01-07,qadin,Bakalavr tehsili,İşləyən,2441,Nağd istehlak krediti,2659,tibbi xərclər,21.42,568.0,4,Xeyr,Xeyr,Təsdiqlənib,Müştərinin gəliri və krediti təsdiqləndi
77863915,Nərmin Səfərova,2006-10-04,Q,Bakalavr tehsili,Tələbə,215,Təhsil krediti,2714,əsas vəsaitlərin alınması - Biznes krediti,17.67,482.0,1,Bəli,Xeyr,Rədd edilib,Aşağı kredit reytinqi
27026507,Murad Hüseynov,03-05-66,,Magistr,Sahibkar,3957,Mikro kredit,47996,dövriyyə vəsaitlərinin artırılması - Biznes krediti,22.26,1221.0,8,Bəli,Xeyr,Təsdiqlənib,Səhv və ya natamam müraciət
23208119,Orxan Əhmədov,25/05/2006,,Bakalavr,Tələbə,250,Təhsil krediti,1235,əsas vəsaitlərin alınması - Biznes krediti,17.16,738.0,1,Xeyr,Xeyr,Təsdiqlənib,Müştərinin gəliri və krediti təsdiqləndi
23545264,Emin Rüstəmov,2004-02-08, kişi ,Magistr,Tələbə,209,Təhsil krediti,1517,əsas vəsaitlərin alınması - Biznes krediti,16.87,423.0,0,,Xeyr,Rədd edilib,Aşağı kredit reytinqi
15420090,Nərmin Nəsirova,02-23-89,qadin,Orta məktəb,İşsiz,238,Nağd istehlak kriditi,969,toy xərcləri,19.55,310.0,2,Bəli,Xeyr,Rədd edilib,Aşağı kredit reytinqi
76320182,Nigar Sultanova,12/02/1984,Q,Bakalavr,İşləyən,3686,Nağd istehlak krediti,7162,təmir,10.99,1340.0,4,Xeyr,Xeyr,Təsdiqlənib,Müştərinin gəliri və krediti təsdiqləndi
89622903,Ləman Cavadova,21/07/1979,,Bakalavr tehsili,İşləyən,834,Nağd istehlak krediti,18166,şəxsi istehlak məqsədi,20.38,811.0,3,Xeyr,Xeyr,Təsdiqlənib,Müştərinin gəliri və krediti təsdiqləndi
27377523,Fərid Səfərov,09/03/1989,,Bakalavr tehsili,Sahibkar,8920,Mikro kredit,63825,Biznes krediti,14.86,835.0,4,Bəli,Xeyr,Təsdiqlənib,Müştərinin gəliri və krediti təsdiqləndi
67336984,Ramin Abdullayev,1977-06-13, kişi ,Bakalvar,Sahibkar,9642,Mikro kredit,58791,əsas vəsaitlərin alınması - Biznes krediti,19.21,1323.0,6,Xeyr,Xeyr,Təsdiqlənib,Müştərinin gəliri və krediti təsdiqləndi
75989360,Lalə Quliyeva,22/12/1974,,Magistr,İşləyən,3236,Avtomobil krediti,38290,təmir,19.73,414.0,1,Xeyr,Xeyr,Rədd edilib,Aşağı kredit reytinqi
12657852,Hüseynova Fidan,1976-12-15,qadin,Orta məktəb,İşsiz,178,Nağd istehlak krediti,403,şəxsi istehlak məqsədi,14.94,242.0,2,Xeyr,Xeyr,Rədd edilib,Aşağı kredit reytinqi
48483229,Aylin Məmmədova,07-13-92,Q,Magistr,İşləyən,1740,Nağd istehlak krediti,15427,tibbi xərclər,14.56,518.0,1,Xeyr,Xeyr,Təsdiqlənib,Bütün sənədlər qaydasındadır | Yoxlayıcı_ID: 239
48259896,Məryəm Səfərova,1977-01-08,qadin,Bakalavr tehsili,İşləyən,2421,Nağd istehlak krediti,4776,toy xərcləri,18.17,740.0,4,Xeyr,Xeyr,Təsdiqlənib,Bütün sənədlər qaydasındadır
79597367,Fərid Rzayev,1999-02-19, kişi ,Magistr,İşləyən,2159,Nağd istehlak krediti,13247,toy xərcləri,17.38,405.0,1,Xeyr,Bəli,Rədd edilib,'Qara siyahı'da olmaq | Yoxlayıcı_ID: 944
74613806,günel nəsirova,1973-02-16,,Orta məktəb,İşsiz,204,Nağd istehlak krediti,899,şəxsi istehlak məqsədi,12.75,326.0,1,Bəli,Xeyr,Rədd edilib,Aşağı kredit reytinqi
91748067,Emin Abdullayev,08-24-94,Kişi,Bakalavr,İşləyən,2336,Nağd istehlak krediti,16668,tibbi xərclər,12.22,866.0,3,Bəli,Xeyr,Təsdiqlənib,Müştərinin gəliri və krediti təsdiqləndi | Yoxlayıcı_ID: 483
28525866,Rəna İbrahimova,09-18-07,,Bakalavr,Tələbə,,Təhsil krediti,2329,dövriyyə vəsaitlərinin artırılması - Biznes krediti,13.74,792.0,0,,Xeyr,Təsdiqlənib,Müştərinin gəliri və krediti təsdiqləndi
97821420,Ayan Məmmədova,1992-01-04,Q,Bakalavr tehsili,İşləyən,2392,Nağd istehlak krediti,6971,məişət avadanlığı alışı,23.81,,2,Bəli,Xeyr,Təsdiqlənib,Bütün sənədlər qaydasındadır
58371951,Ayan Tağıyeva,1992-09-05,,Orta məktəb,İşsiz,51,Nağd istehlak krediti,898,təmir,11.13,471.0,0,,Bəli,Rədd edilib,'Qara siyahı'da olmaq | Yoxlayıcı_ID: 964
96349065,Nihat Sultanov,1976-03-15, kişi ,Bakalavr,İşləyən,3832,Nağd istehlak krediti,"2,169",təmir,20.65,433.0,4,Bəli,Bəli,Rədd edilib,'Qara siyahı'da olmaq
68893606,Lalə Səfərova,2001-06-27,,Bakalvar tehsili,İşləyən,3527,Avtomobil krediti,38385,toy xərcləri,12.79,1412.0,0,,Xeyr,Təsdiqlənib,Müştərinin gəliri və krediti təsdiqləndi
92663018,Anar Quliyev,09-04-05,,Magistr,Tələbə,212,Təhsil krediti,500,dövriyyə vəsaitlərinin artırılması - Biznes krediti,17.39,737.0,0,,Xeyr,Təsdiqlənib,Bütün sənədlər qaydasındadır
44988390,Fərid Qasımov,02-25-04,,Bakalavr tehsili,Tələbə,165,Təhsil krediti,2051,əsas vəsaitlərin alınması - Biznes krediti,12.54,271.0,0,,Xeyr,Rədd edilib,Aşağı kredit reytinqi
10753380,Sevinc Quliyeva,16/09/2003,Q,Bakalavr,Tələbə,213,Təhsil krediti,2192,əsas vəsaitlərin alınması - Biznes krediti,24.56,534.0,0,,Xeyr,Təsdiqlənib,Müştərinin gəliri və krediti təsdiqləndi
82409891,Orxan Nəsirov,06-24-81,,Magistr,İşləyən,2651 AZN,Nağd istehlak krediti,16808,tibbi xərclər,22.99,889.0,1,Bəli,Xeyr,Təsdiqlənib,Bütün sənədlər qaydasındadır
53260894,Anar Sultanov,2006-08-18,,Bakalavr tehsili,Tələbə,245,Təhsil krediti,2429,Biznes krediti,15.5,392.0,0,,Xeyr,Rədd edilib,Aşağı kredit reytinqi
21628348, Orxan Vəliyev ,02/05/1998,K,Bakalavr tehsili,İşləyən,1595,Nağd istehlak kriditi,9599,toy xərcləri,14.96,1429.0,0,,Xeyr,Təsdiqlənib,Müştərinin gəliri və krediti təsdiqləndi
64668906,Məhəmməd Səfərov,07-30-92,K,Orta məktəb,İşsiz,159,Nağd istehlak krediti,1000,toy xərcləri,22.74,564.0,1,Xeyr,Xeyr,Təsdiqlənib,Bütün sənədlər qaydasındadır | Yoxlayıcı_ID: 370
56093245,Rauf Nəsirov,05-07-74,Kişi,Bakalavr,Sahibkar,8020,Mikro kredit,25309,dövriyyə vəsaitlərinin artırılması - Biznes krediti,22.77,1540.0,2,Bəli,Xeyr,Təsdiqlənib,Müştərinin gəliri və krediti təsdiqləndi
12100592,Əliyeva Aysel,1997-02-22,Qadın,Magistr,İşləyən,3926,Nağd istehlak krediti,17314,toy xərcləri,11.16,422.0,1,Bəli,Xeyr,Rədd edilib,Aşağı kredit reytinqi
91689922,Şəbnəm Quliyeva,20/09/1987,Q,Bakalavr tehsili,İşləyən,3338,Avtomobil krediti,30131 manat,təmir,11.68,777.0,1,Xeyr,Xeyr,Təsdiqlənib,Bütün sənədlər qaydasındadır
40470580,Murad İbrahimov,01/06/1971,K,Orta məktəb,İşsiz,159,Nağd istehlak krediti,372,məişət avadanlığı alışı,20.75,331.0,1,Xeyr,Xeyr,Rədd edilib,Aşağı kredit reytinqi
94758001, Cavid Vəliyev ,1978-08-05,Kişi,Bakalavr tehsili,İşləyən,2645 manat,Nağd istehlak krediti,1835,şəxsi istehlak məqsədi,17.63,554.0,2,Bəli,Xeyr,Təsdiqlənib,Müştərinin gəliri və krediti təsdiqləndi
98696619,Rəşad Hüseynov,10-27-99,K,Bakalavr,İşləyən,1941,Nağd istehlak krediti,1516,təmir,13.61,1183.0,0,,Xeyr,Təsdiqlənib,Bütün sənədlər qaydasındadır | Yoxlayıcı_ID: 834
86223248,Aydan İsmayılova,16/09/2005,Qadın,Magistr,Tələbə,188,Təhsil krediti,955,Biznes krediti,16.39,571.0,0,,Xeyr,Təsdiqlənib,Müştərinin gəliri və krediti təsdiqləndi
40368649,Nihat Səfərov,2006-03-13,K,Magistr,Tələbə,254,Təhsil krediti,2014,Biznes krediti,22.26,302.0,1,Bəli,Xeyr,Rədd edilib,Aşağı kredit reytinqi
55427508,Uğur Hüseynov,1978-09-11,,Bakalavr tehsili,Sahibkar,3074,Mikro kredit,46585,Biznes krediti,22.78,1203.0,6,Bəli,Xeyr,Təsdiqlənib,Bankın kredit şərtlərinə uyğun deyil
71866958,Emin Hüseynov,1971-01-21,,Magistr,İşləyən,3153,Nağd istehlak krediti,14109 manat,təmir,15.38,431.0,2,Bəli,Xeyr,Rədd edilib,Aşağı kredit reytinqi
45742779,Sahil Sultanov,11-01-05,,Bakalavr tehsili,Tələbə,231,Təhsil krediti,2804,dövriyyə vəsaitlərinin artırılması - Biznes krediti,13.2,663.0,0,,Xeyr,Təsdiqlənib,Müştərinin gəliri və krediti təsdiqləndi
15427547,Elvin Qasımov,1979-04-04,K,Bakalavr,İşləyən,2680,Nağd istehlak krediti,5697,təmir,21.39,519.0,0,,Xeyr,Təsdiqlənib,Bütün sənədlər qaydasındadır
15894823,Anar Əhmədov,05/01/1975,,Magistr,İşləyən,1926 manat,Nağd istehlak krediti,15525,şəxsi istehlak məqsədi,15.57,853.0,4,Xeyr,Xeyr,Təsdiqlənib,Bütün sənədlər qaydasındadır | Yoxlayıcı_ID: 494
81043794,Emin Tağıyev,09-01-05,K,Bakalavr,Tələbə,142,Təhsil krediti,675,əsas vəsaitlərin alınması - Biznes krediti,16.92,442.0,0,,Xeyr,Rədd edilib,Aşağı kredit reytinqi
53412707,Nərmin Rəhimova,09/08/2001,,Magistr,İşləyən,3341,Nağd istehlak krediti,5531,təmir,24.49,1367.0,3,Bəli,Xeyr,Təsdiqlənib,Müştərinin gəliri və krediti təsdiqləndi | Yoxlayıcı_ID: 672
86315594,Zeynəb Səfərova,08-21-03,,Magistr,Tələbə,300,Təhsil krediti,2272,Biznes krediti,21.35,785.0,0,,Xeyr,Təsdiqlənib,Bütün sənədlər qaydasındadır
77894850,Fərid Tağıyev,03-22-05, kişi ,Magistr,Tələbə,,Təhsil krediti,1226,əsas vəsaitlərin alınması - Biznes krediti,11.05,638.0,1,Xeyr,Xeyr,Təsdiqlənib,Bütün sənədlər qaydasındadır
15806330,Zəhra İbrahimova,09-05-95,Qadın,Bakalavr tehsili,İşləyən,2163,Nağd istehlak krediti,18502,məişət avadanlığı alışı,22.06,405.0,2,Xeyr,Bəli,Rədd edilib,'Qara siyahı'da olmaq
38046687,Zeynəb Səfərova,09/08/1994,Q,Orta məktəb,İşsiz,351,Nağd istehlak krediti,942,şəxsi istehlak məqsədi,11.21,128.0,1,Xeyr,Xeyr,Təsdiqlənib,Aşağı kredit reytinqi
92743060,Elvin Cavadov,1976-10-01,Kişi,Bakalavr tehsili,Sahibkar,4989 manat,Mikro kredit,9351,əsas vəsaitlərin alınması - Biznes krediti,14.26,869.0,6,Bəli,Xeyr,Təsdiqlənib,Bütün sənədlər qaydasındadır
68701655,Məhəmməd Cəfərov,1980-05-26,Kişi,Magistr,İşləyən,3198,Nağd istehlak krediti,1223,tibbi xərclər,21.88,1479.0,0,,Xeyr,Təsdiqlənib,Müştərinin gəliri və krediti təsdiqləndi | Yoxlayıcı_ID: 643
53080071,Cavid Qasımov,01/02/1965, kişi ,Orta məktəb,İşsiz,39,Nağd istehlak krediti,965,tibbi xərclər,17.98,445.0,2,Xeyr,Xeyr,Rədd edilib,Aşağı kredit reytinqi
85875870,Zeynəb Hüseynova,09-09-61,qadin,Orta məktəb,İşsiz,121,Nağd istehlak krediti,436,toy xərcləri,14.19,359.0,2,Xeyr,Xeyr,Rədd edilib,Aşağı kredit reytinqi
65167824,Tağıyeva Rəna,2006-11-06,,Bakalavr,Tələbə,193,Təhsil krediti,"1,482",dövriyyə vəsaitlərinin artırılması - Biznes krediti,19.35,603.0,0,,Xeyr,Təsdiqlənib,Müştərinin gəliri və krediti təsdiqləndi
68757614,Anar İsmayılov,03/06/1996,Kişi,Bakalavr,İşləyən,3518,Avtomobil krediti,32010,məişət avadanlığı alışı,20.64,1361.0,4,Xeyr,Xeyr,Təsdiqlənib,Bütün sənədlər qaydasındadır | Yoxlayıcı_ID: 856
61164016,Kamal Tağıyev,08-24-07,Kişi,Bakalavr,Tələbə,196,Təhsil krediti,783,dövriyyə vəsaitlərinin artırılması - Biznes krediti,22.03,604.0,1,Xeyr,Xeyr,Təsdiqlənib,Müştərinin gəliri və krediti təsdiqləndi
89108968,Zülfiyyə İsmayılova,1978-09-14,,Bakalavr tehsili,İşləyən,3000,Nağd istehlak krediti,5148,təmir,22.91,590.0,1,Bəli,Xeyr,Təsdiqlənib,Bütün sənədlər qaydasındadır
50392460,Məryəm Hüseynova,16/03/2007,,Bakalavr tehsili,Tələbə,260,Təhsil krediti,718,Biznes krediti,22.73,673.0,1,Bəli,Xeyr,Təsdiqlənib,Gəlir çatışmazlığı
80189597,Rəna Qasımova,2006-11-24,Q,Bakalavr,Tələbə,156,Təhsil krediti,2763 manat,dövriyyə vəsaitlərinin artırılması - Biznes krediti,23.79,213.0,1,Bəli,Xeyr,Rədd edilib,Aşağı kredit reytinqi
67803724,Kəmalə Vəliyeva,05/03/1988,qadin,Magistr,İşləyən,3347,Avtomobil krediti,32220,toy xərcləri,24.36,1206.0,1,Bəli,Xeyr,Təsdiqlənib,Bütün sənədlər qaydasındadır
14064049,Səbinə Hüseynova,2006-02-27,Q,Bakalavr tehsili,Tələbə,251,Təhsil krediti,684,Biznes krediti,12.72,282.0,0,,Xeyr,Təsdiqlənib,Aşağı kredit reytinqi
13758856,Emin Nəsirov,11/03/1982, kişi ,Magistr,Sahibkar,6400,Mikro kredit,10842,Biznes krediti,20.38,1277.0,6,Xeyr,Xeyr,Təsdiqlənib,Müştərinin gəliri və krediti təsdiqləndi
58742530,Sahil Tağıyev,2006-06-29,Kişi,Bakalavr tehsili,Tələbə,198,Təhsil krediti,1744,əsas vəsaitlərin alınması - Biznes krediti,21.54,269.0,1,Bəli,Xeyr,Rədd edilib,Aşağı kredit reytinqi
33286569,Günel Rəhimova,04/03/1980,,Magistr,İşləyən,2959,Avtomobil krediti,12830,toy xərcləri,11.21,579.0,3,Xeyr,Xeyr,Təsdiqlənib,Bütün sənədlər qaydasındadır
11623077, Əli Babayev ,1978-05-24, kişi ,Magistr,İşləyən,936,Nağd istehlak krediti,16709,tibbi xərclər,14.43,469.0,3,Xeyr,Xeyr,Rədd edilib,Aşağı kredit reytinqi
87940880,Elvin Əliyev,09/06/1983,Kişi,Bakalavr,İşləyən,2517 manat,Nağd istehlak krediti,8175,məişət avadanlığı alışı,18.17,1524.0,1,Xeyr,Xeyr,Təsdiqlənib,Bütün sənədlər qaydasındadır
44514830,Fidan Quliyeva,1995-10-22,Q,Magistr,İşləyən,1123,Nağd istehlak krediti,10046,məişət avadanlığı alışı,11.15,1409.0,3,Bəli,Xeyr,Təsdiqlənib,Müştərinin gəliri və krediti təsdiqləndi | Yoxlayıcı_ID: 380
91145258,Tural Cəfərov,29/05/1992,K,Bakalavr,Sahibkar,7144,Mikro kredit,34121,Biznes krediti,17.88,816.0,7,Xeyr,Xeyr,Təsdiqlənib,Bütün sənədlər qaydasındadır
59199263,Yusif Əliyev,02-25-69,Kişi,Orta məktəb,İşsiz,387,Nağd istehlak krediti,658,təmir,12.84,331.0,1,Bəli,Bəli,Rədd edilib,'Qara siyahı'da olmaq
16256066,Məhəmməd Sultanov,1975-01-17,Kişi,Orta məktəb,İşsiz,24,Nağd istehlak krediti,481,təmir,22.44,370.0,0,,Xeyr,Rədd edilib,Aşağı kredit reytinqi
56303737,Yusif İsmayılov,03-30-89, kişi ,Bakalavr,İşləyən,,Nağd istehlak krediti,7858,toy xərcləri,19.52,1096.0,1,Bəli,Xeyr,Təsdiqlənib,Bütün sənədlər qaydasındadır
80636186,Nihat Tağıyev,23/08/1997,Kişi,Bakalavr,İşləyən,2946,Nağd istehlak krediti,11199,məişət avadanlığı alışı,23.09,973.0,4,Bəli,Bəli,Rədd edilib,'Qara siyahı'da olmaq
88538682,Yusif Quliyev,06/04/1978,K,Magistr,İşləyən,2107,Nağd istehlak krediti,11886,tibbi xərclər,15.45,1238.0,1,Bəli,Xeyr,Təsdiqlənib,Müştərinin gəliri və krediti təsdiqləndi
36101366,Zəhra Əliyeva,1988-09-07,,Magistr,Sahibkar,5652,Mikro kredit,49292,dövriyyə vəsaitlərinin artırılması - Biznes krediti,13.99,1219.0,4,Bəli,Xeyr,Təsdiqlənib,Müştərinin gəliri və krediti təsdiqləndi | Yoxlayıcı_ID: 268
88144236,Şəbnəm Babayeva,1975-12-20,,Bakalavr tehsili,İşləyən,2230,Avtomobil krediti,26614,şəxsi istehlak məqsədi,17.48,1184.0,4,Bəli,Xeyr,Təsdiqlənib,Bütün sənədlər qaydasındadır
93017363,Uğur Rzayev,1989-10-09,,Orta məktəb,İşsiz,86,Nağd istehlak kriditi,342,təmir,12.79,,1,Xeyr,Xeyr,Rədd edilib,Aşağı kredit reytinqi
18577322,Anar Vəliyev,09/08/2006,K,Magistr,Tələbə,113,Təhsil krediti,1295,dövriyyə vəsaitlərinin artırılması - Biznes krediti,21.25,563.0,0,,Xeyr,Təsdiqlənib,Müştərinin gəliri və krediti təsdiqləndi
65142508,Murad Nəsirov,07-27-80, kişi ,Bakalvar,İşləyən,1214,Avtomobil krediti,19674,tibbi xərclər,11.65,1109.0,3,Bəli,Xeyr,Təsdiqlənib,Bütün sənədlər qaydasındadır
64846191,Nihat İbrahimov,1990-01-25,K,Bakalavr,İşləyən,1742,Nağd istehlak krediti,"11,720",toy xərcləri,20.18,520.0,1,Bəli,Xeyr,Təsdiqlənib,Bütün sənədlər qaydasındadır
58570074,Hüseyn Abdullayev,1993-10-26, kişi ,Orta məktəb,İşsiz,327,Nağd istehlak krediti,580,tibbi xərclər,24.63,301.0,0,,Xeyr,Rədd edilib,Aşağı kredit reytinqi
58772263,Aysel Əhmədova,1972-08-03,qadin,Orta məktəb,İşsiz,51,Nağd istehlak krediti,853,məişət avadanlığı alışı,17.96,414.0,0,,Xeyr,Təsdiqlənib,Aşağı kredit reytinqi
48927218,Anar Hüseynov,1986-12-18, kişi ,Bakalavr tehsili,Sahibkar,4487,Mikro kredit,8782,əsas vəsaitlərin alınması - Biznes krediti,13.84,1566.0,5,Xeyr,Xeyr,Təsdiqlənib,Müştərinin gəliri və krediti təsdiqləndi
19314239,İsmayılov Orxan,07-01-73,K,Orta məktəb,İşsiz,267,Nağd istehlak krediti,751,tibbi xərclər,23.58,498.0,2,Bəli,Xeyr,Rədd edilib,Aşağı kredit reytinqi
79282272,Nihat Sultanov,13/09/1974,,Bakalavr tehsili,Sahibkar,"8,941",Mikro kredit,59970,dövriyyə vəsaitlərinin artırılması - Biznes krediti,23.5,1521.0,3,Xeyr,Xeyr,Təsdiqlənib,Bütün sənədlər qaydasındadır
83277466,Günel Babayeva,06/04/1980,Q,Magistr,İşləyən,1798,Avtomobil kriditi,15335,məişət avadanlığı alışı,16.8,634.0,0,,Xeyr,Təsdiqlənib,Bütün sənədlər qaydasındadır
77749600,Kamal Vəliyev,31/07/1995,,Orta məktəb,İşsiz,395,Nağd istehlak krediti,391,şəxsi istehlak məqsədi,21.0,352.0,2,Xeyr,Xeyr,Rədd edilib,Aşağı kredit reytinqi
49049617,Fatimə İbrahimova,07-22-71,qadin,Bakalavr tehsili,İşləyən,1368,Nağd istehlak krediti,7709,təmir,23.21,704.0,2,Bəli,Xeyr,Təsdiqlənib,Müştərinin gəliri və krediti təsdiqləndi | Yoxlayıcı_ID: 222
95150561,Emin Quliyev,2002-01-27, kişi ,Bakalavr tehsili,İşləyən,3655,Nağd istehlak krediti,9503,toy xərcləri,24.06,1125.0,2,Xeyr,Xeyr,Təsdiqlənib,Səhv və ya natamam müraciət
67454397,Rəşad Quliyev,1979-06-01,K,Bakalavr,İşləyən,1464,Nağd istehlak krediti,11497,təmir,16.96,870.0,4,Bəli,Xeyr,Təsdiqlənib,Müştərinin gəliri və krediti təsdiqləndi | Yoxlayıcı_ID: 224
21797441,Sevinc Babayeva,1971-12-07,Qadın,Bakalavr,İşləyən,1089,Nağd istehlak krediti,3487,toy xərcləri,21.03,1268.0,2,Xeyr,Xeyr,Təsdiqlənib,Müştərinin gəliri və krediti təsdiqləndi
12791160,Günel Əliyeva,1991-10-30,Q,Magistr,İşləyən,1331,Nağd istehlak krediti,19022 AZN,tibbi xərclər,12.44,713.0,3,Bəli,Xeyr,Təsdiqlənib,Müştərinin gəliri və krediti təsdiqləndi
63426509,Elvin Cavadov,1998-01-05, kişi ,Orta məktəb,İşsiz,25,Nağd istehlak krediti,849,toy xərcləri,16.6,165.0,0,,Xeyr,Rədd edilib,Aşağı kredit reytinqi | Yoxlayıcı_ID: 860
15586554,Nihat Hüseynov,1982-08-30,K,Bakalavr,İşləyən,,Nağd istehlak krediti,16459,məişət avadanlığı alışı,18.02,405.0,1,Bəli,Xeyr,Rədd edilib,Aşağı kredit reytinqi
32360270,Ləman Hüseynova,30/01/1984,Qadın,Bakalavr,İşləyən,1834,Nağd istehlak krediti,15026,təmir,24.73,407.0,2,Xeyr,Xeyr,Rədd edilib,Aşağı kredit reytinqi
70899757,Nigar Cəfərova,07-24-06,qadin,Magistr,Tələbə,159,Təhsil krediti,2297,əsas vəsaitlərin alınması - Biznes krediti,24.2,750.0,0,,Xeyr,Təsdiqlənib,Bütün sənədlər qaydasındadır
16411005,Sahil Cavadov,1993-03-03,Kişi,Bakalavr tehsili,İşləyən,2618,Nağd istehlak krediti,1125 manat,təmir,18.6,1088.0,4,Bəli,Xeyr,Təsdiqlənib,Müştərinin gəliri və krediti təsdiqləndi
68250080,Ayan Rəhimova,1972-03-02,,Bakalavr tehsili,Sahibkar,3060,Mikro kredit,64746,əsas vəsaitlərin alınması - Biznes krediti,22.55,1463.0,7,Bəli,Xeyr,Təsdiqlənib,Müştərinin gəliri və krediti təsdiqləndi
95986311,Kəmalə Əhmədova,25/12/1985,,Magistr,İşləyən,3855,Nağd istehlak krediti,14192,tibbi xərclər,22.05,1268.0,0,,Xeyr,Təsdiqlənib,Bütün sənədlər qaydasındadır
96540161,Şəbnəm Tağıyeva,27/06/1976,qadin,Bakalavr tehsili,İşləyən,3169,Avtomobil krediti,16242 manat,toy xərcləri,17.73,1326.0,0,,Xeyr,Təsdiqlənib,Müştərinin gəliri və krediti təsdiqləndi
14036710,Orxan Cəfərov,14/11/1996, kişi ,Bakalavr,İşləyən,2631 manat,Avtomobil krediti,35139,şəxsi istehlak məqsədi,18.87,1433.0,0,,Xeyr,Təsdiqlənib,Bütün sənədlər qaydasındadır
39646404,Nihat Tağıyev,22/12/1971,,Magistr,İşləyən,2348,Avtomobil krediti,36618,toy xərcləri,22.83,1021.0,0,,Xeyr,Təsdiqlənib,İş stajı yetərsizdir
20539207,Əli Vəliyev,12-25-81,K,Bakalavr,İşləyən,1269,Nağd istehlak krediti,11707,təmir,15.13,1323.0,1,Bəli,Xeyr,Təsdiqlənib,Bütün sənədlər qaydasındadır
20339103,Zülfiyyə Quliyeva,1994-12-26,,Magistr,İşləyən,3137,Nağd istehlak krediti,11487,məişət avadanlığı alışı,16.88,1110.0,3,Xeyr,Xeyr,Təsdiqlənib,Müştərinin gəliri və krediti təsdiqləndi
27116233, Cavid Səfərov ,1981-02-15,Kişi,Orta məktəb,İşsiz,147,Nağd istehlak krediti,408,məişət avadanlığı alışı,15.49,491.0,0,,Xeyr,Rədd edilib,Aşağı kredit reytinqi
10780537,Zülfiyyə Rzayeva,1975-04-24,Q,Magistr,İşləyən,2447,Nağd istehlak krediti,16939,şəxsi istehlak məqsədi,12.12,1585.0,4,Bəli,Xeyr,Təsdiqlənib,Bütün sənədlər qaydasındadır
18258915,Ləman Qasımova,31/07/2007,qadin,Magistr,Tələbə,124,Təhsil krediti,727,dövriyyə vəsaitlərinin artırılması - Biznes krediti,12.11,258.0,0,,Xeyr,Rədd edilib,Aşağı kredit reytinqi
90974811,Ləman Quliyeva,2005-01-22,Q,Magistr,Tələbə,253,Təhsil krediti,893,dövriyyə vəsaitlərinin artırılması - Biznes krediti,17.45,528.0,1,Xeyr,Xeyr,Təsdiqlənib,Müştərinin gəliri və krediti təsdiqləndi | Yoxlayıcı_ID: 600
95669748,Məryəm Qasımova,1995-01-15,Q,Bakalavr,İşləyən,1937,Nağd istehlak krediti,4822,tibbi xərclər,22.45,1084.0,2,Xeyr,Xeyr,Təsdiqlənib,'Qara siyahı'da olmaq
85872803,Nigar Tağıyeva,1998-04-16,Q,Bakalavr tehsili,İşləyən,1174,Nağd istehlak krediti,12717,təmir,13.75,1295.0,0,,Xeyr,Təsdiqlənib,Bütün sənədlər qaydasındadır
80369196,Nigar Rəhimova,1993-12-02,Qadın,Magistr,İşləyən,1194,Nağd istehlak krediti,19356 AZN,təmir,22.12,1361.0,0,,Xeyr,Təsdiqlənib,Müştərinin gəliri və krediti təsdiqləndi
35635332,Anar Sultanov,1994-02-07,Kişi,Magistr,İşləyən,1444,Nağd istehlak krediti,16453,şəxsi istehlak məqsədi,21.89,1551.0,1,Bəli,Xeyr,Təsdiqlənib,Müştərinin gəliri və krediti təsdiqləndi
63884442,Orxan Hüseynov,28/02/1995,Kişi,Bakalavr,İşləyən,1327,Nağd istehlak krediti,19992,təmir,17.55,851.0,2,Bəli,Xeyr,Təsdiqlənib,Bütün sənədlər qaydasındadır
96205732,Kamal Hüseynov,1970-06-07, kişi ,Bakalavr tehsili,Sahibkar,3682,Mikro kredit,72045 AZN,Təmir,16.28,1290.0,8,Bəli,Xeyr,Təsdiqlənib,Bütün sənədlər qaydasındadır
77066076, Nigar Vəliyeva ,2001-10-03,Qadın,Bakalavr tehsili,İşləyən,1846,Nağd istehlak krediti,12200,məişət avadanlığı alışı,13.91,1073.0,0,,Xeyr,Təsdiqlənib,Müştərinin gəliri və krediti təsdiqləndi | Yoxlayıcı_ID: 721
48318272,Ramin Tağıyev,2005-06-04, kişi ,Bakalvar,Tələbə,138,Təhsil krediti,"1,954",əsas vəsaitlərin alınması - Biznes krediti,11.44,323.0,1,Bəli,Xeyr,Rədd edilib,Aşağı kredit reytinqi | Yoxlayıcı_ID: 822
16950505,Fərid Məmmədov,11-07-80,Kişi,Magistr,İşləyən,2819,Nağd istehlak krediti,19621,məişət avadanlığı alışı,22.76,1305.0,1,Bəli,Xeyr,Təsdiqlənib,Bütün sənədlər qaydasındadır | Yoxlayıcı_ID: 103
96637929,Əli Əhmədov,30/04/1989,Kişi,Bakalavr tehsili,Sahibkar,5547,Mikro kredit,91981,əsas vəsaitlərin alınması - Biznes krediti,11.38,983.0,4,Xeyr,Xeyr,Təsdiqlənib,Bütün sənədlər qaydasındadır | Yoxlayıcı_ID: 372
55536118,Şəbnəm Rəhimova,21/09/1981,Qadın,Bakalavr,Sahibkar,5226,Mikro kredit,38064,əsas vəsaitlərin alınması - Biznes krediti,22.18,1579.0,7,Xeyr,Xeyr,Təsdiqlənib,Müştərinin gəliri və krediti təsdiqləndi
87418179,Elvin Əhmədov,05-11-91,K,Bakalavr,İşləyən,3688,Nağd istehlak krediti,8790,şəxsi istehlak məqsədi,20.29,1268.0,0,,Xeyr,Təsdiqlənib,Bütün sənədlər qaydasındadır
40339353,Rauf Hüseynov,06-04-82,K,Bakalavr,İşləyən,1378,Nağd istehlak krediti,11993,təmir,23.23,556.0,1,Bəli,Xeyr,Təsdiqlənib,Müştərinin gəliri və krediti təsdiqləndi
41447386,Zəhra Nəsirova,05/04/2006,Qadın,Bakalavr,Tələbə,111058,Təhsil krediti,2520,əsas vəsaitlərin alınması - Biznes krediti,17.7,770.0,0,,Xeyr,Təsdiqlənib,Bütün sənədlər qaydasındadır
57223529,Orxan Babayev,11-10-74,,Magistr,Sahibkar,"6,817",Mikro kredit,99607,əsas vəsaitlərin alınması - Biznes krediti,13.32,813.0,2,Xeyr,Xeyr,Təsdiqlənib,Müştərinin gəliri və krediti təsdiqləndi
76819072,hüseyn səfərov,16/07/1996,,Orta məktəb,İşsiz,53,Nağd istehlak krediti,660,məişət avadanlığı alışı,11.95,310.0,1,Bəli,Xeyr,Rədd edilib,Aşağı kredit reytinqi
57426947,Ayan Hüseynova,23/01/1976,Q,Bakalavr tehsili,İşləyən,2688,Avtomobil krediti,17313,məişət avadanlığı alışı,16.16,996.0,3,Bəli,Xeyr,Təsdiqlənib,Müştərinin gəliri və krediti təsdiqləndi
66236775,Fatimə Cavadova,06/07/1965,qadin,Orta məktəb,İşsiz,45,Nağd istehlak krediti,978,təmir,20.31,187.0,2,Xeyr,Xeyr,Rədd edilib,Aşağı kredit reytinqi
48443661,Şəbnəm Babayeva,1986-11-14,,Bakalavr,İşləyən,3514,Nağd istehlak krediti,9090,tibbi xərclər,16.17,1214.0,0,Bəli,Xeyr,Təsdiqlənib,Bütün sənədlər qaydasındadır
22776264,Fidan Rəhimova,27/03/2007,Q,Magistr,Tələbə,275,Təhsil krediti,1515,dövriyyə vəsaitlərinin artırılması - Biznes krediti,12.13,337.0,0,,Xeyr,Rədd edilib,Aşağı kredit reytinqi
62283445,Rəna Tağıyeva,02/07/1978,,Bakalavr,İşləyən,3790,Nağd istehlak krediti,7608,şəxsi istehlak məqsədi,24.71,1038.0,3,Xeyr,Xeyr,Təsdiqlənib,Müştərinin gəliri və krediti təsdiqləndi | Yoxlayıcı_ID: 305
42385354,Kəmalə Rüstəmova,1973-12-15,qadin,Bakalavr tehsili,İşləyən,3600,Nağd istehlak krediti,11214,məişət avadanlığı alışı,12.43,1094.0,1,Xeyr,Xeyr,Təsdiqlənib,Bütün sənədlər qaydasındadır
66058443,Kamal Vəliyev,2004-02-01, kişi ,Bakalavr tehsili,Tələbə,142,Təhsil krediti,2730,əsas vəsaitlərin alınması - Biznes krediti,21.07,236.0,0,,Xeyr,Rədd edilib,Aşağı kredit reytinqi | Yoxlayıcı_ID: 765
87525851,Günel İsmayılova,06-15-07,Q,Magistr,Tələbə,121,Təhsil krediti,2803,əsas vəsaitlərin alınması - Biznes krediti,23.97,737.0,0,,Xeyr,Təsdiqlənib,Müştərinin gəliri və krediti təsdiqləndi
11617685,Cavid Səfərov,1982-12-10,K,Orta məktəb,İşsiz,222,Nağd istehlak krediti,531,toy xərcləri,12.99,124.0,1,Bəli,Bəli,Rədd edilib,'Qara siyahı'da olmaq | Yoxlayıcı_ID: 577
47016756,Məhəmməd İbrahimov,1994-02-07,K,Magistr,Sahibkar,7627,Mikro kredit,33555,dövriyyə vəsaitlərinin artırılması - Biznes krediti,22.45,1228.0,2,Xeyr,Xeyr,Təsdiqlənib,Bütün sənədlər qaydasındadır
95930150,Aylin Əliyeva,2006-11-24,Q,Bakalavr,Tələbə,229,Təhsil krediti,1319,əsas vəsaitlərin alınması - Biznes krediti,18.03,562.0,0,,Xeyr,Təsdiqlənib,Müştərinin gəliri və krediti təsdiqləndi | Yoxlayıcı_ID: 828
17294139,İbrahimov Samir,17/03/1973,,Magistr,İşləyən,1879,Avtomobil krediti,22200,tibbi xərclər,12.7,1221.0,4,Bəli,Xeyr,Təsdiqlənib,Bütün sənədlər qaydasındadır
90734638,Rəna Əhmədova,1973-12-04,qadin,Bakalavr,İşləyən,"2,769",Nağd istehlak krediti,9969,toy xərcləri,16.4,612.0,4,Bəli,Xeyr,Təsdiqlənib,Bütün sənədlər qaydasındadır
27236037,Sevinc Səfərova,1971-12-02,Qadın,Magistr,Sahibkar,3999,Mikro kredit,9080,dövriyyə vəsaitlərinin artırılması - Biznes krediti,22.12,1495.0,4,Bəli,Xeyr,Təsdiqlənib,Müştərinin gəliri və krediti təsdiqləndi
70392886,Əli Qasımov,03-03-76,K,Orta məktəb,İşsiz,214,Nağd istehlak krediti,511,şəxsi istehlak məqsədi,19.52,183.0,1,Xeyr,Xeyr,Rədd edilib,Aşağı kredit reytinqi
45635542,Məhəmməd Səfərov,1986-02-12,,Magistr,Sahibkar,"8,288",Mikro kredit,60159,Biznes krediti,23.38,1591.0,4,Xeyr,Xeyr,Təsdiqlənib,Bütün sənədlər qaydasındadır
95635336,Zeynəb Tağıyeva,11/03/1973,qadin,Bakalavr,İşləyən,2501,Nağd istehlak krediti,16175 manat,məişət avadanlığı alışı,20.07,736.0,2,Bəli,Xeyr,Təsdiqlənib,Müştərinin gəliri və krediti təsdiqləndi
31671472,Uğur Quliyev,24/07/1966,Kişi,Bakalavr tehsili,Sahibkar,9961,Mikro kredit,96817,əsas vəsaitlərin alınması - Biznes krediti,11.61,1751.0,5,Xeyr,Xeyr,Təsdiqlənib,Müştərinin gəliri və krediti təsdiqləndi
49144829,Nihat Cavadov,1999-09-22,,Bakalavr tehsili,İşləyən,2627,Nağd istehlak krediti,4606,məişət avadanlığı alışı,18.84,787.0,0,,Xeyr,Təsdiqlənib,Bütün sənədlər qaydasındadır
44388309,Fərid Rzayev,09-09-94,Kişi,Magistr,İşləyən,2127,Nağd istehlak krediti,"3,683",təmir,16.2,1175.0,1,Bəli,Xeyr,Təsdiqlənib,Bütün sənədlər qaydasındadır
86553127,Rəşad İsmayılov,2000-10-09,K,Bakalavr tehsili,İşləyən,1687,Nağd istehlak krediti,18256,toy xərcləri,20.99,1107.0,0,,Xeyr,Təsdiqlənib,Bütün sənədlər qaydasındadır | Yoxlayıcı_ID: 532
87620842,Səbinə Cavadova,1998-10-04,qadin,Magistr,İşləyən,3892 AZN,Nağd istehlak krediti,"3,853",təmir,15.2,739.0,0,,Xeyr,Təsdiqlənib,Bütün sənədlər qaydasındadır
75630447,Rəhimov Hüseyn,2007-01-19,,Bakalavr tehsili,Tələbə,250,Təhsil krediti,2153,Biznes krediti,20.18,457.0,0,,Xeyr,Rədd edilib,Aşağı kredit reytinqi
16028198,Şəbnəm Qasımova,09-20-73,,Bakalavr,İşləyən,3563,Nağd istehlak krediti,6250,tibbi xərclər,15.96,1352.0,2,Xeyr,Xeyr,Təsdiqlənib,Müştərinin gəliri və krediti təsdiqləndi | Yoxlayıcı_ID: 852
30620899,Məhəmməd Quliyev,1976-11-14,Kişi,Magistr,İşləyən,2237,Avtomobil kriditi,17004,tibbi xərclər,18.64,1090.0,1,Xeyr,Xeyr,Təsdiqlənib,Müştərinin gəliri və krediti təsdiqləndi
63845461,Nihat Nəsirov,24/04/1979,,Magistr,İşləyən,1953,Nağd istehlak krediti,17638,şəxsi istehlak məqsədi,14.51,,4,Bəli,Xeyr,Rədd edilib,Aşağı kredit reytinqi
96621661,Şəbnəm Əhmədova,25/06/1970,Q,Orta məktəb,İşsiz,367,Nağd istehlak krediti,834,təmir,13.77,184.0,2,Bəli,Xeyr,Rədd edilib,Aşağı kredit reytinqi
72606532,Lalə Abdullayeva,11-11-74,Qadın,Bakalavr,İşləyən,2744,Nağd istehlak krediti,4684 manat,şəxsi istehlak məqsədi,21.67,1205.0,2,Xeyr,Xeyr,Təsdiqlənib,Müştərinin gəliri və krediti təsdiqləndi
48860435,Nərmin Quliyeva,1970-12-09,qadin,Bakalavr tehsili,İşləyən,826,Nağd istehlak krediti,7015,məişət avadanlığı alışı,18.08,759.0,2,Xeyr,Xeyr,Təsdiqlənib,Bütün sənədlər qaydasındadır
98974220,Rzayeva Günel,07-23-06,,Bakalavr tehsili,Tələbə,291,Təhsil krediti,1562,əsas vəsaitlərin alınması - Biznes krediti,13.23,786.0,0,,Xeyr,Təsdiqlənib,Bütün sənədlər qaydasındadır
58441107,Ləman Hüseynova,06-21-77,qadin,Bakalavr tehsili,İşləyən,3630,Nağd istehlak krediti,11192,məişət avadanlığı alışı,20.82,418.0,3,Xeyr,Xeyr,Rədd edilib,Aşağı kredit reytinqi | Yoxlayıcı_ID: 766
99882988,Anar Rəhimov,1984-11-14,Kişi,Magistr,İşləyən,,Nağd istehlak krediti,4120,tibbi xərclər,13.86,1079.0,1,Bəli,Xeyr,Təsdiqlənib,Bütün sənədlər qaydasındadır
64250620,Səbinə Sultanova,1989-05-31,,Bakalavr tehsili,İşləyən,994,Nağd istehlak krediti,18536,məişət avadanlığı alışı,22.09,1039.0,2,Xeyr,Xeyr,Təsdiqlənib,Bütün sənədlər qaydasındadır
39646913,Orxan Rzayev,26/02/1998, kişi ,Bakalavr tehsili,İşləyən,3776,Nağd istehlak krediti,9597 manat,məişət avadanlığı alışı,24.53,539.0,2,Bəli,Xeyr,Təsdiqlənib,Müştərinin gəliri və krediti təsdiqləndi | Yoxlayıcı_ID: 629
31494806,anar rəhimov,1976-04-02, kişi ,Orta məktəb,İşsiz,227,Nağd istehlak krediti,754,məişət avadanlığı alışı,18.18,394.0,1,Xeyr,Bəli,Rədd edilib,'Qara siyahı'da olmaq
15887153,fərid tağıyev,01/03/2007,Kişi,Bakalavr tehsili,Tələbə,296,Təhsil krediti,929,Biznes krediti,12.01,687.0,0,,Xeyr,Təsdiqlənib,Bütün sənədlər qaydasındadır
17409943,Nərmin Səfərova,10-25-99,qadin,Bakalavr,İşləyən,3874,Nağd istehlak krediti,11847,şəxsi istehlak məqsədi,17.65,1377.0,4,Bəli,Xeyr,Təsdiqlənib,Bütün sənədlər qaydasındadır
84461046,Emin Qasımov,07/12/1998, kişi ,Magistr,İşləyən,1039,Nağd istehlak krediti,7547,şəxsi istehlak məqsədi,18.68,,0,,Xeyr,Təsdiqlənib,Müştərinin gəliri və krediti təsdiqləndi
60089650,Sevinc Əliyeva,27/11/2002,Qadın,Bakalavr,Tələbə,244,Təhsil krediti,1930,Biznes krediti,22.67,746.0,1,Xeyr,Xeyr,Təsdiqlənib,Müştərinin gəliri və krediti təsdiqləndi | Yoxlayıcı_ID: 659
90397270,Aylin Rüstəmova,05-05-80,Qadın,Bakalavr,İşləyən,1089,Nağd istehlak krediti,2015,təmir,20.31,1446.0,4,Xeyr,Xeyr,Təsdiqlənib,Müştərinin gəliri və krediti təsdiqləndi
10214492,Anar Rüstəmov,05/07/1989,,Orta məktəb,İşsiz,335,Nağd istehlak krediti,762,tibbi xərclər,19.65,599.0,1,Bəli,Xeyr,Təsdiqlənib,Müştərinin gəliri və krediti təsdiqləndi | Yoxlayıcı_ID: 687
27623477,Tural Nəsirov,05-12-83,Kişi,Bakalavr tehsili,Sahibkar,4110,Mikro kredit,36826,Biznes krediti,10.93,1015.0,4,Xeyr,Xeyr,Təsdiqlənib,Müştərinin gəliri və krediti təsdiqləndi
56799783,Elvin Səfərov,07-06-90,K,Bakalavr tehsili,İşləyən,2805,Nağd istehlak krediti,2497,tibbi xərclər,17.77,1523.0,3,Bəli,Xeyr,Təsdiqlənib,Müştərinin gəliri və krediti təsdiqləndi
51252805,Yusif Rzayev,03-27-70,K,Bakalavr tehsili,Sahibkar,5371,Mikro kredit,68771,əsas vəsaitlərin alınması - Biznes krediti,11.36,1461.0,7,Bəli,Xeyr,Təsdiqlənib,Müştərinin gəliri və krediti təsdiqləndi | Yoxlayıcı_ID: 672
60312150,Nərmin Əliyeva,1992-03-19,Q,Orta məktəb,İşsiz,221,Nağd istehlak krediti,692,toy xərcləri,23.79,527.0,1,Xeyr,Xeyr,Təsdiqlənib,Bütün sənədlər qaydasındadır
59457276,Sevinc Qasımova,21/03/2005,qadin,Bakalavr tehsili,Tələbə,124,Təhsil krediti,2425,əsas vəsaitlərin alınması - Biznes krediti,17.07,606.0,0,,Xeyr,Təsdiqlənib,Müştərinin gəliri və krediti təsdiqləndi
15762766,Günel Rzayeva,1987-02-26,,Orta məktəb,İşsiz,2,Nağd istehlak krediti,503,şəxsi istehlak məqsədi,14.91,336.0,0,,Xeyr,Rədd edilib,Aşağı kredit reytinqi
86345606,Rəşad Cavadov,2007-03-27,K,Bakalavr tehsili,Tələbə,173,Təhsil krediti,1567,dövriyyə vəsaitlərinin artırılması - Biznes krediti,24.22,618.0,0,,Xeyr,Təsdiqlənib,Bütün sənədlər qaydasındadır
36463429,Cavid Babayev,2003-11-10, kişi ,Bakalavr,Tələbə,365874,Təhsil krediti,872,dövriyyə vəsaitlərinin artırılması - Biznes krediti,19.47,247.0,0,,Xeyr,Rədd edilib,Aşağı kredit reytinqi
45216007,Zəhra Rüstəmova,09-18-07,qadin,Bakalavr,Tələbə,225,Təhsil krediti,2854,dövriyyə vəsaitlərinin artırılması - Biznes krediti,17.52,740.0,0,,Xeyr,Təsdiqlənib,Bütün sənədlər qaydasındadır
80739056,Fidan Rzayeva,04/11/2006,Qadın,Bakalavr tehsili,Tələbə,224,Təhsil krediti,1805,əsas vəsaitlərin alınması - Biznes krediti,23.72,200.0,0,,Xeyr,Rədd edilib,Aşağı kredit reytinqi
96403805,Məryəm Qasımova,29/07/1973,,Orta məktəb,İşsiz,186,Nağd istehlak kriditi,361,toy xərcləri,15.06,115.0,1,Xeyr,Bəli,Rədd edilib,'Qara siyahı'da olmaq
17849352,Zülfiyyə Rzayeva,2004-05-30,Q,Bakalavr,Tələbə,282,Təhsil krediti,2067,dövriyyə vəsaitlərinin artırılması - Biznes krediti,23.14,734.0,0,,Xeyr,Təsdiqlənib,Bütün sənədlər qaydasındadır
32828639,Murad Vəliyev,1999-09-13, kişi ,Bakalavr tehsili,İşləyən,,Avtomobil krediti,30728,tibbi xərclər,20.7,1567.0,1,Bəli,Xeyr,Təsdiqlənib,Bütün sənədlər qaydasındadır | Yoxlayıcı_ID: 408
87790850,Nərmin Tağıyeva,07-23-96,,Bakalavr,İşləyən,2981,Nağd istehlak krediti,6053,təmir,13.58,1238.0,4,Xeyr,Xeyr,Təsdiqlənib,Bütün sənədlər qaydasındadır
32233698,Murad Səfərov,1967-07-24, kişi ,Orta məktəb,İşsiz,231 manat,Nağd istehlak krediti,657,tibbi xərclər,16.05,567.0,0,,Xeyr,Təsdiqlənib,Bütün sənədlər qaydasındadır
67964613,Fatimə Sultanova,08/07/1994,Q,Bakalavr,İşləyən,3405,Nağd istehlak krediti,11544,məişət avadanlığı alışı,13.47,628.0,4,Bəli,Xeyr,Təsdiqlənib,Bütün sənədlər qaydasındadır
91053056,Səbinə Hüseynova,24/08/1997,Q,Orta məktəb,İşsiz,309,Nağd istehlak krediti,609,təmir,13.35,600.0,1,Bəli,Xeyr,Təsdiqlənib,Müştərinin gəliri və krediti təsdiqləndi
21669351,Əli Abdullayev,1995-11-05,Kişi,Magistr,İşləyən,2442 manat,Nağd istehlak krediti,2003,təmir,20.19,697.0,3,Bəli,Xeyr,Təsdiqlənib,Bütün sənədlər qaydasındadır
42731050,Səbinə Sultanova,2006-12-03,Q,Bakalavr,Tələbə,269,Təhsil krediti,2779 manat,dövriyyə vəsaitlərinin artırılması - Biznes krediti,21.42,554.0,1,Bəli,Xeyr,Təsdiqlənib,Bütün sənədlər qaydasındadır
14123947,Ramin Rüstəmov,09-22-03,K,Bakalavr,Tələbə,213,Təhsil krediti,2889,dövriyyə vəsaitlərinin artırılması - Biznes krediti,15.75,647.0,0,,Xeyr,Təsdiqlənib,Bütün sənədlər qaydasındadır
71086044,Məhəmməd İbrahimov,1999-07-19, kişi ,Magistr,İşləyən,"2,783",Nağd istehlak krediti,17605,şəxsi istehlak məqsədi,11.78,,4,Bəli,Xeyr,Təsdiqlənib,Müştərinin gəliri və krediti təsdiqləndi
51421876, Nigar Əliyeva ,03-23-07,,Bakalavr,Tələbə,208,Təhsil krediti,1990,əsas vəsaitlərin alınması - Biznes krediti,11.54,564.0,0,,Xeyr,Təsdiqlənib,Bütün sənədlər qaydasındadır
39435785,Sevinc Cavadova,08/04/1979,,Bakalavr tehsili,İşləyən,3837,Nağd istehlak krediti,7720,təmir,19.66,423.0,1,Bəli,Xeyr,Rədd edilib,Aşağı kredit reytinqi | Yoxlayıcı_ID: 755
45203554,Aydan Cəfərova,2004-11-21,Q,Bakalavr tehsili,Tələbə,281,Təhsil krediti,814 manat,dövriyyə vəsaitlərinin artırılması - Biznes krediti,19.66,219.0,1,Bəli,Xeyr,Rədd edilib,Aşağı kredit reytinqi
37704382,Elvin Cavadov,1977-11-15,Kişi,Orta məktəb,İşsiz,,Nağd istehlak krediti,933,təmir,12.98,224.0,1,Xeyr,Xeyr,Rədd edilib,Aşağı kredit reytinqi
28878339,Zülfiyyə Məmmədova,03-23-05,,Bakalavr tehsili,Tələbə,128,Təhsil krediti,653,əsas vəsaitlərin alınması - Biznes krediti,14.09,472.0,0,,Xeyr,Rədd edilib,Aşağı kredit reytinqi
80422537,Orxan Rəhimov,1997-12-04,,Bakalavr tehsili,İşləyən,3980,Nağd istehlak krediti,9828,təmir,24.9,1563.0,2,Bəli,Xeyr,Təsdiqlənib,Müştərinin gəliri və krediti təsdiqləndi
13172158,Əli Abdullayev,2007-04-05,Kişi,Bakalavr tehsili,Tələbə,232,Təhsil krediti,"2,377",Biznes krediti,15.95,,1,Bəli,Xeyr,Rədd edilib,Aşağı kredit reytinqi
31445462,Hüseynov Yusif,1980-01-28,,Bakalavr tehsili,Sahibkar,2781,Mikro kredit,8742,Biznes krediti,18.93,1384.0,5,Xeyr,Xeyr,Təsdiqlənib,Bütün sənədlər qaydasındadır | Yoxlayıcı_ID: 285
50086946,Orxan Vəliyev,28/04/1992,K,Magistr,İşləyən,859,Nağd istehlak krediti,1425,təmir,12.75,1331.0,2,Xeyr,Xeyr,Təsdiqlənib,Müştərinin gəliri və krediti təsdiqləndi
23785920,Yusif Əliyev,19/02/1989,Kişi,Bakalavr,İşləyən,,Avtomobil krediti,39369,məişət avadanlığı alışı,11.37,915.0,3,Xeyr,Xeyr,Təsdiqlənib,Zaminlik məsələləri
44174033,Zülfiyyə Vəliyeva,11/07/1984,Q,Bakalavr tehsili,İşləyən,3217,Nağd istehlak krediti,8400,şəxsi istehlak məqsədi,21.19,434.0,2,Bəli,Xeyr,Təsdiqlənib,Aşağı kredit reytinqi
37673446,Emin Abdullayev,28/09/2005,Kişi,Bakalavr tehsili,Tələbə,202,Təhsil krediti,1789,əsas vəsaitlərin alınması - Biznes krediti,16.93,203.0,1,Bəli,Xeyr,Rədd edilib,Aşağı kredit reytinqi
10102376,Şəbnəm Vəliyeva,1995-04-20,qadin,Bakalavr,İşləyən,2320,Nağd istehlak krediti,5537,toy xərcləri,11.6,1083.0,0,,Xeyr,Təsdiqlənib,Bütün sənədlər qaydasındadır
69818591,Rauf Nəsirov,02-06-05,K,Bakalavr tehsili,Tələbə,103,Təhsil krediti,674,Biznes krediti,16.33,488.0,0,,Xeyr,Rədd edilib,Aşağı kredit reytinqi | Yoxlayıcı_ID: 925
65292315,Məhəmməd Hüseynov,1978-11-26,K,Magistr,İşləyən,2229,Nağd istehlak krediti,7594,şəxsi istehlak məqsədi,13.89,1586.0,2,Bəli,Xeyr,Təsdiqlənib,Müştərinin gəliri və krediti təsdiqləndi
19822051,İsmayılova Ayan,08-19-05,,Magistr,Tələbə,267,Təhsil krediti,1267,Biznes krediti,12.83,,0,,Xeyr,Təsdiqlənib,Bütün sənədlər qaydasındadır | Yoxlayıcı_ID: 647
51638865,Nərmin Rzayeva,07-13-05,,Bakalavr tehsili,Tələbə,165,Təhsil krediti,1990,əsas vəsaitlərin alınması - Biznes krediti,14.97,722.0,0,,Xeyr,Təsdiqlənib,Zaminlik məsələləri | Yoxlayıcı_ID: 253
18430091,Ayan Səfərova,12-19-02,qadin,Magistr,Tələbə,201,Təhsil krediti,2839,Biznes krediti,12.44,664.0,1,Bəli,Xeyr,Təsdiqlənib,Bütün sənədlər qaydasındadır
62884157,Anar Rüstəmov,28/04/1999, kişi ,Bakalavr tehsili,İşləyən,3730,Nağd istehlak krediti,8866,şəxsi istehlak məqsədi,13.04,1240.0,2,Bəli,Xeyr,Təsdiqlənib,Bankın kredit şərtlərinə uyğun deyil
23579543,Aysel Cavadova,1982-04-30,Q,Magistr,Sahibkar,,Mikro kredit,7416,əsas vəsaitlərin alınması - Biznes krediti,20.15,1161.0,4,Xeyr,Xeyr,Təsdiqlənib,Müştərinin gəliri və krediti təsdiqləndi
85258667,Kəmalə Səfərova,21/07/1995,Q,Bakalavr,İşləyən,3610 manat,Avtomobil krediti,13637,şəxsi istehlak məqsədi,19.41,1427.0,4,Xeyr,Xeyr,Təsdiqlənib,Bütün sənədlər qaydasındadır
59763709,Rəşad Abdullayev,2006-12-10, kişi ,Bakalavr tehsili,Tələbə,232,Təhsil krediti,595,Biznes krediti,20.5,338.0,1,Xeyr,Xeyr,Rədd edilib,Aşağı kredit reytinqi
21785358,Cavid Cavadov,02/08/2003,K,Bakalavr,Tələbə,223,Təhsil krediti,1247,dövriyyə vəsaitlərinin artırılması - Biznes krediti,23.14,674.0,0,,Xeyr,Təsdiqlənib,Bütün sənədlər qaydasındadır
49748760,Ayan Nəsirova,07-06-70,Qadın,Magistr,Sahibkar,,Mikro kredit,81962,dövriyyə vəsaitlərinin artırılması - Biznes krediti,20.69,1052.0,8,Xeyr,Xeyr,Təsdiqlənib,Müştərinin gəliri və krediti təsdiqləndi
99860233,Murad Rəhimov,25/07/1998,K,Bakalavr tehsili,İşləyən,1763,Avtomobil krediti,32587,təmir,11.8,,1,Bəli,Xeyr,Təsdiqlənib,Bütün sənədlər qaydasındadır
97449503,Rəna Əhmədova,1996-10-22,,Magistr,İşləyən,1562 manat,Avtomobil krediti,36805,məişət avadanlığı alışı,22.61,1567.0,0,,Xeyr,Təsdiqlənib,Bütün sənədlər qaydasındadır
79668226,Nərmin İbrahimova,14/03/1973,Qadın,Orta məktəb,İşsiz,140,Nağd istehlak krediti,551 manat,şəxsi istehlak məqsədi,22.01,375.0,2,Bəli,Bəli,Rədd edilib,'Qara siyahı'da olmaq
24988050,Lalə Sultanova,06-24-83,Q,Bakalavr,İşləyən,1279,Nağd istehlak krediti,19822,məişət avadanlığı alışı,14.36,971.0,2,Bəli,Xeyr,Təsdiqlənib,Müştərinin gəliri və krediti təsdiqləndi
98750149,Zeynəb Rəhimova,20/09/1993,Qadın,Magistr,İşləyən,3237,Nağd istehlak krediti,10373,tibbi xərclər,12.53,1111.0,0,,Xeyr,Təsdiqlənib,Bütün sənədlər qaydasındadır
39477160,Fatimə Rüstəmova,25/06/1966,,Orta məktəb,İşsiz,43,Nağd istehlak krediti,825,şəxsi istehlak məqsədi,18.7,238.0,0,,Xeyr,Rədd edilib,Aşağı kredit reytinqi
11155707,Fərid Qasımov,2000-06-13,K,Magistr,İşləyən,"2,091",Nağd istehlak krediti,18713,Təmir,14.75,774.0,3,Bəli,Xeyr,Təsdiqlənib,Müştərinin gəliri və krediti təsdiqləndi | Yoxlayıcı_ID: 352
26751669,Fidan Səfərova,05-19-85,qadin,Bakalavr,İşləyən,3669,Nağd istehlak krediti,10312,məişət avadanlığı alışı,11.0,1390.0,4,Bəli,Xeyr,Təsdiqlənib,Müştərinin gəliri və krediti təsdiqləndi
56538569,Məryəm Rzayeva,07-20-02,qadin,Bakalavr,İşləyən,1052,Nağd istehlak krediti,18156,tibbi xərclər,17.83,683.0,2,Bəli,Xeyr,Təsdiqlənib,'Qara siyahı'da olmaq
37329401,Ayan Rüstəmova,25/09/1993,Qadın,Bakalvar,İşləyən,2471,Nağd istehlak krediti,3841,tibbi xərclər,22.57,440.0,2,Bəli,Xeyr,Rədd edilib,Aşağı kredit reytinqi
33489980,Aylin İsmayılova,1978-07-04,qadin,Bakalavr,İşləyən,3856,Avtomobil krediti,11129,təmir,21.08,551.0,4,Xeyr,Xeyr,Təsdiqlənib,Bütün sənədlər qaydasındadır
60694370,Şəbnəm Cavadova,1971-04-09,qadin,Bakalavr,İşləyən,1003,Nağd istehlak krediti,2839,təmir,24.23,792.0,2,Bəli,Xeyr,Təsdiqlənib,Bütün sənədlər qaydasındadır
23458749,Rəna Rüstəmova,18/01/1989,qadin,Orta məktəb,İşsiz,162,Nağd istehlak krediti,984,məişət avadanlığı alışı,12.78,574.0,2,Bəli,Xeyr,Təsdiqlənib,Müştərinin gəliri və krediti təsdiqləndi
94704445,Aylin İsmayılova,11-21-80,Q,Magistr,İşləyən,1929,Nağd istehlak krediti,10106,şəxsi istehlak məqsədi,20.66,1423.0,2,Xeyr,Bəli,Rədd edilib,'Qara siyahı'da olmaq
99945860,Məryəm Rüstəmova,1995-01-30,qadin,Orta məktəb,İşsiz,261,Nağd istehlak krediti,762,toy xərcləri,14.24,437.0,1,Bəli,Bəli,Rədd edilib,'Qara siyahı'da olmaq
78979460,Nigar Səfərova,04-04-03,qadin,Bakalavr,Tələbə,169,Təhsil krediti,2311,Biznes krediti,15.95,215.0,0,,Xeyr,Rədd edilib,Aşağı kredit reytinqi | Yoxlayıcı_ID: 564
80060148,Murad Quliyev,09-13-05,Kişi,Bakalavr tehsili,Tələbə,207 AZN,Təhsil krediti,"2,300",əsas vəsaitlərin alınması - Biznes krediti,11.24,238.0,0,,Xeyr,Rədd edilib,Aşağı kredit reytinqi | Yoxlayıcı_ID: 466
53025944,Nigar İsmayılova,11-15-89,qadin,Orta məktəb,İşsiz,45,Nağd istehlak krediti,342,məişət avadanlığı alışı,13.12,,1,Xeyr,Bəli,Rədd edilib,'Qara siyahı'da olmaq
59146425,Rauf Əliyev,10/07/1964,,Orta məktəb,İşsiz,363,Nağd istehlak krediti,479,məişət avadanlığı alışı,14.67,151.0,0,,Xeyr,Rədd edilib,Aşağı kredit reytinqi
87257866,Əli Əliyev,03-07-00,,Orta məktəb,İşsiz,,Nağd istehlak krediti,476,təmir,16.89,389.0,0,,Xeyr,Rədd edilib,Aşağı kredit reytinqi
75078461,Fatimə Vəliyeva,06/05/2002,Qadın,Bakalavr tehsili,İşləyən,1084,Nağd istehlak krediti,10302,tibbi xərclər,23.12,537.0,0,,Xeyr,Təsdiqlənib,Bütün sənədlər qaydasındadır | Yoxlayıcı_ID: 191
28541291,Ramin Hüseynov,1996-12-25,,Orta məktəb,İşsiz,13,Nağd istehlak krediti,799,şəxsi istehlak məqsədi,14.53,239.0,1,Bəli,Xeyr,Rədd edilib,Aşağı kredit reytinqi | Yoxlayıcı_ID: 202
19835312,Məhəmməd İsmayılov,1990-07-31,K,Bakalavr,Sahibkar,9887,Mikro kredit,66618,Biznes krediti,20.3,1463.0,4,Bəli,Bəli,Rədd edilib,'Qara siyahı'da olmaq
72392366,Səbinə Hüseynova,08-02-91,,Bakalavr,İşləyən,1486,Nağd istehlak krediti,16590,şəxsi istehlak məqsədi,14.52,991.0,3,Xeyr,Xeyr,Təsdiqlənib,Müştərinin gəliri və krediti təsdiqləndi
42429130,Cavid Sultanov,1967-05-06,,Orta məktəb,İşsiz,293,Nağd istehlak krediti,575,toy xərcləri,12.82,570.0,0,,Xeyr,Təsdiqlənib,Bütün sənədlər qaydasındadır
76658904,Orxan İsmayılov,2000-04-13,,Orta məktəb,İşsiz,54 AZN,Nağd istehlak krediti,428,məişət avadanlığı alışı,12.9,391.0,2,Xeyr,Xeyr,Təsdiqlənib,Aşağı kredit reytinqi
57246647,Şəbnəm Əhmədova,1986-05-23,Q,Bakalavr tehsili,İşləyən,2945,Nağd istehlak krediti,1568,şəxsi istehlak məqsədi,11.58,1384.0,4,Xeyr,Xeyr,Təsdiqlənib,Müştərinin gəliri və krediti təsdiqləndi | Yoxlayıcı_ID: 700
37033367,Samir Əhmədov,2005-03-16,K,Bakalavr,Tələbə,209,Təhsil krediti,2043,Biznes krediti,18.63,324.0,0,,Xeyr,Rədd edilib,Aşağı kredit reytinqi
35356582,Murad Nəsirov,10-25-79,K,Magistr,Sahibkar,3683,Mikro kredit,16227,əsas vəsaitlərin alınması - Biznes krediti,14.35,1160.0,2,Bəli,Xeyr,Təsdiqlənib,Bütün sənədlər qaydasındadır
49007982,Aysel Nəsirova,1973-12-11,qadin,Bakalavr tehsili,İşləyən,2323,Nağd istehlak krediti,9402,toy xərcləri,21.29,1078.0,4,Xeyr,Bəli,Rədd edilib,'Qara siyahı'da olmaq
43559644,Emin Əhmədov,24/09/1984, kişi ,Bakalavr tehsili,Sahibkar,7393,Mikro kredit,43436,Biznes krediti,24.46,889.0,6,Xeyr,Xeyr,Təsdiqlənib,Müştərinin gəliri və krediti təsdiqləndi
91240614,Kəmalə Cəfərova,1982-01-16,Q,Bakalvar tehsili,Sahibkar,8212,Mikro kredit,44161,dövriyyə vəsaitlərinin artırılması - Biznes krediti,21.05,1674.0,4,Bəli,Xeyr,Təsdiqlənib,Müştərinin gəliri və krediti təsdiqləndi | Yoxlayıcı_ID: 319
94574629,Tural Cavadov,01-11-80,K,Bakalavr,İşləyən,1422,Nağd istehlak krediti,15749,təmir,23.23,1072.0,0,,Bəli,Təsdiqlənib,'Qara siyahı'da olmaq
45217153,Kəmalə Əliyeva,1964-06-05,Qadın,Orta məktəb,İşsiz,230 AZN,Nağd istehlak krediti,376,şəxsi istehlak məqsədi,14.85,264.0,0,,Xeyr,Rədd edilib,Aşağı kredit reytinqi | Yoxlayıcı_ID: 627
97173767,Sevinc Abdullayeva,1993-08-11,Qadın,Magistr,İşləyən,2780,Nağd istehlak krediti,5154,tibbi xərclər,21.49,461.0,1,Xeyr,Xeyr,Rədd edilib,Aşağı kredit reytinqi
82648810,Elvin Hüseynov,26/01/2000,Kişi,Bakalavr,İşləyən,1908,Nağd istehlak krediti,2511,tibbi xərclər,13.88,993.0,0,,Xeyr,Təsdiqlənib,Bütün sənədlər qaydasındadır
55216162,kəmalə i̇brahimova,1990-01-13,Q,Orta məktəb,İşsiz,158,Nağd istehlak krediti,978,şəxsi istehlak məqsədi,15.78,555.0,2,Xeyr,Xeyr,Təsdiqlənib,Müştərinin gəliri və krediti təsdiqləndi
89703285,Rauf Cavadov,1993-11-27,,Bakalavr tehsili,İşləyən,2515,Nağd istehlak krediti,"19,698",tibbi xərclər,11.48,879.0,1,Xeyr,Xeyr,Təsdiqlənib,Müştərinin gəliri və krediti təsdiqləndi
41546230,Səbinə Abdullayeva,07/05/1974,qadin,Bakalavr,İşləyən,2877,Avtomobil krediti,33830,məişət avadanlığı alışı,21.29,,1,Xeyr,Bəli,Rədd edilib,'Qara siyahı'da olmaq
82253144,Fərid Qasımov,29/07/1993,K,Orta məktəb,İşsiz,217,Nağd istehlak krediti,804,şəxsi istehlak məqsədi,11.08,116.0,1,Xeyr,Xeyr,Rədd edilib,Aşağı kredit reytinqi
95889379,Nərmin Tağıyeva,06/06/1982,qadin,Magistr,İşləyən,3157,Nağd istehlak krediti,17220 AZN,şəxsi istehlak məqsədi,13.44,777.0,4,Xeyr,Xeyr,Təsdiqlənib,Müştərinin gəliri və krediti təsdiqləndi
63626866,Hüseyn Rüstəmov,10-09-03,,Magistr,Tələbə,167,Təhsil krediti,1938,Biznes krediti,23.66,,1,Bəli,Xeyr,Təsdiqlənib,İş stajı yetərsizdir
21950291,Əli Cəfərov,1983-02-27, kişi ,Bakalavr tehsili,İşləyən,3268,Nağd istehlak krediti,5863 AZN,təmir,19.44,765.0,0,,Xeyr,Təsdiqlənib,İş stajı yetərsizdir
87895917,Aydan Vəliyeva,10/06/2004,Qadın,Bakalavr tehsili,Tələbə,240,Təhsil krediti,1730,əsas vəsaitlərin alınması - Biznes krediti,23.96,786.0,1,Xeyr,Xeyr,Təsdiqlənib,Bütün sənədlər qaydasındadır
99990690,Ləman Məmmədova,1985-12-13,Qadın,Magistr,İşləyən,3833,Nağd istehlak krediti,16244,tibbi xərclər,11.82,1366.0,3,Bəli,Xeyr,Təsdiqlənib,Bütün sənədlər qaydasındadır
35894442,Əli Hüseynov,2004-04-25,Kişi,Bakalavr,Tələbə,195,Təhsil krediti,2063,əsas vəsaitlərin alınması - Biznes krediti,16.16,504.0,0,,Xeyr,Təsdiqlənib,Müştərinin gəliri və krediti təsdiqləndi
27490594,Səbinə Səfərova,07/07/1982,,Bakalavr,İşləyən,1724,Nağd istehlak krediti,612,təmir,11.37,,4,Xeyr,Xeyr,Rədd edilib,Aşağı kredit reytinqi
86178029,Cavid Səfərov,2005-09-19, kişi ,Bakalavr tehsili,Tələbə,,Təhsil kriditi,2391,Biznes krediti,14.53,341.0,0,,Xeyr,Rədd edilib,Aşağı kredit reytinqi
27320647,Məryəm Cavadova,2004-06-27,Qadın,Bakalavr tehsili,Tələbə,230,Təhsil krediti,1473,əsas vəsaitlərin alınması - Biznes krediti,15.61,565.0,0,,Xeyr,Təsdiqlənib,Bütün sənədlər qaydasındadır
61875652,Zeynəb Rüstəmova,03/06/2001,qadin,Bakalavr,İşləyən,2236,Nağd istehlak krediti,5233,toy xərcləri,14.99,1270.0,3,Xeyr,Xeyr,Təsdiqlənib,Bütün sənədlər qaydasındadır
35379104,Elvin Əliyev,22/03/1991,Kişi,Orta məktəb,İşsiz,156,Nağd istehlak krediti,796,toy xərcləri,17.76,529.0,2,Xeyr,Bəli,Rədd edilib,'Qara siyahı'da olmaq
78177164,Ayan Quliyeva,1981-02-27,qadin,Magistr,Sahibkar,6759,Mikro kredit,10344,dövriyyə vəsaitlərinin artırılması - Biznes krediti,24.06,1378.0,6,Bəli,Xeyr,Təsdiqlənib,Bütün sənədlər qaydasındadır
23165088, Fatimə Əhmədova ,28/08/1996,qadin,Bakalavr,İşləyən,1486,Nağd istehlak krediti,16057,təmir,24.83,723.0,4,Xeyr,Xeyr,Təsdiqlənib,Müştərinin gəliri və krediti təsdiqləndi
46118121,Rəna Abdullayeva,05-10-03,Qadın,Bakalavr,Tələbə,232 AZN,Təhsil krediti,761,əsas vəsaitlərin alınması - Biznes krediti,22.08,594.0,0,,Xeyr,Təsdiqlənib,Müştərinin gəliri və krediti təsdiqləndi | Yoxlayıcı_ID: 554
15721435,Ayan Rəhimova,04-20-05,Q,Bakalavr,Tələbə,204,Təhsil krediti,1284,əsas vəsaitlərin alınması - Biznes krediti,15.35,682.0,0,,Xeyr,Təsdiqlənib,Bütün sənədlər qaydasındadır
11010128,Rəşad Babayev,04-25-87,,Bakalavr,İşləyən,1976,Nağd istehlak krediti,8745,tibbi xərclər,18.76,1250.0,2,Bəli,Xeyr,Təsdiqlənib,'Qara siyahı'da olmaq | Yoxlayıcı_ID: 550
86524400,Əli Rzayev,1994-09-10,,Bakalavr tehsili,İşləyən,1578,Avtomobil krediti,22411 manat,tibbi xərclər,11.23,1103.0,1,Bəli,Xeyr,Təsdiqlənib,Bütün sənədlər qaydasındadır | Yoxlayıcı_ID: 587
12328176,Kəmalə Məmmədova,1979-11-21,,Bakalavr tehsili,Sahibkar,8279,Mikro kredit,45072,Biznes krediti,19.15,1499.0,6,Xeyr,Xeyr,Təsdiqlənib,Müştərinin gəliri və krediti təsdiqləndi
82483680,Elvin Sultanov,09/04/1977,K,Orta məktəb,İşsiz,262,Nağd istehlak krediti,598,məişət avadanlığı alışı,20.37,342.0,2,Bəli,Xeyr,Təsdiqlənib,Aşağı kredit reytinqi | Yoxlayıcı_ID: 864
49598233,Cavid Səfərov,27/11/1984,,Magistr,İşləyən,1152,Nağd istehlak krediti,6512,tibbi xərclər,14.66,798.0,1,Xeyr,Xeyr,Təsdiqlənib,Bütün sənədlər qaydasındadır | Yoxlayıcı_ID: 243
56983034,Aylin Nəsirova,2003-08-06,Qadın,Magistr,Tələbə,100,Təhsil krediti,931,dövriyyə vəsaitlərinin artırılması - Biznes krediti,18.99,442.0,0,,Xeyr,Rədd edilib,Aşağı kredit reytinqi | Yoxlayıcı_ID: 799
56496870,Ayan İsmayılova,2007-03-11,qadin,Magistr,Tələbə,203,Təhsil krediti,543,əsas vəsaitlərin alınması - Biznes krediti,13.92,497.0,0,,Xeyr,Rədd edilib,Aşağı kredit reytinqi | Yoxlayıcı_ID: 993
56733487,Kəmalə Abdullayeva,08-06-03,Q,Bakalavr,Tələbə,162,Təhsil krediti,1159,Biznes krediti,24.53,692.0,0,,Xeyr,Təsdiqlənib,Bütün sənədlər qaydasındadır
86129466,Aysel Əhmədova,03-26-83,,Magistr,İşləyən,3517,Avtomobil krediti,12138,tibbi xərclər,14.96,935.0,0,,Xeyr,Təsdiqlənib,Müştərinin gəliri və krediti təsdiqləndi
38292510,Uğur Cavadov,06-23-79,,Magistr,Sahibkar,4194,Mikro kredit,16013,əsas vəsaitlərin alınması - Biznes krediti,13.6,1234.0,2,Xeyr,Xeyr,Təsdiqlənib,Müştərinin gəliri və krediti təsdiqləndi
27152789,Ramin Hüseynov,17/04/1983,Kişi,Magistr,İşləyən,2498,Avtomobil krediti,20953,təmir,20.97,1600.0,0,,Xeyr,Təsdiqlənib,Bütün sənədlər qaydasındadır
32205103,Aydan Rzayeva,1973-12-06,Q,Bakalavr tehsili,İşləyən,3767,Nağd istehlak krediti,17497,şəxsi istehlak məqsədi,24.58,825.0,2,Xeyr,Xeyr,Təsdiqlənib,Müştərinin gəliri və krediti təsdiqləndi
12942104,yusif məmmədov,07-02-93,,Magistr,İşləyən,3618,Nağd istehlak krediti,3612,təmir,13.03,968.0,4,Xeyr,Xeyr,Təsdiqlənib,Müştərinin gəliri və krediti təsdiqləndi
46550544,Kamal Tağıyev,2006-09-10,,Magistr,Tələbə,157,Təhsil krediti,1069,dövriyyə vəsaitlərinin artırılması - Biznes krediti,19.01,782.0,0,,Xeyr,Təsdiqlənib,Müştərinin gəliri və krediti təsdiqləndi
26663426,Əli Quliyev,09-15-73, kişi ,Bakalavr tehsili,İşləyən,2178,Nağd istehlak krediti,17709,şəxsi istehlak məqsədi,21.55,799.0,3,Bəli,Xeyr,Təsdiqlənib,Bütün sənədlər qaydasındadır
86352353,Samir Cavadov,07-14-84,Kişi,Orta məktəb,İşsiz,292,Nağd istehlak krediti,734 AZN,tibbi xərclər,13.15,185.0,1,Bəli,Xeyr,Rədd edilib,Aşağı kredit reytinqi
18400334,Tural Rüstəmov,13/05/1983,Kişi,Bakalavr tehsili,İşləyən,1088,Avtomobil krediti,14837,məişət avadanlığı alışı,21.55,714.0,4,Xeyr,Xeyr,Təsdiqlənib,Müştərinin gəliri və krediti təsdiqləndi
46848104,Rauf Quliyev,05-09-76,Kişi,Magistr,İşləyən,2236,Nağd istehlak krediti,14938,şəxsi istehlak məqsədi,20.69,1312.0,2,Bəli,Xeyr,Təsdiqlənib,Bütün sənədlər qaydasındadır
86031763,Orxan Sultanov,03-15-03,Kişi,Bakalavr tehsili,Tələbə,224,Təhsil krediti,1082,Biznes krediti,19.02,676.0,0,,Xeyr,Təsdiqlənib,Bütün sənədlər qaydasındadır
11300025,Aysel İbrahimova,1972-03-07,Q,Bakalavr tehsili,İşləyən,3254,Nağd istehlak krediti,1506,tibbi xərclər,16.08,1251.0,2,Bəli,Xeyr,Təsdiqlənib,Müştərinin gəliri və krediti təsdiqləndi
33357932,Ləman Məmmədova,06/08/2005,Q,Magistr,Tələbə,154,Təhsil krediti,562,dövriyyə vəsaitlərinin artırılması - Biznes krediti,12.37,555.0,0,,Xeyr,Təsdiqlənib,Müştərinin gəliri və krediti təsdiqləndi | Yoxlayıcı_ID: 466
34942286,Aydan Abdullayeva,03-10-05,qadin,Bakalavr,Tələbə,181,Təhsil kriditi,611,Biznes krediti,13.06,448.0,0,,Xeyr,Rədd edilib,Aşağı kredit reytinqi
57314479,Rəşad Səfərov,02-20-95, kişi ,Bakalvar,Sahibkar,4783,Mikro kredit,94379,dövriyyə vəsaitlərinin artırılması - Biznes krediti,23.39,1434.0,4,Xeyr,Xeyr,Təsdiqlənib,Bütün sənədlər qaydasındadır | Yoxlayıcı_ID: 834
47089224,Babayeva Səbinə,08/12/1994,Qadın,Bakalavr tehsili,İşləyən,2924,Avtomobil krediti,10748,məişət avadanlığı alışı,12.4,1222.0,1,Bəli,Xeyr,Təsdiqlənib,Bütün sənədlər qaydasındadır | Yoxlayıcı_ID: 992
16444129,Fidan Quliyeva,01-05-67,,Orta məktəb,İşsiz,182,Nağd istehlak krediti,878,şəxsi istehlak məqsədi,18.0,545.0,1,Bəli,Xeyr,Təsdiqlənib,Müştərinin gəliri və krediti təsdiqləndi
22140133,Aysel Rüstəmova,2006-10-03,Q,Bakalavr,Tələbə,247,Təhsil krediti,2944,Biznes krediti,15.1,477.0,0,,Xeyr,Rədd edilib,Aşağı kredit reytinqi
19354315,Nigar Sultanova,18/04/1977,,Bakalavr tehsili,İşləyən,3641,Nağd istehlak krediti,6812,məişət avadanlığı alışı,11.95,567.0,0,,Xeyr,Təsdiqlənib,Bütün sənədlər qaydasındadır | Yoxlayıcı_ID: 170
10098505,Uğur Babayev,23/11/1992, kişi ,Bakalavr,İşləyən,1322,Nağd istehlak krediti,9514,tibbi xərclər,23.16,931.0,3,Xeyr,Xeyr,Təsdiqlənib,Müştərinin gəliri və krediti təsdiqləndi
52124629,Sevinc Abdullayeva,1970-03-19,,Bakalavr,Sahibkar,2602,Mikro kredit,39184,dövriyyə vəsaitlərinin artırılması - Biznes krediti,11.58,905.0,7,Bəli,Xeyr,Təsdiqlənib,'Qara siyahı'da olmaq
69512866,Fərid Rüstəmov,2007-07-30,Kişi,Magistr,Tələbə,173,Təhsil krediti,2630,dövriyyə vəsaitlərinin artırılması - Biznes krediti,24.88,534.0,0,,Xeyr,Təsdiqlənib,Bütün sənədlər qaydasındadır
34008750,Ramin Cavadov,10-22-81,K,Bakalavr tehsili,İşləyən,2712,Avtomobil krediti,24901,şəxsi istehlak məqsədi,24.81,1234.0,1,Bəli,Xeyr,Təsdiqlənib,Bütün sənədlər qaydasındadır
61937140,Nərmin İsmayılova,04-06-01,Qadın,Bakalavr tehsili,İşləyən,2431,Avtomobil krediti,39073,tibbi xərclər,24.34,459.0,1,Xeyr,Xeyr,Təsdiqlənib,Aşağı kredit reytinqi
29140019,Aydan İbrahimova,01-02-76,Qadın,Magistr,Sahibkar,7586,Mikro kredit,35179,dövriyyə vəsaitlərinin artırılması - Biznes krediti,17.2,1032.0,2,Bəli,Xeyr,Təsdiqlənib,Bütün sənədlər qaydasındadır | Yoxlayıcı_ID: 936
38106473,Sahil Cəfərov,1989-01-20,Kişi,Orta məktəb,İşsiz,94,Nağd istehlak krediti,637,toy xərcləri,23.28,413.0,1,Xeyr,Xeyr,Rədd edilib,Aşağı kredit reytinqi
32484085,Məryəm Sultanova,27/08/1975,Qadın,Bakalavr tehsili,İşləyən,1030,Nağd istehlak krediti,1210,tibbi xərclər,23.93,429.0,4,Xeyr,Xeyr,Rədd edilib,Aşağı kredit reytinqi
56541847,Anar Əhmədov,06-24-73,K,Magistr,İşləyən,2346,Nağd istehlak krediti,8513,şəxsi istehlak məqsədi,12.02,1288.0,4,Xeyr,Xeyr,Təsdiqlənib,Müştərinin gəliri və krediti təsdiqləndi
53528923,Elvin İbrahimov,12/03/1973,K,Magistr,Sahibkar,8367,Mikro kredit,30207,əsas vəsaitlərin alınması - Biznes krediti,14.74,1358.0,6,Bəli,Xeyr,Təsdiqlənib,Müştərinin gəliri və krediti təsdiqləndi
48850161,Samir Nəsirov,14/04/2006,Kişi,Bakalavr,Tələbə,155,Təhsil krediti,1857,əsas vəsaitlərin alınması - Biznes krediti,11.02,480.0,0,,Xeyr,Rədd edilib,Aşağı kredit reytinqi
58714066, Sevinc Quliyeva ,17/12/1985,qadin,Bakalavr,İşləyən,2908,Nağd istehlak krediti,13126,şəxsi istehlak məqsədi,22.59,452.0,4,Bəli,Xeyr,Rədd edilib,Aşağı kredit reytinqi
15568780,Yusif Hüseynov,18/07/1996,Kişi,Bakalavr tehsili,İşləyən,3524,Nağd istehlak krediti,6088,təmir,15.46,500.0,2,Bəli,Xeyr,Təsdiqlənib,Müştərinin gəliri və krediti təsdiqləndi
65543076,Ayan İsmayılova,30/12/1981,Qadın,Bakalavr,İşləyən,2432,Avtomobil krediti,25245,toy xərcləri,20.69,640.0,3,Xeyr,Bəli,Təsdiqlənib,'Qara siyahı'da olmaq
78841894,Ləman Əliyeva,1977-01-26,Q,Magistr,İşləyən,1819,Nağd istehlak krediti,14866,şəxsi istehlak məqsədi,14.1,455.0,1,Xeyr,Xeyr,Rədd edilib,Aşağı kredit reytinqi
72879140,Orxan Tağıyev,09-16-89,,Bakalavr tehsili,İşləyən,980,Nağd istehlak krediti,1273,məişət avadanlığı alışı,20.3,431.0,1,Bəli,Xeyr,Rədd edilib,Aşağı kredit reytinqi | Yoxlayıcı_ID: 848
29510399,Emin İsmayılov,1994-12-13,,Magistr,İşləyən,2862,Nağd istehlak krediti,4973 AZN,şəxsi istehlak məqsədi,17.74,1056.0,1,Xeyr,Xeyr,Təsdiqlənib,Müştərinin gəliri və krediti təsdiqləndi | Yoxlayıcı_ID: 613
57602046,Uğur Rəhimov,1988-02-04,K,Bakalavr tehsili,Sahibkar,8698,Mikro kredit,60754,dövriyyə vəsaitlərinin artırılması - Biznes krediti,24.71,1473.0,5,Xeyr,Xeyr,Təsdiqlənib,Bütün sənədlər qaydasındadır | Yoxlayıcı_ID: 977
75723461,Nihat Səfərov,1968-09-12,Kişi,Magistr,Sahibkar,6685,Mikro kredit,79218,dövriyyə vəsaitlərinin artırılması - Biznes krediti,20.71,1653.0,5,Xeyr,Xeyr,Təsdiqlənib,Müştərinin gəliri və krediti təsdiqləndi | Yoxlayıcı_ID: 568
94694200,İsmayılova Nigar,06/01/1998,Qadın,Magistr,İşləyən,3721,Nağd istehlak krediti,15256,məişət avadanlığı alışı,18.92,1455.0,3,Xeyr,Xeyr,Təsdiqlənib,Müştərinin gəliri və krediti təsdiqləndi
68388507,Rzayev Fərid,1986-03-23,Kişi,Magistr,İşləyən,2799,Nağd istehlak krediti,2195 manat,şəxsi istehlak məqsədi,19.88,1316.0,0,,Xeyr,Təsdiqlənib,Müştərinin gəliri və krediti təsdiqləndi
88116215,Hüseyn Əhmədov,1979-02-24,,Bakalavr tehsili,İşləyən,3045,Nağd istehlak krediti,9128,şəxsi istehlak məqsədi,12.01,1518.0,3,Bəli,Xeyr,Təsdiqlənib,Bütün sənədlər qaydasındadır | Yoxlayıcı_ID: 550
22502824,Aysel Məmmədova,10/01/2004,Q,Magistr,Tələbə,200,Təhsil krediti,989,Biznes krediti,23.0,697.0,1,Bəli,Xeyr,Təsdiqlənib,Zaminlik məsələləri
99344776,Ayan Babayeva,1995-03-11,,Bakalavr,İşləyən,3925,Nağd istehlak krediti,4155,məişət avadanlığı alışı,12.31,1362.0,2,Xeyr,Xeyr,Təsdiqlənib,Bütün sənədlər qaydasındadır
99114387,Zeynəb Cəfərova,20/05/1969,Q,Orta məktəb,İşsiz,215,Nağd istehlak krediti,410,tibbi xərclər,19.97,546.0,1,Bəli,Xeyr,Təsdiqlənib,Bütün sənədlər qaydasındadır
84901069,Aysel Nəsirova,02/07/1979,qadin,Bakalavr tehsili,Sahibkar,9569,Mikro kredit,22357,dövriyyə vəsaitlərinin artırılması - Biznes krediti,24.54,917.0,5,Bəli,Xeyr,Təsdiqlənib,Müştərinin gəliri və krediti təsdiqləndi
19875838,Zeynəb İbrahimova,15/11/1972,,Magistr,İşləyən,3691,Avtomobil krediti,28656 manat,məişət avadanlığı alışı,15.74,1590.0,4,Bəli,Xeyr,Təsdiqlənib,Müştərinin gəliri və krediti təsdiqləndi
82971201,Rəna Əliyeva,1991-05-03,,Bakalavr tehsili,İşləyən,953,Nağd istehlak krediti,16844,şəxsi istehlak məqsədi,19.88,1273.0,0,,Xeyr,Təsdiqlənib,Bütün sənədlər qaydasındadır
74764154,Qasımova Zülfiyyə,10-22-03,qadin,Magistr,Tələbə,178,Təhsil krediti,1383,dövriyyə vəsaitlərinin artırılması - Biznes krediti,18.71,442.0,0,,Xeyr,Rədd edilib,Aşağı kredit reytinqi
40200709,Aysel Əhmədova,1989-04-28,qadin,Magistr,İşləyən,3080,Nağd istehlak krediti,15377,təmir,13.91,823.0,4,Bəli,Xeyr,Təsdiqlənib,Bankın kredit şərtlərinə uyğun deyil
13648691, Aylin Əhmədova ,1976-01-17,qadin,Bakalavr tehsili,İşləyən,3929,Nağd istehlak krediti,10280,tibbi xərclər,15.74,1315.0,2,Xeyr,Xeyr,Təsdiqlənib,Müştərinin gəliri və krediti təsdiqləndi
99741955,Elvin Vəliyev,23/08/1980,Kişi,Orta məktəb,İşsiz,133,Nağd istehlak krediti,345,şəxsi istehlak məqsədi,11.93,290.0,1,Xeyr,Xeyr,Rədd edilib,Aşağı kredit reytinqi
57663917,Sahil Rzayev,1997-11-10,Kişi,Orta məktəb,İşsiz,313,Nağd istehlak krediti,940,tibbi xərclər,13.71,238.0,1,Xeyr,Xeyr,Rədd edilib,Aşağı kredit reytinqi
46273797,Lalə İbrahimova,11-06-63,Qadın,Orta məktəb,İşsiz,276,Nağd istehlak krediti,870,məişət avadanlığı alışı,16.43,429.0,1,Xeyr,Xeyr,Təsdiqlənib,Aşağı kredit reytinqi
81877472,Samir Tağıyev,02-11-81,Kişi,Bakalavr tehsili,İşləyən,"1,132",Nağd istehlak krediti,17361,məişət avadanlığı alışı,11.5,525.0,3,Xeyr,Xeyr,Təsdiqlənib,Müştərinin gəliri və krediti təsdiqləndi
80163380,Rauf Əliyev,20/12/2002,Kişi,Bakalavr tehsili,Tələbə,,Təhsil krediti,632,Biznes krediti,17.94,537.0,1,Bəli,Xeyr,Təsdiqlənib,Müştərinin gəliri və krediti təsdiqləndi
31426377,Əli Nəsirov,12-19-93,,Bakalavr,İşləyən,3013,Nağd istehlak krediti,524,toy xərcləri,19.04,1196.0,0,,Xeyr,Təsdiqlənib,Zaminlik məsələləri
99589286,Ramin Qasımov,05-02-92,,Bakalavr tehsili,İşləyən,945,Nağd istehlak krediti,11475,şəxsi istehlak məqsədi,21.05,446.0,3,Bəli,Xeyr,Rədd edilib,Aşağı kredit reytinqi
20593395,Sevinc Vəliyeva,1992-08-29,,Bakalavr,İşləyən,1705,Nağd istehlak krediti,12405,təmir,12.7,518.0,1,Xeyr,Xeyr,Təsdiqlənib,Bütün sənədlər qaydasındadır
41538064,Məhəmməd Babayev,1974-06-15, kişi ,Bakalavr tehsili,İşləyən,2327,Nağd istehlak krediti,8223,Təmir,24.84,1081.0,2,Bəli,Xeyr,Təsdiqlənib,Bütün sənədlər qaydasındadır
54807763,Ayan Rzayeva,02/01/2002,Qadın,Magistr,İşləyən,1170,Nağd istehlak krediti,11531,şəxsi istehlak məqsədi,21.27,,3,Xeyr,Xeyr,Rədd edilib,Aşağı kredit reytinqi
47446910,Rəna Səfərova,08-12-75,Qadın,Orta məktəb,İşsiz,319 manat,Nağd istehlak krediti,857,təmir,11.6,307.0,2,Xeyr,Xeyr,Rədd edilib,Aşağı kredit reytinqi | Yoxlayıcı_ID: 949
61126840,Zəhra Rüstəmova,1966-02-10,Qadın,Bakalavr,Sahibkar,6960,Mikro kredit,67725,dövriyyə vəsaitlərinin artırılması - Biznes krediti,17.86,1384.0,7,Bəli,Xeyr,Təsdiqlənib,Bütün sənədlər qaydasındadır
36968320, Sahil Məmmədov ,1990-08-25,,Bakalavr,İşləyən,3111,Nağd istehlak krediti,12158,təmir,14.99,1353.0,0,,Xeyr,Təsdiqlənib,Bütün sənədlər qaydasındadır
94280487,Şəbnəm Sultanova,19/02/2004,qadin,Magistr,Tələbə,145,Təhsil krediti,1610,dövriyyə vəsaitlərinin artırılması - Biznes krediti,16.89,486.0,0,,Xeyr,Rədd edilib,Aşağı kredit reytinqi | Yoxlayıcı_ID: 851
26073753,Günel Rzayeva,09-17-03,Qadın,Bakalavr tehsili,Tələbə,267,Təhsil krediti,2722,Biznes krediti,15.29,247.0,0,,Xeyr,Rədd edilib,Aşağı kredit reytinqi
44760046,Sahil İbrahimov,1961-02-07, kişi ,Orta məktəb,İşsiz,120,Nağd istehlak krediti,986,tibbi xərclər,12.06,366.0,0,,Xeyr,Rədd edilib,Aşağı kredit reytinqi
43856697,Rauf Abdullayev,01-24-04,Kişi,Bakalavr,Tələbə,218,Təhsil krediti,"1,972",əsas vəsaitlərin alınması - Biznes krediti,20.69,472.0,0,,Xeyr,Təsdiqlənib,Aşağı kredit reytinqi
54626942,İsmayılova Zeynəb,04/12/1994,Qadın,Orta məktəb,İşsiz,261,Nağd istehlak krediti,904,şəxsi istehlak məqsədi,14.66,374.0,0,,Xeyr,Rədd edilib,Aşağı kredit reytinqi
87792301,Fidan Məmmədova,03/03/1989,,Bakalavr tehsili,Sahibkar,2833,Mikro kredit,47576 AZN,dövriyyə vəsaitlərinin artırılması - Biznes krediti,17.84,1780.0,6,Bəli,Xeyr,Təsdiqlənib,Müştərinin gəliri və krediti təsdiqləndi
21619918,Səbinə Abdullayeva,1972-08-05,Qadın,Magistr,İşləyən,2675,Nağd istehlak krediti,13501,Təmir,20.45,,0,,Xeyr,Təsdiqlənib,Müştərinin gəliri və krediti təsdiqləndi
92887029,Anar Rəhimov,2005-02-07,,Bakalavr,Tələbə,261,Təhsil krediti,1780 manat,Biznes krediti,16.13,630.0,0,,Xeyr,Təsdiqlənib,Bütün sənədlər qaydasındadır
10796010,Cavadova Lalə,01-13-79,Q,Bakalavr,İşləyən,3067,Nağd istehlak krediti,19777,tibbi xərclər,20.57,1375.0,2,Bəli,Xeyr,Təsdiqlənib,Müştərinin gəliri və krediti təsdiqləndi
76423088,Aylin Qasımova,1991-08-10,Qadın,Bakalavr,İşləyən,3213,Avtomobil krediti,"37,241",tibbi xərclər,16.25,1236.0,4,Bəli,Xeyr,Təsdiqlənib,Bütün sənədlər qaydasındadır
55427762,Tural Cəfərov,19/07/1976,K,Magistr,Sahibkar,"7,796",Mikro kredit,22482,dövriyyə vəsaitlərinin artırılması - Biznes krediti,13.67,945.0,3,Bəli,Xeyr,Təsdiqlənib,Müştərinin gəliri və krediti təsdiqləndi
72235191,Məhəmməd Məmmədov,10-27-98,Kişi,Magistr,İşləyən,1699,Nağd istehlak krediti,4242,toy xərcləri,16.88,650.0,0,,Xeyr,Təsdiqlənib,Bütün sənədlər qaydasındadır
68911585,Ayan Nəsirova,18/04/2001,Qadın,Bakalavr tehsili,İşləyən,997,Nağd istehlak krediti,17036,toy xərcləri,18.35,987.0,4,Bəli,Xeyr,Təsdiqlənib,Müştərinin gəliri və krediti təsdiqləndi | Yoxlayıcı_ID: 466
43323466,Tağıyev Rauf,2005-08-01,,Bakalavr,Tələbə,,Təhsil krediti,1394,Biznes krediti,11.49,376.0,0,,Xeyr,Rədd edilib,Aşağı kredit reytinqi | Yoxlayıcı_ID: 755
39197069,Əli Rəhimov,12-03-95,Kişi,Bakalavr,İşləyən,"1,055",Nağd istehlak krediti,14190,təmir,14.74,543.0,1,Xeyr,Xeyr,Təsdiqlənib,Bütün sənədlər qaydasındadır
97041020,Tural Məmmədov,07/11/2000,Kişi,Bakalavr tehsili,İşləyən,2977,Nağd istehlak krediti,12430,şəxsi istehlak məqsədi,24.39,1349.0,2,Bəli,Xeyr,Təsdiqlənib,Bütün sənədlər qaydasındadır
88983670,Ləman Hüseynova,1963-04-17,Qadın,Orta məktəb,İşsiz,177,Nağd istehlak krediti,833,şəxsi istehlak məqsədi,17.37,445.0,0,,Xeyr,Rədd edilib,Aşağı kredit reytinqi
33689014,Anar Səfərov,07/05/1970, kişi ,Orta məktəb,İşsiz,269,Nağd istehlak krediti,554,məişət avadanlığı alışı,13.88,541.0,1,Bəli,Xeyr,Təsdiqlənib,Bankın kredit şərtlərinə uyğun deyil
24802150,Samir Vəliyev,06-10-03,,Bakalavr,Tələbə,271,Təhsil krediti,2409,əsas vəsaitlərin alınması - Biznes krediti,17.65,705.0,1,Xeyr,Xeyr,Təsdiqlənib,Bütün sənədlər qaydasındadır
32865620,İbrahimova Zülfiyyə,1978-05-26,Q,Orta məktəb,İşsiz,109,Nağd istehlak krediti,702,şəxsi istehlak məqsədi,15.38,366.0,1,Bəli,Xeyr,Rədd edilib,Aşağı kredit reytinqi
97854486,Zülfiyyə Rüstəmova,2003-05-02,,Magistr,Tələbə,170,Təhsil krediti,1553,Biznes krediti,20.07,359.0,0,,Xeyr,Rədd edilib,Aşağı kredit reytinqi
27659939,Əli Hüseynov,10-07-07, kişi ,Magistr,Tələbə,174,Təhsil krediti,2094,Biznes krediti,17.67,482.0,0,,Xeyr,Rədd edilib,Aşağı kredit reytinqi
97060394,Sevinc Abdullayeva,04-17-87,Qadın,Bakalavr,İşləyən,2471,Nağd istehlak krediti,16066,tibbi xərclər,19.97,,4,Xeyr,Xeyr,Təsdiqlənib,Müştərinin gəliri və krediti təsdiqləndi
51299460,Zəhra İbrahimova,04-02-86,,Bakalavr tehsili,İşləyən,1623,Nağd istehlak krediti,15651,toy xərcləri,12.38,620.0,0,,Xeyr,Təsdiqlənib,Bütün sənədlər qaydasındadır
22129498,Şəbnəm Vəliyeva,10/12/1996,Q,Orta məktəb,İşsiz,282 AZN,Nağd istehlak krediti,313,tibbi xərclər,24.18,149.0,1,Bəli,Xeyr,Rədd edilib,Aşağı kredit reytinqi
51097337,Emin Məmmədov,1977-04-15,,Magistr,İşləyən,1718,Nağd istehlak krediti,1671,təmir,14.86,1357.0,4,Xeyr,Xeyr,Təsdiqlənib,Müştərinin gəliri və krediti təsdiqləndi
12555253,Lalə Abdullayeva,1999-02-07,Q,Bakalavr tehsili,İşləyən,3577,Nağd istehlak krediti,19826,şəxsi istehlak məqsədi,18.28,1140.0,1,Xeyr,Xeyr,Təsdiqlənib,Bütün sənədlər qaydasındadır
76750502,Aydan Qasımova,1972-10-22,qadin,Bakalavr tehsili,İşləyən,1052,Nağd istehlak kriditi,5248,tibbi xərclər,23.56,1369.0,0,,Xeyr,Təsdiqlənib,Bütün sənədlər qaydasındadır | Yoxlayıcı_ID: 656
93204146,Nərmin Abdullayeva,27/03/1994,qadin,Bakalavr tehsili,İşləyən,1455 manat,Nağd istehlak krediti,16823,təmir,15.25,1031.0,3,Xeyr,Bəli,Rədd edilib,'Qara siyahı'da olmaq
22025235,Tural Rəhimov,07-12-78, kişi ,Bakalavr tehsili,Sahibkar,8773,Mikro kredit,96122,əsas vəsaitlərin alınması - Biznes krediti,18.05,1069.0,4,Xeyr,Xeyr,Təsdiqlənib,Müştərinin gəliri və krediti təsdiqləndi
30524003,Rəna Cəfərova,06-30-99,Qadın,Magistr,İşləyən,3936,Nağd istehlak krediti,5171,tibbi xərclər,17.88,683.0,3,Bəli,Xeyr,Təsdiqlənib,Bütün sənədlər qaydasındadır | Yoxlayıcı_ID: 514
82235754,Ramin Tağıyev,01-22-84, kişi ,Magistr,İşləyən,2714,Nağd istehlak krediti,11674,məişət avadanlığı alışı,21.47,657.0,3,Xeyr,Xeyr,Təsdiqlənib,Müştərinin gəliri və krediti təsdiqləndi
76433653,Sahil Quliyev,06-23-71,,Bakalavr tehsili,İşləyən,1978,Nağd istehlak krediti,6305,tibbi xərclər,24.44,1407.0,4,Bəli,Xeyr,Təsdiqlənib,İş stajı yetərsizdir
44220747,Rəna Rzayeva,1975-07-14,qadin,Magistr,İşləyən,870,Nağd istehlak krediti,13884,tibbi xərclər,19.98,632.0,0,,Xeyr,Təsdiqlənib,Müştərinin gəliri və krediti təsdiqləndi
35443429,Zülfiyyə Rüstəmova,12-27-02,Qadın,Bakalavr,Tələbə,167,Təhsil krediti,1732,dövriyyə vəsaitlərinin artırılması - Biznes krediti,15.28,361.0,1,Bəli,Xeyr,Təsdiqlənib,Aşağı kredit reytinqi
96874586,Rauf Əliyev,1981-02-20,K,Bakalavr,İşləyən,3771,Avtomobil krediti,23914,təmir,20.45,538.0,1,Bəli,Xeyr,Təsdiqlənib,Müştərinin gəliri və krediti təsdiqləndi
55777777,Ramin İsmayılov,27/03/2005, kişi ,Bakalavr tehsili,Tələbə,167,Təhsil krediti,1324,dövriyyə vəsaitlərinin artırılması - Biznes krediti,15.5,471.0,0,,Xeyr,Rədd edilib,Aşağı kredit reytinqi
36483250,Zeynəb Rüstəmova,1987-03-15,Q,Magistr,İşləyən,904,Nağd istehlak krediti,"10,810",məişət avadanlığı alışı,13.99,1360.0,4,Xeyr,Xeyr,Təsdiqlənib,Müştərinin gəliri və krediti təsdiqləndi
63330800,Aysel Quliyeva,1994-12-28,qadin,Magistr,İşləyən,2105 AZN,Avtomobil krediti,19678,məişət avadanlığı alışı,16.8,1590.0,3,Bəli,Xeyr,Təsdiqlənib,Bütün sənədlər qaydasındadır
40238560,şəbnəm tağıyeva,01-14-84,,Bakalavr,İşləyən,1631,Nağd istehlak krediti,15187,təmir,14.35,1471.0,0,,Xeyr,Təsdiqlənib,Bütün sənədlər qaydasındadır | Yoxlayıcı_ID: 349
64387569,Nihat Vəliyev,07-08-87,K,Magistr,İşləyən,3947,Nağd istehlak krediti,15424,toy xərcləri,18.91,604.0,1,Bəli,Xeyr,Təsdiqlənib,Bütün sənədlər qaydasındadır
38209042,Elvin Cəfərov,10-28-85, kişi ,Bakalavr tehsili,Sahibkar,8037,Mikro kredit,8280,dövriyyə vəsaitlərinin artırılması - Biznes krediti,12.94,1711.0,8,Xeyr,Xeyr,Təsdiqlənib,Müştərinin gəliri və krediti təsdiqləndi
39788448,Uğur Hüseynov,1984-08-04, kişi ,Bakalavr tehsili,İşləyən,2756,Nağd istehlak krediti,768,şəxsi istehlak məqsədi,18.45,1167.0,4,Xeyr,Xeyr,Təsdiqlənib,Bütün sənədlər qaydasındadır
57701227,Günel Vəliyeva,01/07/2003,qadin,Magistr,Tələbə,293,Təhsil krediti,1181,əsas vəsaitlərin alınması - Biznes krediti,14.71,746.0,0,,Xeyr,Təsdiqlənib,Bütün sənədlər qaydasındadır
51685862,Nərmin İbrahimova,12/05/2004,qadin,Bakalavr tehsili,Tələbə,156,Təhsil krediti,640,dövriyyə vəsaitlərinin artırılması - Biznes krediti,15.37,260.0,0,,Xeyr,Rədd edilib,Aşağı kredit reytinqi
96583078,Günel Rəhimova,1986-08-26,qadin,Bakalavr,İşləyən,"3,157",Nağd istehlak krediti,19090,tibbi xərclər,18.05,1300.0,3,Bəli,Xeyr,Təsdiqlənib,Müştərinin gəliri və krediti təsdiqləndi
53956408,Fərid Abdullayev,1982-03-25, kişi ,Bakalavr,İşləyən,2500,Nağd istehlak krediti,18176,toy xərcləri,23.67,650.0,3,Xeyr,Xeyr,Təsdiqlənib,Müştərinin gəliri və krediti təsdiqləndi
32691535,Rauf İbrahimov,2007-03-19,,Magistr,Tələbə,235,Təhsil krediti,2677,dövriyyə vəsaitlərinin artırılması - Biznes krediti,12.96,538.0,1,Bəli,Xeyr,Təsdiqlənib,Bütün sənədlər qaydasındadır
77018760,Nigar İbrahimova,02-11-71,Q,Magistr,İşləyən,1564,Nağd istehlak krediti,11028,məişət avadanlığı alışı,12.18,543.0,1,Xeyr,Xeyr,Təsdiqlənib,Bütün sənədlər qaydasındadır | Yoxlayıcı_ID: 958
10843570,Aydan Tağıyeva,1980-11-12,Q,Bakalavr tehsili,İşləyən,1782,Avtomobil krediti,35192,məişət avadanlığı alışı,21.37,802.0,3,Bəli,Xeyr,Təsdiqlənib,Müştərinin gəliri və krediti təsdiqləndi
67475971,Fatimə Əhmədova,2006-06-15,qadin,Bakalavr tehsili,Tələbə,109,Təhsil krediti,2055 manat,dövriyyə vəsaitlərinin artırılması - Biznes krediti,22.62,630.0,1,Bəli,Xeyr,Təsdiqlənib,Müştərinin gəliri və krediti təsdiqləndi
81686667,nihat i̇brahimov,09-19-91,Kişi,Bakalavr,İşləyən,3928,Nağd istehlak krediti,15992,məişət avadanlığı alışı,23.39,600.0,3,Xeyr,Xeyr,Təsdiqlənib,Bütün sənədlər qaydasındadır
73795206,Fərid Məmmədov,2007-09-15,,Bakalavr tehsili,Tələbə,177,Təhsil krediti,2003,Biznes krediti,17.18,279.0,1,Bəli,Xeyr,Rədd edilib,Aşağı kredit reytinqi
75226739,Məryəm Quliyeva,06-28-76,,Magistr,Sahibkar,3812,Mikro kredit,62659,Biznes krediti,19.82,1042.0,8,Xeyr,Xeyr,Təsdiqlənib,Müştərinin gəliri və krediti təsdiqləndi
97926327,Fərid İbrahimov,2006-11-07,,Magistr,Tələbə,187,Təhsil krediti,525,Biznes krediti,23.01,358.0,0,,Xeyr,Rədd edilib,Aşağı kredit reytinqi | Yoxlayıcı_ID: 619
61991519,Tural İsmayılov,1984-03-21,,Orta məktəb,İşsiz,181,Nağd istehlak krediti,697,təmir,13.35,515.0,1,Bəli,Xeyr,Təsdiqlənib,Bütün sənədlər qaydasındadır
18680408,Sahil Qasımov,11/05/1991, kişi ,Bakalavr tehsili,İşləyən,1000,Nağd istehlak krediti,18907,tibbi xərclər,14.14,1162.0,0,,Xeyr,Təsdiqlənib,Müştərinin gəliri və krediti təsdiqləndi | Yoxlayıcı_ID: 979
96275940,Fatimə Məmmədova,12-11-94,qadin,Bakalavr tehsili,İşləyən,2715,Nağd istehlak krediti,4462,təmir,11.8,1580.0,0,,Xeyr,Təsdiqlənib,Bütün sənədlər qaydasındadır
27086596,Uğur Əliyev,1986-08-11, kişi ,Magistr,İşləyən,1835,Avtomobil krediti,20688,məişət avadanlığı alışı,21.72,940.0,2,Xeyr,Xeyr,Təsdiqlənib,Bütün sənədlər qaydasındadır
51204427,Ramin Rəhimov,12/04/1983, kişi ,Magistr,İşləyən,2611,Nağd istehlak krediti,5975,məişət avadanlığı alışı,13.56,1329.0,2,Xeyr,Xeyr,Təsdiqlənib,Müştərinin gəliri və krediti təsdiqləndi
68029518,Murad Abdullayev,02-29-04, kişi ,Magistr,Tələbə,122,Təhsil krediti,1737,Biznes krediti,21.31,437.0,0,,Xeyr,Rədd edilib,Aşağı kredit reytinqi
83347321,Uğur İsmayılov,1967-01-12,Kişi,Orta məktəb,İşsiz,81 AZN,Nağd istehlak krediti,793,təmir,24.89,401.0,0,,Xeyr,Rədd edilib,Aşağı kredit reytinqi
45147470,Kamal Rzayev,12-29-80,Kişi,Bakalavr,Sahibkar,4199,Mikro kredit,91144,əsas vəsaitlərin alınması - Biznes krediti,14.4,1716.0,4,Bəli,Xeyr,Təsdiqlənib,Bütün sənədlər qaydasındadır | Yoxlayıcı_ID: 136
83859942,Murad Cəfərov,1993-05-22, kişi ,Orta məktəb,İşsiz,258 AZN,Nağd istehlak krediti,929,məişət avadanlığı alışı,21.68,,1,Bəli,Xeyr,Rədd edilib,Aşağı kredit reytinqi
57796057,Nəsirova Zeynəb,04/08/1993,Qadın,Bakalavr,İşləyən,2411,Nağd istehlak krediti,19141,təmir,13.97,546.0,1,Bəli,Bəli,Rədd edilib,'Qara siyahı'da olmaq | Yoxlayıcı_ID: 482
72767999,Nihat Səfərov,04-24-83, kişi ,Bakalavr tehsili,İşləyən,2954,Nağd istehlak krediti,8806,toy xərcləri,15.25,1392.0,4,Bəli,Xeyr,Təsdiqlənib,Gəlir çatışmazlığı
24761601,Murad Vəliyev,03-27-74, kişi ,Bakalavr,Sahibkar,9557,Mikro kredit,39556,əsas vəsaitlərin alınması - Biznes krediti,22.42,,7,Xeyr,Xeyr,Təsdiqlənib,Bütün sənədlər qaydasındadır
75807216,Rəna Nəsirova,04-05-05,qadin,Magistr,Tələbə,145,Təhsil krediti,1053,Biznes krediti,12.54,452.0,0,,Xeyr,Rədd edilib,Aşağı kredit reytinqi
85562684,Samir Vəliyev,09/09/2002, kişi ,Bakalavr tehsili,İşləyən,2695,Nağd istehlak krediti,10023,məişət avadanlığı alışı,19.0,1287.0,4,Xeyr,Xeyr,Təsdiqlənib,Müştərinin gəliri və krediti təsdiqləndi
14729608,Rauf İsmayılov,17/12/1979,Kişi,Bakalavr,İşləyən,3512,Avtomobil krediti,28794 manat,tibbi xərclər,12.39,451.0,3,Bəli,Xeyr,Rədd edilib,Aşağı kredit reytinqi
92169906,Aysel İsmayılova,1979-10-16,qadin,Magistr,İşləyən,2580,Nağd istehlak krediti,10529,məişət avadanlığı alışı,14.33,742.0,2,Bəli,Xeyr,Təsdiqlənib,Bütün sənədlər qaydasındadır
15830933,Cavid Quliyev,30/09/1990, kişi ,Bakalavr tehsili,Sahibkar,8673,Mikro kridit,96406,dövriyyə vəsaitlərinin artırılması - Biznes krediti,12.36,1183.0,4,Bəli,Xeyr,Təsdiqlənib,Bütün sənədlər qaydasındadır
69722275,Zülfiyyə Rzayeva,23/10/2003,Q,Bakalavr,Tələbə,177,Təhsil krediti,1713,əsas vəsaitlərin alınması - Biznes krediti,23.86,600.0,0,,Xeyr,Təsdiqlənib,Müştərinin gəliri və krediti təsdiqləndi
69021874,Tural Əliyev,18/09/1969,K,Bakalavr,Sahibkar,6244,Mikro kredit,91831,əsas vəsaitlərin alınması - Biznes krediti,19.78,1465.0,4,Xeyr,Xeyr,Təsdiqlənib,Bütün sənədlər qaydasındadır
51151525,Tural Nəsirov,09-20-92,Kişi,Bakalavr tehsili,İşləyən,3339,Avtomobil krediti,20975,məişət avadanlığı alışı,12.16,979.0,0,,Xeyr,Təsdiqlənib,Bütün sənədlər qaydasındadır
45677145,Lalə Rəhimova,1975-07-14,Qadın,Bakalavr tehsili,İşləyən,3775,Nağd istehlak krediti,4359,məişət avadanlığı alışı,21.22,682.0,2,Bəli,Xeyr,Təsdiqlənib,Bütün sənədlər qaydasındadır
32528773,Aysel Əhmədova,10/09/1988,qadin,Bakalavr tehsili,İşləyən,3163,Nağd istehlak krediti,7951,tibbi xərclər,14.31,536.0,0,,Xeyr,Təsdiqlənib,Müştərinin gəliri və krediti təsdiqləndi
39907090,Zeynəb Qasımova,05-08-79,Q,Magistr,İşləyən,3801,Nağd istehlak krediti,1628,tibbi xərclər,11.45,530.0,2,Xeyr,Xeyr,Təsdiqlənib,Bütün sənədlər qaydasındadır
17437869,Sahil Səfərov,2007-08-16,,Bakalavr,Tələbə,102,Təhsil krediti,1010,Biznes krediti,19.75,626.0,0,,Xeyr,Təsdiqlənib,Müştərinin gəliri və krediti təsdiqləndi
10732048,Əli İbrahimov,17/06/1996,Kişi,Bakalavr tehsili,İşləyən,1618,Nağd istehlak krediti,3746,tibbi xərclər,18.56,1599.0,4,Xeyr,Xeyr,Təsdiqlənib,Müştərinin gəliri və krediti təsdiqləndi
84010979,Fatimə Qasımova,2003-02-27,qadin,Bakalavr tehsili,Tələbə,197,Təhsil krediti,1646,əsas vəsaitlərin alınması - Biznes krediti,24.34,785.0,1,Xeyr,Xeyr,Təsdiqlənib,Müştərinin gəliri və krediti təsdiqləndi
34502423,Fidan Əhmədova,1987-01-16,Q,Bakalavr,İşləyən,2443,Nağd istehlak krediti,628,tibbi xərclər,18.53,576.0,4,Xeyr,Xeyr,Təsdiqlənib,Bütün sənədlər qaydasındadır
94559935,Əhmədova Aysel,07-18-06,Q,Bakalavr tehsili,Tələbə,179 manat,Təhsil krediti,1058,dövriyyə vəsaitlərinin artırılması - Biznes krediti,14.61,698.0,0,,Xeyr,Təsdiqlənib,Müştərinin gəliri və krediti təsdiqləndi | Yoxlayıcı_ID: 570
88907974,Məryəm Tağıyeva,11/03/1995,qadin,Magistr,İşləyən,3260,Nağd istehlak krediti,8244,təmir,20.17,661.0,0,,Xeyr,Təsdiqlənib,Bütün sənədlər qaydasındadır
25873866,Orxan İbrahimov,1995-12-19,,Bakalavr tehsili,İşləyən,3279,Nağd istehlak krediti,10378,tibbi xərclər,17.95,901.0,2,Bəli,Xeyr,Təsdiqlənib,Müştərinin gəliri və krediti təsdiqləndi
72802112,Fidan Hüseynova,18/03/1975,Qadın,Bakalavr,İşləyən,1133,Nağd istehlak krediti,19087,məişət avadanlığı alışı,20.16,401.0,0,Bəli,Xeyr,Rədd edilib,Aşağı kredit reytinqi | Yoxlayıcı_ID: 560
36439057,Şəbnəm Qasımova,2003-10-26,qadin,Bakalavr,Tələbə,157,Təhsil krediti,2969,Biznes krediti,18.6,607.0,1,Xeyr,Xeyr,Təsdiqlənib,Bütün sənədlər qaydasındadır
98770731,Zülfiyyə İsmayılova,2003-08-26,Q,Magistr,Tələbə,285,Təhsil krediti,1007,əsas vəsaitlərin alınması - Biznes krediti,23.49,745.0,1,Bəli,Xeyr,Təsdiqlənib,Bütün sənədlər qaydasındadır
46787087,Aydan Rüstəmova,24/10/1971,,Magistr,İşləyən,2180,Nağd istehlak krediti,9582,şəxsi istehlak məqsədi,15.97,448.0,1,Bəli,Xeyr,Rədd edilib,Aşağı kredit reytinqi
25548052,Tural Rüstəmov,2004-04-23,,Bakalavr tehsili,Tələbə,269,Təhsil krediti,2107,Biznes krediti,13.76,738.0,1,Xeyr,Xeyr,Təsdiqlənib,Müştərinin gəliri və krediti təsdiqləndi | Yoxlayıcı_ID: 271
76931163,Rəşad Cavadov,19/10/2006,K,Magistr,Tələbə,226,Təhsil krediti,642,dövriyyə vəsaitlərinin artırılması - Biznes krediti,16.47,306.0,0,,Xeyr,Rədd edilib,Aşağı kredit reytinqi
87308297,Ayan Səfərova,2004-07-03,Q,Magistr,Tələbə,,Təhsil krediti,1602,dövriyyə vəsaitlərinin artırılması - Biznes krediti,22.48,322.0,0,,Xeyr,Rədd edilib,Aşağı kredit reytinqi
52464348,Zəhra Cavadova,05-28-86,,Bakalavr,İşləyən,3086,Avtomobil krediti,27344,tibbi xərclər,21.51,1253.0,4,Xeyr,Xeyr,Təsdiqlənib,Bütün sənədlər qaydasındadır
73775707,Yusif Nəsirov,1982-01-06,Kişi,Magistr,İşləyən,2687,Nağd istehlak krediti,14670,məişət avadanlığı alışı,17.59,1437.0,2,Bəli,Xeyr,Təsdiqlənib,Bütün sənədlər qaydasındadır | Yoxlayıcı_ID: 457
35322325,Aydan Quliyeva,12-22-75,Q,Magistr,İşləyən,1797,Nağd istehlak krediti,3953,toy xərcləri,24.17,1092.0,4,Xeyr,Xeyr,Təsdiqlənib,Bütün sənədlər qaydasındadır
38812158,Aysel Vəliyeva,1980-04-02,,Magistr,Sahibkar,3173,Mikro kredit,89642,dövriyyə vəsaitlərinin artırılması - Biznes krediti,16.45,1579.0,5,Bəli,Xeyr,Təsdiqlənib,Gəlir çatışmazlığı
75927848,Aylin Məmmədova,2004-11-12,,Bakalavr,Tələbə,185,Təhsil krediti,628,Biznes krediti,11.53,717.0,0,,Xeyr,Təsdiqlənib,Müştərinin gəliri və krediti təsdiqləndi
26482602,Ləman Abdullayeva,05-14-07,,Magistr,Tələbə,296 AZN,Təhsil krediti,849,dövriyyə vəsaitlərinin artırılması - Biznes krediti,18.89,724.0,0,,Xeyr,Təsdiqlənib,Müştərinin gəliri və krediti təsdiqləndi
88551091,Sevinc Abdullayeva,08-09-65,qadin,Orta məktəb,İşsiz,226,Nağd istehlak krediti,512,təmir,11.86,504.0,2,Bəli,Xeyr,Təsdiqlənib,Müştərinin gəliri və krediti təsdiqləndi
42624396,Hüseyn Babayev,2005-10-07,Kişi,Bakalavr tehsili,Tələbə,128,Təhsil krediti,2303,Biznes krediti,17.67,535.0,0,,Xeyr,Təsdiqlənib,Müştərinin gəliri və krediti təsdiqləndi
77596253,Fatimə Cəfərova,04/04/1998,Q,Bakalavr tehsili,İşləyən,3942,Nağd istehlak krediti,4361,məişət avadanlığı alışı,24.92,1117.0,3,Xeyr,Xeyr,Təsdiqlənib,Müştərinin gəliri və krediti təsdiqləndi
93998517,Hüseyn Rüstəmov,08-21-06,,Bakalavr tehsili,Tələbə,179,Təhsil krediti,895,əsas vəsaitlərin alınması - Biznes krediti,16.47,447.0,1,Xeyr,Xeyr,Rədd edilib,Aşağı kredit reytinqi
73545035,Nihat İbrahimov,02-14-77,,Bakalavr tehsili,İşləyən,2888,Avtomobil krediti,23287,şəxsi istehlak məqsədi,16.82,1368.0,2,Bəli,Xeyr,Təsdiqlənib,Bütün sənədlər qaydasındadır
30756705,Kamal Məmmədov,28/05/1991, kişi ,Magistr,İşləyən,1110,Nağd istehlak krediti,13808,təmir,13.37,1063.0,1,Xeyr,Xeyr,Təsdiqlənib,Bütün sənədlər qaydasındadır
87627704,Kəmalə Rəhimova,24/10/1999,,Magistr,İşləyən,1196,Nağd istehlak krediti,602,təmir,16.02,1220.0,0,,Xeyr,Təsdiqlənib,Bütün sənədlər qaydasındadır
62506171,Sevinc Rüstəmova,30/06/2006,Qadın,Magistr,Tələbə,123,Təhsil krediti,698,Biznes krediti,21.48,,0,,Xeyr,Rədd edilib,Aşağı kredit reytinqi
16440495,Rəşad Rzayev,1994-09-18, kişi ,Bakalvar,İşləyən,3394 manat,Nağd istehlak krediti,4705,şəxsi istehlak məqsədi,22.77,883.0,4,Xeyr,Xeyr,Təsdiqlənib,Bütün sənədlər qaydasındadır
53379132,Fatimə Qasımova,27/01/2007,Q,Magistr,Tələbə,207,Təhsil krediti,1030,əsas vəsaitlərin alınması - Biznes krediti,13.55,386.0,0,,Xeyr,Rədd edilib,Aşağı kredit reytinqi
98060387,Hüseyn İbrahimov,23/06/2005,Kişi,Bakalavr tehsili,Tələbə,105,Təhsil krediti,1561,əsas vəsaitlərin alınması - Biznes krediti,19.3,,0,,Xeyr,Təsdiqlənib,Müştərinin gəliri və krediti təsdiqləndi
45435800,Şəbnəm Rüstəmova,2000-10-20,qadin,Magistr,İşləyən,3186,Nağd istehlak krediti,6425 manat,məişət avadanlığı alışı,19.9,1511.0,4,Xeyr,Xeyr,Təsdiqlənib,Bütün sənədlər qaydasındadır
93686741,Samir Tağıyev,13/07/2001,,Bakalavr,İşləyən,3675,Nağd istehlak krediti,3209,tibbi xərclər,17.7,1080.0,1,Xeyr,Xeyr,Təsdiqlənib,Müştərinin gəliri və krediti təsdiqləndi
38907954,Tural Cavadov,1996-10-11,,Magistr,İşləyən,3263,Nağd istehlak krediti,17464,təmir,23.76,1046.0,3,Bəli,Xeyr,Təsdiqlənib,Müştərinin gəliri və krediti təsdiqləndi
37940725,Rəşad Vəliyev,07/09/1988,,Orta məktəb,İşsiz,108,Nağd istehlak krediti,489,məişət avadanlığı alışı,16.1,454.0,0,,Xeyr,Rədd edilib,Aşağı kredit reytinqi
73217514,Aysel Qasımova,1988-07-01,Q,Magistr,İşləyən,2185,Nağd istehlak krediti,2373,təmir,23.73,598.0,4,Bəli,Xeyr,Təsdiqlənib,Bütün sənədlər qaydasındadır
32217666,Elvin Babayev,2007-03-15, kişi ,Bakalavr,Tələbə,218 AZN,Təhsil krediti,1110,dövriyyə vəsaitlərinin artırılması - Biznes krediti,18.88,780.0,0,,Xeyr,Təsdiqlənib,Bütün sənədlər qaydasındadır
99737197,Səbinə Vəliyeva,29/09/1996,Qadın,Bakalavr,İşləyən,2121,Nağd istehlak krediti,12095,tibbi xərclər,12.82,1455.0,3,Bəli,Xeyr,Təsdiqlənib,Müştərinin gəliri və krediti təsdiqləndi | Yoxlayıcı_ID: 146
23383396,Uğur Cəfərov,09-29-88,Kişi,Bakalavr,İşləyən,2470,Avtomobil krediti,32508,Təmir,23.41,1202.0,1,Bəli,Xeyr,Təsdiqlənib,Müştərinin gəliri və krediti təsdiqləndi
93675580,Ramin Babayev,12-09-83,Kişi,Magistr,Sahibkar,4298,Mikro kredit,7537,Təmir,14.1,1659.0,4,Xeyr,Xeyr,Təsdiqlənib,Müştərinin gəliri və krediti təsdiqləndi | Yoxlayıcı_ID: 563
76316355, Rauf İbrahimov ,04-18-03,,Bakalavr tehsili,Tələbə,177,Təhsil krediti,618,əsas vəsaitlərin alınması - Biznes krediti,21.82,684.0,1,Bəli,Xeyr,Təsdiqlənib,Bütün sənədlər qaydasındadır
25202305,Fatimə Abdullayeva,21/01/2007,qadin,Bakalavr tehsili,Tələbə,143,Təhsil krediti,2968,Biznes krediti,21.56,363.0,0,,Xeyr,Rədd edilib,Aşağı kredit reytinqi
81547962,Rauf Quliyev,1995-03-03, kişi ,Magistr,İşləyən,,Nağd istehlak krediti,13663,təmir,20.78,1113.0,3,Bəli,Bəli,Rədd edilib,'Qara siyahı'da olmaq
86205150,Aysel Məmmədova,1997-04-09,Qadın,Orta məktəb,İşsiz,108,Nağd istehlak krediti,911,məişət avadanlığı alışı,24.48,452.0,1,Xeyr,Xeyr,Rədd edilib,Aşağı kredit reytinqi | Yoxlayıcı_ID: 757
84772112,Aylin İsmayılova,1988-06-16,Qadın,Bakalavr,İşləyən,1000,Nağd istehlak krediti,7949,məişət avadanlığı alışı,22.08,825.0,3,Bəli,Xeyr,Təsdiqlənib,Bütün sənədlər qaydasındadır | Yoxlayıcı_ID: 757
43036362,Fidan Hüseynova,1992-01-23,Q,Bakalavr,İşləyən,1970,Nağd istehlak krediti,928,məişət avadanlığı alışı,17.81,1580.0,1,Xeyr,Xeyr,Təsdiqlənib,Müştərinin gəliri və krediti təsdiqləndi
31566237,Rəşad Hüseynov,1997-05-19,Kişi,Bakalavr,İşləyən,3339,Nağd istehlak krediti,8176,məişət avadanlığı alışı,14.41,1371.0,1,Xeyr,Xeyr,Təsdiqlənib,Bütün sənədlər qaydasındadır
12570072,Cavid İbrahimov,1995-08-24,Kişi,Bakalavr,İşləyən,2356,Nağd istehlak krediti,"4,022",məişət avadanlığı alışı,14.9,446.0,2,Xeyr,Xeyr,Rədd edilib,Aşağı kredit reytinqi
18055634,Abdullayeva Kəmalə,1988-11-30,qadin,Bakalavr tehsili,İşləyən,3940,Nağd istehlak krediti,7288,şəxsi istehlak məqsədi,18.02,1350.0,4,Bəli,Xeyr,Təsdiqlənib,Müştərinin gəliri və krediti təsdiqləndi
14097920,Şəbnəm Babayeva,11-25-03,qadin,Bakalavr,Tələbə,261,Təhsil krediti,2830,əsas vəsaitlərin alınması - Biznes krediti,18.06,605.0,0,,Xeyr,Təsdiqlənib,Bütün sənədlər qaydasındadır
55363147,Səbinə Sultanova,26/11/1992,Qadın,Bakalavr tehsili,İşləyən,1310,Avtomobil krediti,39579,təmir,18.81,1375.0,2,Xeyr,Xeyr,Rədd edilib,Gəlir çatışmazlığı
67888481,Nərmin Səfərova,1965-01-28,Qadın,Orta məktəb,İşsiz,229,Nağd istehlak krediti,700,şəxsi istehlak məqsədi,17.32,146.0,0,,Xeyr,Rədd edilib,Aşağı kredit reytinqi | Yoxlayıcı_ID: 583
81571767,Aysel Rüstəmova,1974-11-15,,Bakalvar,İşləyən,2778,Nağd istehlak krediti,"5,034",təmir,15.2,711.0,4,Xeyr,Xeyr,Təsdiqlənib,Bütün sənədlər qaydasındadır
75923846,Rəşad İbrahimov,2003-06-18, kişi ,Bakalavr tehsili,Tələbə,231,Təhsil krediti,1205,Biznes krediti,12.52,542.0,0,,Xeyr,Təsdiqlənib,Müştərinin gəliri və krediti təsdiqləndi
64888516,Tural Əhmədov,09-06-01,K,Magistr,İşləyən,3104,Nağd istehlak krediti,10608,tibbi xərclər,15.12,847.0,4,Bəli,Xeyr,Təsdiqlənib,Müştərinin gəliri və krediti təsdiqləndi
69095186,Zəhra Hüseynova,03-26-05,Q,Magistr,Tələbə,179,Təhsil krediti,2478 AZN,dövriyyə vəsaitlərinin artırılması - Biznes krediti,14.43,430.0,0,,Xeyr,Rədd edilib,Aşağı kredit reytinqi
66231995,Hüseyn Cavadov,12-30-62,Kişi,Orta məktəb,İşsiz,241,Nağd istehlak krediti,867,təmir,12.69,533.0,1,Xeyr,Xeyr,Təsdiqlənib,Bütün sənədlər qaydasındadır
73447457,Ləman Rüstəmova,02-14-83,,Orta məktəb,İşsiz,9,Nağd istehlak krediti,479,məişət avadanlığı alışı,11.94,502.0,1,Xeyr,Xeyr,Rədd edilib,Gəlir çatışmazlığı
94160865,Kəmalə Quliyeva,06-16-72,Q,Bakalavr tehsili,İşləyən,2302,Nağd istehlak krediti,3833,məişət avadanlığı alışı,24.11,1291.0,3,Bəli,Xeyr,Təsdiqlənib,Bütün sənədlər qaydasındadır
18958612,Sahil İsmayılov,03-17-76, kişi ,Bakalavr,Sahibkar,3478,Mikro kredit,86638,Biznes krediti,12.21,1325.0,2,Bəli,Xeyr,Rədd edilib,Gəlir çatışmazlığı | Yoxlayıcı_ID: 934
35720928,Nigar Vəliyeva,1981-09-07,qadin,Magistr,İşləyən,3133,Nağd istehlak krediti,18595,məişət avadanlığı alışı,24.92,1045.0,1,Xeyr,Xeyr,Təsdiqlənib,Müştərinin gəliri və krediti təsdiqləndi | Yoxlayıcı_ID: 582
66366087,Ayan Tağıyeva,09-28-06,,Bakalavr,Tələbə,185,Təhsil krediti,1545,əsas vəsaitlərin alınması - Biznes krediti,22.26,262.0,1,Bəli,Xeyr,Rədd edilib,Aşağı kredit reytinqi
79430719,Tural Rzayev,1990-12-16,Kişi,Orta məktəb,İşsiz,334,Nağd istehlak krediti,769,şəxsi istehlak məqsədi,20.55,464.0,1,Xeyr,Xeyr,Rədd edilib,Aşağı kredit reytinqi
63296252,Fərid Sultanov,19/02/1977,Kişi,Bakalavr tehsili,İşləyən,2997,Nağd istehlak krediti,8145 AZN,şəxsi istehlak məqsədi,15.34,1154.0,4,Bəli,Xeyr,Təsdiqlənib,Bütün sənədlər qaydasındadır | Yoxlayıcı_ID: 506
34252638,Murad Hüseynov,21/06/2004,,Magistr,Tələbə,143,Təhsil krediti,2738,əsas vəsaitlərin alınması - Biznes krediti,14.83,472.0,0,,Xeyr,Rədd edilib,Aşağı kredit reytinqi
12453701,Zülfiyyə Qasımova,1980-09-27,,Orta məktəb,İşsiz,9,Nağd istehlak krediti,795,təmir,22.84,461.0,0,,Xeyr,Rədd edilib,Aşağı kredit reytinqi
20778863,Ayan Vəliyeva,03-29-04,Qadın,Bakalavr tehsili,Tələbə,255,Təhsil krediti,2101,əsas vəsaitlərin alınması - Biznes krediti,15.0,424.0,0,,Xeyr,Rədd edilib,Aşağı kredit reytinqi
78954729,Fatimə Qasımova,03-05-01,qadin,Bakalavr,İşləyən,3944,Nağd istehlak krediti,19105 manat,şəxsi istehlak məqsədi,16.73,969.0,2,Bəli,Xeyr,Təsdiqlənib,Bütün sənədlər qaydasındadır
45766777,Rauf Cəfərov,1993-06-09,K,Magistr,İşləyən,1398,Avtomobil krediti,34986,məişət avadanlığı alışı,24.78,1003.0,1,Bəli,Xeyr,Rədd edilib,Gəlir çatışmazlığı
47140024,Tural Quliyev,08-21-87,,Bakalavr,İşləyən,1811,Avtomobil krediti,38752 AZN,tibbi xərclər,12.8,1573.0,3,Xeyr,Xeyr,Təsdiqlənib,Bütün sənədlər qaydasındadır | Yoxlayıcı_ID: 119
75147441,Anar Quliyev,06/03/1992,K,Orta məktəb,İşsiz,295,Nağd istehlak krediti,354,tibbi xərclər,18.45,391.0,1,Xeyr,Xeyr,Rədd edilib,Aşağı kredit reytinqi
45935429,Ayan Hüseynova,07-23-85,Q,Bakalavr,Sahibkar,6488,Mikro kredit,64747,dövriyyə vəsaitlərinin artırılması - Biznes krediti,15.77,1600.0,4,Xeyr,Xeyr,Təsdiqlənib,Müştərinin gəliri və krediti təsdiqləndi
87518706,Elvin Cəfərov,1990-03-17,,Bakalavr,İşləyən,1221,Nağd istehlak krediti,11193,təmir,23.58,412.0,1,Bəli,Xeyr,Rədd edilib,Aşağı kredit reytinqi
73164126,Ayan Vəliyeva,1990-09-17,Qadın,Bakalavr tehsili,İşləyən,2789,Nağd istehlak krediti,12751,şəxsi istehlak məqsədi,14.93,1579.0,0,,Xeyr,Təsdiqlənib,Müştərinin gəliri və krediti təsdiqləndi
52140997,Fidan Nəsirova,1987-06-30,Qadın,Orta məktəb,İşsiz,383,Nağd istehlak krediti,563,məişət avadanlığı alışı,11.65,226.0,0,,Bəli,Rədd edilib,'Qara siyahı'da olmaq
39910108,Zülfiyyə Vəliyeva,08-20-82,Qadın,Bakalavr tehsili,İşləyən,2361,Nağd istehlak krediti,1029,tibbi xərclər,13.31,844.0,2,Bəli,Xeyr,Təsdiqlənib,Müştərinin gəliri və krediti təsdiqləndi | Yoxlayıcı_ID: 421
17843561,Yusif Cavadov,1986-02-03,Kişi,Magistr,İşləyən,1849 AZN,Nağd istehlak krediti,8749,tibbi xərclər,15.63,838.0,0,,Xeyr,Təsdiqlənib,Bütün sənədlər qaydasındadır
37495520,Orxan Cəfərov,09-21-86,Kişi,Bakalavr tehsili,Sahibkar,4602,Mikro kredit,33745,əsas vəsaitlərin alınması - Biznes krediti,16.72,1485.0,4,Bəli,Xeyr,Təsdiqlənib,Bütün sənədlər qaydasındadır
30254285,Nigar Qasımova,1966-12-23,qadin,Bakalavr tehsili,Sahibkar,9122,Mikro kredit,44333,əsas vəsaitlərin alınması - Biznes krediti,18.02,1523.0,5,Xeyr,Xeyr,Təsdiqlənib,Müştərinin gəliri və krediti təsdiqləndi
29669864,Nigar Vəliyeva,14/07/1995,,Bakalavr,İşləyən,2524,Nağd istehlak krediti,12375,tibbi xərclər,22.56,506.0,3,Xeyr,Xeyr,Təsdiqlənib,Bütün sənədlər qaydasındadır | Yoxlayıcı_ID: 626
84571685,Aylin Məmmədova,1999-02-28,,Orta məktəb,İşsiz,340,Nağd istehlak krediti,376,tibbi xərclər,23.23,216.0,1,Bəli,Xeyr,Rədd edilib,Aşağı kredit reytinqi
98236394,Fidan Rüstəmova,11-28-00,qadin,Magistr,İşləyən,1860,Nağd istehlak krediti,18645,şəxsi istehlak məqsədi,22.4,775.0,0,,Xeyr,Təsdiqlənib,Müştərinin gəliri və krediti təsdiqləndi
29960325,Murad Rüstəmov,09-04-88, kişi ,Orta məktəb,İşsiz,59,Nağd istehlak krediti,983,təmir,23.89,,1,Xeyr,Xeyr,Rədd edilib,Aşağı kredit reytinqi
68700170,Anar Əliyev,1983-08-08,Kişi,Magistr,İşləyən,"1,431",Avtomobil krediti,27233,şəxsi istehlak məqsədi,18.41,1514.0,3,Bəli,Xeyr,Təsdiqlənib,Bütün sənədlər qaydasındadır
84025576,Fidan Əliyeva,06-07-99,qadin,Magistr,İşləyən,2620,Nağd istehlak krediti,3840,tibbi xərclər,18.01,1376.0,0,,Bəli,Rədd edilib,'Qara siyahı'da olmaq
86226252,Sahil Nəsirov,1982-10-31, kişi ,Bakalavr,İşləyən,1918,Nağd istehlak krediti,8877,təmir,14.88,1515.0,2,Xeyr,Xeyr,Təsdiqlənib,Bütün sənədlər qaydasındadır | Yoxlayıcı_ID: 972
48956865,Məryəm Əliyeva,20/07/1995,,Magistr,İşləyən,"1,739",Nağd istehlak krediti,8281,toy xərcləri,24.84,549.0,1,Xeyr,Xeyr,Təsdiqlənib,Müştərinin gəliri və krediti təsdiqləndi
91110043,Fatimə Əliyeva,05-04-83,,Magistr,İşləyən,3825,Nağd istehlak krediti,13947,təmir,18.22,1086.0,4,Bəli,Xeyr,Təsdiqlənib,Müştərinin gəliri və krediti təsdiqləndi
14241041,Nihat Hüseynov,04/11/1984,Kişi,Bakalavr,Sahibkar,3155,Mikro kredit,"28,363",dövriyyə vəsaitlərinin artırılması - Biznes krediti,23.88,1188.0,4,Bəli,Xeyr,Təsdiqlənib,Bütün sənədlər qaydasındadır
21632327,Orxan Sultanov,21/04/1971,,Bakalavr tehsili,İşləyən,2502,Avtomobil krediti,23170 manat,toy xərcləri,11.81,1049.0,4,Xeyr,Xeyr,Təsdiqlənib,Bütün sənədlər qaydasındadır | Yoxlayıcı_ID: 524
76022015,Lalə Rəhimova,1986-02-01,qadin,Bakalavr tehsili,İşləyən,2718,Nağd istehlak krediti,7217,şəxsi istehlak məqsədi,23.08,1174.0,0,,Xeyr,Təsdiqlənib,Bütün sənədlər qaydasındadır
69416241,Ayan Quliyeva,1976-05-01,qadin,Orta məktəb,İşsiz,230,Nağd istehlak krediti,972,şəxsi istehlak məqsədi,19.96,261.0,1,Xeyr,Xeyr,Rədd edilib,Aşağı kredit reytinqi
56324555,Rəna Rzayeva,2004-04-02,,Bakalavr tehsili,Tələbə,209,Təhsil krediti,2410,əsas vəsaitlərin alınması - Biznes krediti,23.95,337.0,0,,Xeyr,Rədd edilib,Aşağı kredit reytinqi | Yoxlayıcı_ID: 788
67106104,Fərid Sultanov,22/12/1988,,Bakalavr tehsili,İşləyən,3834 AZN,Nağd istehlak krediti,4559,toy xərcləri,14.3,470.0,1,Xeyr,Bəli,Rədd edilib,'Qara siyahı'da olmaq
21222455,Kamal İsmayılov,1978-12-26,K,Orta məktəb,İşsiz,11 AZN,Nağd istehlak krediti,328,təmir,23.92,,2,Bəli,Xeyr,Rədd edilib,Aşağı kredit reytinqi | Yoxlayıcı_ID: 291
31051701,Rəna Məmmədova,01-27-80,Qadın,Bakalavr tehsili,İşləyən,2033 manat,Nağd istehlak krediti,6026,tibbi xərclər,19.89,654.0,3,Bəli,Xeyr,Təsdiqlənib,Bütün sənədlər qaydasındadır
72236794,Zəhra Səfərova,26/07/1999,Q,Bakalavr tehsili,İşləyən,1375,Nağd istehlak krediti,7443,tibbi xərclər,19.22,821.0,4,Bəli,Xeyr,Təsdiqlənib,Müştərinin gəliri və krediti təsdiqləndi
51073201,Tural İbrahimov,12-25-78,Kişi,Bakalavr,Sahibkar,3037 manat,Mikro kredit,30662,dövriyyə vəsaitlərinin artırılması - Biznes krediti,18.48,1425.0,6,Xeyr,Xeyr,Təsdiqlənib,Müştərinin gəliri və krediti təsdiqləndi
26854636,Nigar Tağıyeva,26/01/1973,Q,Bakalavr tehsili,İşləyən,2362,Nağd istehlak krediti,13153,məişət avadanlığı alışı,24.32,1393.0,0,,Xeyr,Təsdiqlənib,Bütün sənədlər qaydasındadır
77031657,Zeynəb İsmayılova,2004-08-25,Qadın,Bakalavr,Tələbə,282 AZN,Təhsil krediti,1668,Biznes krediti,18.68,691.0,0,,Xeyr,Təsdiqlənib,Bütün sənədlər qaydasındadır
51510505,Lalə İsmayılova,12-07-80,,Bakalavr tehsili,Sahibkar,7692,Mikro kredit,"93,545",dövriyyə vəsaitlərinin artırılması - Biznes krediti,17.69,,7,Xeyr,Xeyr,Təsdiqlənib,Müştərinin gəliri və krediti təsdiqləndi
91246315,sahil rəhimov,2004-04-29,K,Bakalavr,Tələbə,200,Təhsil krediti,2959,Biznes krediti,15.38,654.0,0,Bəli,Xeyr,Təsdiqlənib,Bütün sənədlər qaydasındadır | Yoxlayıcı_ID: 532
11512572,Ramin Rüstəmov,16/08/1986,Kişi,Bakalavr,İşləyən,3395,Nağd istehlak krediti,4329,tibbi xərclər,24.93,1123.0,2,Bəli,Xeyr,Təsdiqlənib,Bütün sənədlər qaydasındadır | Yoxlayıcı_ID: 684
87282081,Aydan Vəliyeva,06/01/1982,,Orta məktəb,İşsiz,332,Nağd istehlak kriditi,383,tibbi xərclər,19.84,222.0,1,Xeyr,Xeyr,Rədd edilib,Aşağı kredit reytinqi
62625432,Uğur Hüseynov,1983-11-22,Kişi,Magistr,Sahibkar,3663,Mikro kredit,13142,əsas vəsaitlərin alınması - Biznes krediti,22.84,1051.0,8,Bəli,Xeyr,Təsdiqlənib,Bütün sənədlər qaydasındadır
76137316,Zeynəb Rzayeva,09-08-78,Q,Magistr,İşləyən,1629,Nağd istehlak krediti,3041,şəxsi istehlak məqsədi,13.41,889.0,4,Xeyr,Xeyr,Təsdiqlənib,Müştərinin gəliri və krediti təsdiqləndi | Yoxlayıcı_ID: 275
94134536,Səbinə Əliyeva,26/03/1995,Qadın,Orta məktəb,İşsiz,63,Nağd istehlak krediti,766,məişət avadanlığı alışı,12.69,472.0,2,Xeyr,Xeyr,Rədd edilib,Aşağı kredit reytinqi
31518755,Samir Quliyev,07/06/1974,Kişi,Bakalavr,İşləyən,957,Nağd istehlak krediti,17459,məişət avadanlığı alışı,11.5,649.0,2,Xeyr,Xeyr,Təsdiqlənib,Müştərinin gəliri və krediti təsdiqləndi | Yoxlayıcı_ID: 353
90747658,Uğur Abdullayev,06/05/2006,,Magistr,Tələbə,137,Təhsil krediti,1665,əsas vəsaitlərin alınması - Biznes krediti,20.48,800.0,1,Xeyr,Xeyr,Təsdiqlənib,Bütün sənədlər qaydasındadır
38458316,Rauf Nəsirov,02-04-72,,Bakalavr tehsili,Sahibkar,2546,Mikro kredit,86320,dövriyyə vəsaitlərinin artırılması - Biznes krediti,19.43,1362.0,8,Bəli,Xeyr,Təsdiqlənib,Gəlir çatışmazlığı
65855852,Məryəm İsmayılova,29/01/1989,Qadın,Magistr,İşləyən,2999,Nağd istehlak krediti,1875,təmir,12.91,971.0,2,Xeyr,Xeyr,Təsdiqlənib,Bütün sənədlər qaydasındadır
85200272,Emin Rəhimov,01-25-87,Kişi,Bakalavr tehsili,Sahibkar,6401,Mikro kredit,32984,Biznes krediti,24.41,1771.0,5,Bəli,Xeyr,Təsdiqlənib,Bütün sənədlər qaydasındadır
85578488,Elvin Nəsirov,03-19-66,,Orta məktəb,İşsiz,50,Nağd istehlak krediti,559,şəxsi istehlak məqsədi,21.22,383.0,1,Xeyr,Xeyr,Rədd edilib,Aşağı kredit reytinqi
79068307,Orxan Məmmədov,1981-05-24,,Magistr,İşləyən,2723,Nağd istehlak krediti,13244,məişət avadanlığı alışı,24.43,1099.0,1,Xeyr,Xeyr,Təsdiqlənib,Müştərinin gəliri və krediti təsdiqləndi
18190743,Murad İsmayılov,11-25-93,Kişi,Magistr,Sahibkar,5247,Mikro kredit,31749,Biznes krediti,16.99,1432.0,2,Bəli,Xeyr,Təsdiqlənib,Müştərinin gəliri və krediti təsdiqləndi
88301933,Rəna Sultanova,1976-09-26,,Orta məktəb,İşsiz,109,Nağd istehlak krediti,395,toy xərcləri,12.6,536.0,0,,Bəli,Rədd edilib,'Qara siyahı'da olmaq
14324094,Tural Quliyev,07-27-06,,Bakalavr,Tələbə,122 manat,Təhsil krediti,859,əsas vəsaitlərin alınması - Biznes krediti,21.07,341.0,1,Xeyr,Xeyr,Rədd edilib,Aşağı kredit reytinqi
38760827,Sahil Abdullayev,1983-01-07,K,Magistr,İşləyən,3042,Nağd istehlak krediti,3352,toy xərcləri,18.81,724.0,2,Xeyr,Xeyr,Təsdiqlənib,Bütün sənədlər qaydasındadır
58725481,Kamal Cəfərov,07-13-80,,Bakalavr,İşləyən,2157,Nağd istehlak krediti,14647,toy xərcləri,15.1,1191.0,4,Xeyr,Xeyr,Təsdiqlənib,Müştərinin gəliri və krediti təsdiqləndi | Yoxlayıcı_ID: 310
74049482,Sevinc Rzayeva,2005-04-26,qadin,Bakalavr tehsili,Tələbə,232,Təhsil krediti,1779,dövriyyə vəsaitlərinin artırılması - Biznes krediti,13.17,601.0,0,,Xeyr,Təsdiqlənib,Müştərinin gəliri və krediti təsdiqləndi
60198776,Sahil Səfərov,2005-11-05,Kişi,Bakalavr tehsili,Tələbə,297,Təhsil krediti,686,əsas vəsaitlərin alınması - Biznes krediti,11.48,214.0,0,,Xeyr,Rədd edilib,Aşağı kredit reytinqi | Yoxlayıcı_ID: 265
80621852,Abdullayev Rəşad,1987-12-15,Kişi,Bakalavr tehsili,İşləyən,2939,Nağd istehlak krediti,18287,toy xərcləri,20.02,843.0,2,Bəli,Xeyr,Təsdiqlənib,Müştərinin gəliri və krediti təsdiqləndi | Yoxlayıcı_ID: 146
39038926,Anar Rəhimov,03-05-74, kişi ,Bakalavr,Sahibkar,4294,Mikro kredit,34745,Biznes krediti,18.51,1022.0,6,Xeyr,Xeyr,Təsdiqlənib,Bütün sənədlər qaydasındadır
83079760,Orxan Abdullayev,09-08-76,Kişi,Bakalavr tehsili,İşləyən,2019,Avtomobil krediti,21018,tibbi xərclər,14.48,1448.0,3,Xeyr,Xeyr,Təsdiqlənib,Müştərinin gəliri və krediti təsdiqləndi
36008868,Anar Sultanov,1969-02-04,K,Orta məktəb,İşsiz,331,Nağd istehlak krediti,592,məişət avadanlığı alışı,18.43,527.0,1,Bəli,Xeyr,Təsdiqlənib,Müştərinin gəliri və krediti təsdiqləndi
28103010,Nigar Babayeva,23/03/1990,qadin,Bakalavr tehsili,İşləyən,891,Avtomobil krediti,19542,şəxsi istehlak məqsədi,18.7,1524.0,4,Bəli,Xeyr,Təsdiqlənib,Müştərinin gəliri və krediti təsdiqləndi | Yoxlayıcı_ID: 676
39884050,Ramin Sultanov,1986-04-05,Kişi,Magistr,İşləyən,2254,Avtomobil krediti,38426,tibbi xərclər,15.63,1409.0,3,Xeyr,Xeyr,Təsdiqlənib,Bütün sənədlər qaydasındadır
84141194,Ayan Cəfərova,1986-12-09,qadin,Bakalavr,İşləyən,"1,695",Nağd istehlak krediti,18738,məişət avadanlığı alışı,24.76,1217.0,1,Xeyr,Xeyr,Təsdiqlənib,Bütün sənədlər qaydasındadır | Yoxlayıcı_ID: 902
81727245,Aylin Rəhimova,1982-12-07,qadin,Magistr,İşləyən,1966,Nağd istehlak krediti,3507,şəxsi istehlak məqsədi,14.63,1209.0,2,Xeyr,Xeyr,Təsdiqlənib,Müştərinin gəliri və krediti təsdiqləndi
45250079,Anar Məmmədov,13/02/1987,K,Magistr,Sahibkar,4509,Mikro kredit,28301,əsas vəsaitlərin alınması - Biznes krediti,14.46,1524.0,5,Bəli,Xeyr,Təsdiqlənib,Bütün sənədlər qaydasındadır
69698076, Murad Tağıyev ,12-17-89,K,Magistr,İşləyən,1028,Nağd istehlak kriditi,16620,təmir,16.49,1346.0,2,Xeyr,Xeyr,Təsdiqlənib,Müştərinin gəliri və krediti təsdiqləndi
49601714,Fidan Quliyeva,1962-03-08,Qadın,Orta məktəb,İşsiz,152,Nağd istehlak krediti,922,toy xərcləri,21.11,426.0,1,Xeyr,Xeyr,Rədd edilib,Aşağı kredit reytinqi | Yoxlayıcı_ID: 100
78878176,Lalə Səfərova,2004-04-23,Q,Bakalavr,Tələbə,109,Təhsil krediti,2097,əsas vəsaitlərin alınması - Biznes krediti,19.63,259.0,0,,Xeyr,Rədd edilib,Aşağı kredit reytinqi
48927218,Əli Vəliyev,1997-08-07, kişi ,Magistr,İşləyən,1784,Nağd istehlak krediti,15029,təmir,18.97,1145.0,2,Xeyr,Xeyr,Təsdiqlənib,Müştərinin gəliri və krediti təsdiqləndi
58706414,Tural Məmmədov,2000-07-10,K,Bakalavr,İşləyən,958,Nağd istehlak krediti,17134,təmir,16.52,692.0,2,Bəli,Xeyr,Təsdiqlənib,Bütün sənədlər qaydasındadır
20073853,Şəbnəm Nəsirova,09-18-91,Qadın,Orta məktəb,İşsiz,122,Nağd istehlak krediti,928,toy xərcləri,14.8,556.0,0,,Xeyr,Təsdiqlənib,Müştərinin gəliri və krediti təsdiqləndi
21372675,Lalə Rüstəmova,02/03/1995,Q,Bakalavr tehsili,İşləyən,"2,054",Nağd istehlak kriditi,7983,məişət avadanlığı alışı,17.43,1476.0,2,Bəli,Xeyr,Təsdiqlənib,Bütün sənədlər qaydasındadır
43090346,Sevinc Quliyeva,07/04/1993,,Bakalavr,İşləyən,1425,Nağd istehlak krediti,10913,məişət avadanlığı alışı,19.04,570.0,4,Bəli,Bəli,Rədd edilib,'Qara siyahı'da olmaq
32302540,Yusif Səfərov,15/02/1978,Kişi,Bakalavr,Sahibkar,6745,Mikro kredit,"14,543",əsas vəsaitlərin alınması - Biznes krediti,21.62,1005.0,7,Bəli,Xeyr,Təsdiqlənib,Müştərinin gəliri və krediti təsdiqləndi
49032957,Sevinc Cəfərova,02/07/1974,,Bakalavr tehsili,İşləyən,1215,Avtomobil krediti,8949,təmir,24.15,1435.0,3,Xeyr,Xeyr,Təsdiqlənib,Müştərinin gəliri və krediti təsdiqləndi
53415123,Səbinə Rüstəmova,1971-12-11,,Magistr,İşləyən,1211,Nağd istehlak krediti,13785,məişət avadanlığı alışı,19.7,452.0,0,,Xeyr,Rədd edilib,Aşağı kredit reytinqi | Yoxlayıcı_ID: 129
80938596,Şəbnəm Quliyeva,30/08/1986,qadin,Bakalavr,İşləyən,2228,Avtomobil krediti,18051,məişət avadanlığı alışı,21.56,1119.0,1,Bəli,Xeyr,Təsdiqlənib,Bütün sənədlər qaydasındadır
14535357,İbrahimova Günel,19/10/2005,Qadın,Bakalavr tehsili,Tələbə,265,Təhsil krediti,1459,əsas vəsaitlərin alınması - Biznes krediti,15.15,450.0,1,Bəli,Xeyr,Rədd edilib,Aşağı kredit reytinqi | Yoxlayıcı_ID: 247
97183228,Samir İbrahimov,1991-03-29,Kişi,Magistr,Sahibkar,9161,Mikro kredit,30958,əsas vəsaitlərin alınması - Biznes krediti,24.92,1132.0,3,Bəli,Xeyr,Təsdiqlənib,Müştərinin gəliri və krediti təsdiqləndi
43790606,Zəhra Cəfərova,1990-06-18,Q,Orta məktəb,İşsiz,285,Nağd istehlak krediti,760,məişət avadanlığı alışı,11.15,253.0,1,Xeyr,Xeyr,Rədd edilib,Aşağı kredit reytinqi
80296388,Rəna Nəsirova,1998-07-02,Q,Orta məktəb,İşsiz,340,Nağd istehlak krediti,711,məişət avadanlığı alışı,24.51,252.0,2,Bəli,Xeyr,Rədd edilib,Aşağı kredit reytinqi | Yoxlayıcı_ID: 963
61145031,Rəşad Vəliyev,27/12/1993,K,Bakalavr tehsili,İşləyən,3724,Avtomobil krediti,13838,məişət avadanlığı alışı,20.55,1222.0,4,Bəli,Xeyr,Təsdiqlənib,Bütün sənədlər qaydasındadır | Yoxlayıcı_ID: 133
97589031,Günel Cəfərova,09-17-71,,Bakalavr,İşləyən,3370,Nağd istehlak krediti,10739 AZN,məişət avadanlığı alışı,17.95,1332.0,2,Xeyr,Xeyr,Təsdiqlənib,Müştərinin gəliri və krediti təsdiqləndi
20575806,Hüseyn Quliyev,04-19-96, kişi ,Bakalavr tehsili,İşləyən,"3,458",Nağd istehlak krediti,4039,tibbi xərclər,14.93,1546.0,0,,Xeyr,Təsdiqlənib,Bütün sənədlər qaydasındadır
77477008,Aydan Qasımova,05-01-95,,Magistr,İşləyən,3474,Nağd istehlak krediti,2528,toy xərcləri,17.25,1223.0,0,,Xeyr,Təsdiqlənib,Bütün sənədlər qaydasındadır
44594557,Məryəm Abdullayeva,1995-07-06,Q,Orta məktəb,İşsiz,195,Nağd istehlak krediti,804,təmir,17.79,515.0,1,Bəli,Bəli,Rədd edilib,'Qara siyahı'da olmaq | Yoxlayıcı_ID: 920
29013110,Zülfiyyə Cavadova,05-23-03,Qadın,Bakalavr,Tələbə,225,Təhsil krediti,1844,Biznes krediti,16.47,723.0,0,,Xeyr,Təsdiqlənib,Bütün sənədlər qaydasındadır
59227221,Nihat Rzayev,2000-01-14,Kişi,Orta məktəb,İşsiz,213,Nağd istehlak krediti,308,məişət avadanlığı alışı,16.95,262.0,0,,Bəli,Rədd edilib,'Qara siyahı'da olmaq
74055851,Fatimə Sultanova,2000-01-20,,Magistr,İşləyən,2487,Avtomobil krediti,27892,tibbi xərclər,14.24,1559.0,3,Xeyr,Xeyr,Təsdiqlənib,Bütün sənədlər qaydasındadır
65418995,Sahil Məmmədov,1982-01-02,Kişi,Bakalavr tehsili,Sahibkar,9526,Mikro kredit,26246,Biznes krediti,22.71,1303.0,5,Bəli,Xeyr,Təsdiqlənib,Bütün sənədlər qaydasındadır
79636651,Tağıyeva Lalə,03-10-90,Q,Orta məktəb,İşsiz,27,Nağd istehlak krediti,549,tibbi xərclər,24.76,457.0,0,,Xeyr,Rədd edilib,Aşağı kredit reytinqi | Yoxlayıcı_ID: 586
65217021,Şəbnəm Qasımova,12-21-72,Q,Bakalvar tehsili,İşləyən,2679,Nağd istehlak krediti,8759,şəxsi istehlak məqsədi,21.97,1581.0,2,Xeyr,Xeyr,Təsdiqlənib,Müştərinin gəliri və krediti təsdiqləndi
83679379,Zeynəb Abdullayeva,1984-10-03,qadin,Bakalavr,İşləyən,2738,Nağd istehlak krediti,13633,şəxsi istehlak məqsədi,22.95,902.0,1,Xeyr,Xeyr,Təsdiqlənib,Bütün sənədlər qaydasındadır
76525779,Fərid İbrahimov,19/05/1977, kişi ,Bakalavr tehsili,İşləyən,2114,Nağd istehlak krediti,2827 manat,tibbi xərclər,22.08,1047.0,1,Bəli,Xeyr,Təsdiqlənib,Bütün sənədlər qaydasındadır | Yoxlayıcı_ID: 670
96184131,Orxan Məmmədov,1976-04-25,,Bakalavr tehsili,İşləyən,3124,Nağd istehlak krediti,1181,tibbi xərclər,22.77,952.0,4,Bəli,Xeyr,Təsdiqlənib,Bütün sənədlər qaydasındadır
68122483,Məryəm Əhmədova,18/04/2005,,Bakalavr tehsili,Tələbə,247,Təhsil krediti,2503 AZN,Biznes krediti,23.07,559.0,0,,Xeyr,Təsdiqlənib,Bütün sənədlər qaydasındadır
54282168,Rəşad Cavadov,04/10/2004,K,Magistr,Tələbə,193,Təhsil krediti,2517,Biznes krediti,22.94,530.0,1,Xeyr,Xeyr,Təsdiqlənib,Bütün sənədlər qaydasındadır
13014728,Tural Məmmədov,24/02/1983, kişi ,Bakalavr tehsili,Sahibkar,"8,887",Mikro kredit,48099,əsas vəsaitlərin alınması - Biznes krediti,16.45,813.0,3,Bəli,Xeyr,Təsdiqlənib,Bütün sənədlər qaydasındadır
31330693,Orxan Babayev,1976-10-02,,Bakalavr tehsili,İşləyən,3352,Nağd istehlak kriditi,16765,təmir,14.88,1422.0,3,Xeyr,Xeyr,Təsdiqlənib,Bütün sənədlər qaydasındadır
25322630,Aydan Hüseynova,2004-02-21,Qadın,Bakalavr tehsili,Tələbə,262,Təhsil krediti,2256,Biznes krediti,20.35,320.0,0,,Xeyr,Rədd edilib,Aşağı kredit reytinqi
13505465,Zülfiyyə Səfərova,25/07/1983,Qadın,Magistr,İşləyən,3871,Nağd istehlak krediti,19438,məişət avadanlığı alışı,17.31,1311.0,0,,Xeyr,Təsdiqlənib,Bütün sənədlər qaydasındadır
77527671,Fərid Məmmədov,09/08/1980,Kişi,Bakalavr,Sahibkar,7859,Mikro kredit,94726,dövriyyə vəsaitlərinin artırılması - Biznes krediti,24.57,1428.0,6,Xeyr,Xeyr,Təsdiqlənib,Bütün sənədlər qaydasındadır
43782623,Anar İsmayılov,1971-10-28, kişi ,Orta məktəb,İşsiz,268,Nağd istehlak krediti,502,toy xərcləri,14.53,308.0,1,Bəli,Xeyr,Rədd edilib,Aşağı kredit reytinqi
27515857,Sahil Rzayev,05-26-99,Kişi,Orta məktəb,İşsiz,256,Nağd istehlak krediti,890,məişət avadanlığı alışı,19.16,480.0,0,,Xeyr,Rədd edilib,Aşağı kredit reytinqi
53629930,Sevinc Vəliyeva,06/12/1985,Qadın,Magistr,İşləyən,3870 manat,Nağd istehlak krediti,7807,toy xərcləri,18.4,654.0,2,Bəli,Xeyr,Təsdiqlənib,Bütün sənədlər qaydasındadır
40690547,Samir Məmmədov,26/03/1994, kişi ,Bakalavr,Sahibkar,2783,Mikro kredit,9654,əsas vəsaitlərin alınması - Biznes krediti,23.83,1736.0,5,Bəli,Xeyr,Təsdiqlənib,Bütün sənədlər qaydasındadır
77341751,Səbinə Qasımova,09-20-07,qadin,Bakalavr tehsili,Tələbə,235,Təhsil krediti,2405,Biznes krediti,23.64,367.0,0,,Xeyr,Rədd edilib,Aşağı kredit reytinqi
22693453,Rauf İbrahimov,27/03/1986,K,Bakalavr,Sahibkar,4164,Mikro kredit,27467 manat,dövriyyə vəsaitlərinin artırılması - Biznes krediti,20.28,1637.0,4,Bəli,Xeyr,Təsdiqlənib,Müştərinin gəliri və krediti təsdiqləndi
14103955,Aylin Rzayeva,04-27-84,,Magistr,İşləyən,3047,Nağd istehlak krediti,19981,təmir,14.94,893.0,2,Xeyr,Xeyr,Təsdiqlənib,Müştərinin gəliri və krediti təsdiqləndi
68032678,Samir Əhmədov,02/06/1992, kişi ,Orta məktəb,İşsiz,75,Nağd istehlak krediti,341,toy xərcləri,21.65,284.0,1,Bəli,Bəli,Rədd edilib,'Qara siyahı'da olmaq
81080180,Murad Səfərov,2003-03-08,,Magistr,Tələbə,241,Təhsil krediti,954,əsas vəsaitlərin alınması - Biznes krediti,11.86,660.0,0,,Xeyr,Təsdiqlənib,Bütün sənədlər qaydasındadır
51332645,Rauf Rüstəmov,2000-08-18,,Magistr,İşləyən,2813,Nağd istehlak krediti,6641 manat,toy xərcləri,14.43,,1,Bəli,Xeyr,Təsdiqlənib,Müştərinin gəliri və krediti təsdiqləndi
42727144,Məhəmməd Rzayev,01-01-05, kişi ,Bakalvar,Tələbə,102,Təhsil krediti,2717,dövriyyə vəsaitlərinin artırılması - Biznes krediti,24.13,751.0,1,Bəli,Xeyr,Rədd edilib,Gəlir çatışmazlığı
43081124,Anar Rüstəmov,27/05/1976, kişi ,Magistr,Sahibkar,9271,Mikro kredit,72306,Biznes krediti,18.02,1508.0,2,Bəli,Xeyr,Təsdiqlənib,Bütün sənədlər qaydasındadır
31132225,Rüstəmov Fərid,1969-01-01,Kişi,Magistr,Sahibkar,"7,967",Mikro kredit,71289,Biznes krediti,12.32,1474.0,7,Xeyr,Xeyr,Təsdiqlənib,Bütün sənədlər qaydasındadır
29410502,Aylin Əliyeva,1976-08-23,Qadın,Orta məktəb,İşsiz,238,Nağd istehlak krediti,527,təmir,12.23,358.0,1,Xeyr,Xeyr,Rədd edilib,Aşağı kredit reytinqi
21237291,Rəşad İsmayılov,11/10/1962, kişi ,Orta məktəb,İşsiz,61,Nağd istehlak krediti,668,tibbi xərclər,19.38,189.0,1,Bəli,Xeyr,Rədd edilib,Aşağı kredit reytinqi | Yoxlayıcı_ID: 311
88148414,Fərid Nəsirov,03-31-04,Kişi,Bakalavr,Tələbə,259,Təhsil krediti,2277,dövriyyə vəsaitlərinin artırılması - Biznes krediti,15.56,442.0,0,,Xeyr,Rədd edilib,Aşağı kredit reytinqi
29677954,Murad Quliyev,27/08/2003,,Bakalavr tehsili,Tələbə,254,Təhsil krediti,1264,dövriyyə vəsaitlərinin artırılması - Biznes krediti,12.23,518.0,0,,Xeyr,Təsdiqlənib,Bütün sənədlər qaydasındadır | Yoxlayıcı_ID: 513
73828318,Aysel Cəfərova,23/12/1984,,Bakalavr,İşləyən,1837,Nağd istehlak krediti,6277,təmir,13.41,1195.0,3,Bəli,Xeyr,Təsdiqlənib,Müştərinin gəliri və krediti təsdiqləndi
44097985,Kəmalə Rzayeva,1971-03-12,qadin,Bakalavr tehsili,İşləyən,2291,Nağd istehlak krediti,4744,təmir,11.8,765.0,3,Xeyr,Xeyr,Təsdiqlənib,Bütün sənədlər qaydasındadır | Yoxlayıcı_ID: 499
86917448,Orxan Tağıyev,2002-06-03,K,Bakalavr,İşləyən,2002,Avtomobil krediti,12877,tibbi xərclər,17.81,933.0,4,Xeyr,Xeyr,Təsdiqlənib,Bütün sənədlər qaydasındadır
50495479,Məryəm Rüstəmova,1996-01-22,Q,Magistr,İşləyən,2703,Nağd istehlak krediti,18028,tibbi xərclər,20.47,1594.0,2,Xeyr,Xeyr,Təsdiqlənib,Bütün sənədlər qaydasındadır
49418752,Nihat Qasımov,29/06/1987, kişi ,Bakalavr,Sahibkar,9077,Mikro kredit,34525,Biznes krediti,16.5,1518.0,3,Xeyr,Xeyr,Təsdiqlənib,Bütün sənədlər qaydasındadır
12977304,Rauf Vəliyev,03-18-97,K,Magistr,İşləyən,938,Nağd istehlak krediti,12115,tibbi xərclər,16.01,1413.0,4,Xeyr,Xeyr,Təsdiqlənib,Müştərinin gəliri və krediti təsdiqləndi
59250993,Məryəm Məmmədova,14/02/1976,qadin,Magistr,İşləyən,3402,Avtomobil krediti,15669,məişət avadanlığı alışı,20.87,1379.0,4,Bəli,Xeyr,Təsdiqlənib,Müştərinin gəliri və krediti təsdiqləndi
81659651,Aysel Cavadova,1994-11-06,Qadın,Bakalavr tehsili,Sahibkar,3725,Mikro kredit,34723,əsas vəsaitlərin alınması - Biznes krediti,12.07,1360.0,8,Bəli,Xeyr,Təsdiqlənib,Bütün sənədlər qaydasındadır | Yoxlayıcı_ID: 165
62296243,Zəhra Cavadova,15/03/2004,,Bakalavr,Tələbə,133,Təhsil krediti,2631,Biznes krediti,20.61,204.0,1,Xeyr,Xeyr,Rədd edilib,Aşağı kredit reytinqi
86592301,Məryəm Nəsirova,2003-12-09,Qadın,Magistr,Tələbə,249,Təhsil krediti,1324,Biznes krediti,22.62,253.0,0,,Xeyr,Rədd edilib,Aşağı kredit reytinqi
29283932,Günel Abdullayeva,24/12/1970,Qadın,Orta məktəb,İşsiz,169,Nağd istehlak krediti,344,tibbi xərclər,14.94,189.0,0,,Xeyr,Rədd edilib,Aşağı kredit reytinqi
49018662,Aydan Əliyeva,1977-01-08,Qadın,Bakalavr,İşləyən,2501,Nağd istehlak krediti,5750,toy xərcləri,19.88,413.0,0,,Xeyr,Rədd edilib,Aşağı kredit reytinqi
16326693,Sahil Qasımov,03-24-90,,Orta məktəb,İşsiz,218,Nağd istehlak krediti,351,şəxsi istehlak məqsədi,24.82,421.0,1,Bəli,Xeyr,Rədd edilib,Aşağı kredit reytinqi
26762805,Yusif Quliyev,05/08/1984, kişi ,Bakalavr,Sahibkar,6879,Mikro kredit,"22,198",Biznes krediti,17.67,1026.0,2,Bəli,Xeyr,Təsdiqlənib,Müştərinin gəliri və krediti təsdiqləndi
81377809,Rəşad Əhmədov,1983-08-11, kişi ,Bakalavr,İşləyən,2303 AZN,Avtomobil krediti,21148,təmir,24.62,570.0,3,Xeyr,Xeyr,Təsdiqlənib,'Qara siyahı'da olmaq | Yoxlayıcı_ID: 631
74221260,rauf tağıyev,15/03/2000,,Magistr,İşləyən,2002,Avtomobil krediti,30912,toy xərcləri,17.29,717.0,2,Bəli,Xeyr,Təsdiqlənib,Müştərinin gəliri və krediti təsdiqləndi
98919862,Fatimə Qasımova,1973-09-14,Qadın,Magistr,İşləyən,1376,Nağd istehlak krediti,14812,toy xərcləri,20.13,1274.0,4,Bəli,Xeyr,Təsdiqlənib,Bütün sənədlər qaydasındadır
74549838,Nərmin Rzayeva,05/06/1973,Qadın,Bakalavr,İşləyən,3708,Nağd istehlak krediti,12826,tibbi xərclər,22.97,1069.0,4,Xeyr,Xeyr,Təsdiqlənib,Müştərinin gəliri və krediti təsdiqləndi
10130498,rauf nəsirov,06/01/1988, kişi ,Magistr,Sahibkar,8230,Mikro kredit,84353,əsas vəsaitlərin alınması - Biznes krediti,11.63,1364.0,7,Xeyr,Xeyr,Təsdiqlənib,Bütün sənədlər qaydasındadır | Yoxlayıcı_ID: 609
53989839,Rəşad Vəliyev,2005-12-05, kişi ,Bakalavr,Tələbə,248 AZN,Təhsil krediti,2032,əsas vəsaitlərin alınması - Biznes krediti,17.82,325.0,0,,Xeyr,Rədd edilib,Aşağı kredit reytinqi
97998935,Rzayeva Zülfiyyə,22/08/1969,Qadın,Orta məktəb,İşsiz,73,Nağd istehlak krediti,901,şəxsi istehlak məqsədi,19.53,125.0,2,Bəli,Xeyr,Rədd edilib,Aşağı kredit reytinqi | Yoxlayıcı_ID: 289
22973125,Ayan Məmmədova,1977-03-15,,Bakalavr tehsili,İşləyən,1654,Nağd istehlak krediti,4010,tibbi xərclər,17.12,1165.0,2,Bəli,Xeyr,Təsdiqlənib,Müştərinin gəliri və krediti təsdiqləndi
52963624,Emin Qasımov,25/10/2005,K,Bakalavr tehsili,Tələbə,134,Təhsil krediti,1231,əsas vəsaitlərin alınması - Biznes krediti,13.61,456.0,0,,Xeyr,Rədd edilib,Aşağı kredit reytinqi | Yoxlayıcı_ID: 821
90323535,Şəbnəm Əhmədova,2005-06-05,Qadın,Magistr,Tələbə,222,Təhsil krediti,578,Biznes krediti,13.73,201.0,0,,Xeyr,Rədd edilib,Aşağı kredit reytinqi
62123561,Aylin Cavadova,22/12/1979,,Magistr,İşləyən,2547,Nağd istehlak krediti,19463,məişət avadanlığı alışı,12.53,924.0,2,Xeyr,Xeyr,Təsdiqlənib,Müştərinin gəliri və krediti təsdiqləndi
95328047, Nərmin Rəhimova ,22/02/1994,qadin,Bakalavr,İşləyən,1135,Nağd istehlak krediti,1292,şəxsi istehlak məqsədi,13.57,,3,Bəli,Xeyr,Təsdiqlənib,Müştərinin gəliri və krediti təsdiqləndi
52607761, Fidan Hüseynova ,1996-06-07,Qadın,Magistr,İşləyən,2259,Nağd istehlak krediti,11266,şəxsi istehlak məqsədi,22.17,1276.0,2,Xeyr,Xeyr,Təsdiqlənib,Bütün sənədlər qaydasındadır
12056753,Ayan Cəfərova,1986-08-11,Q,Bakalavr,İşləyən,2042,Avtomobil krediti,14027,təmir,23.02,437.0,3,Xeyr,Xeyr,Rədd edilib,Aşağı kredit reytinqi | Yoxlayıcı_ID: 375
72871806,Aylin Quliyeva,1977-09-06,,Magistr,İşləyən,1678,Nağd istehlak krediti,11259,şəxsi istehlak məqsədi,16.11,1584.0,2,Bəli,Xeyr,Təsdiqlənib,Bütün sənədlər qaydasındadır | Yoxlayıcı_ID: 209
79043625,Zeynəb Vəliyeva,1987-07-01,Q,Bakalavr,İşləyən,3629,Nağd istehlak krediti,11236 AZN,şəxsi istehlak məqsədi,12.58,1133.0,3,Xeyr,Xeyr,Təsdiqlənib,Müştərinin gəliri və krediti təsdiqləndi
28989607,Əhmədov Rauf,01-23-05,Kişi,Magistr,Tələbə,,Təhsil krediti,838 manat,dövriyyə vəsaitlərinin artırılması - Biznes krediti,11.06,621.0,1,Xeyr,Xeyr,Təsdiqlənib,Bütün sənədlər qaydasındadır
20239207,Sahil Cavadov,05-22-90,,Bakalavr,İşləyən,,Nağd istehlak krediti,12148,toy xərcləri,15.2,797.0,0,,Xeyr,Təsdiqlənib,Müştərinin gəliri və krediti təsdiqləndi | Yoxlayıcı_ID: 710
76281916,kəmalə babayeva,1995-06-28,Qadın,Bakalavr,İşləyən,977,Nağd istehlak krediti,5972,təmir,19.7,755.0,4,Bəli,Xeyr,Təsdiqlənib,Müştərinin gəliri və krediti təsdiqləndi | Yoxlayıcı_ID: 350
86195873,Lalə İbrahimova,1985-12-22,Qadın,Bakalavr tehsili,Sahibkar,8073,Mikro kredit,"55,664",Biznes krediti,19.88,1068.0,6,Bəli,Xeyr,Təsdiqlənib,Müştərinin gəliri və krediti təsdiqləndi
66220977,Fərid İbrahimov,02-12-75,K,Bakalavr,İşləyən,2015,Nağd istehlak krediti,1395,şəxsi istehlak məqsədi,16.61,1058.0,3,Bəli,Xeyr,Təsdiqlənib,Müştərinin gəliri və krediti təsdiqləndi
21632327,Nihat Səfərov,15/02/1987, kişi ,Magistr,İşləyən,2522,Nağd istehlak kriditi,14480,şəxsi istehlak məqsədi,21.79,706.0,3,Bəli,Xeyr,Təsdiqlənib,Bütün sənədlər qaydasındadır
80638336,Şəbnəm Əliyeva,1976-06-20,Q,Bakalavr tehsili,İşləyən,3828,Nağd istehlak krediti,12817,toy xərcləri,19.47,1079.0,3,Xeyr,Xeyr,Təsdiqlənib,Müştərinin gəliri və krediti təsdiqləndi
21821865,Məhəmməd Quliyev,10-22-71, kişi ,Magistr,Sahibkar,7428,Mikro kredit,75168,Biznes krediti,20.49,1040.0,8,Xeyr,Xeyr,Təsdiqlənib,Müştərinin gəliri və krediti təsdiqləndi
20785163,Məhəmməd Rəhimov,22/06/1988,K,Orta məktəb,İşsiz,213,Nağd istehlak krediti,526,tibbi xərclər,12.16,371.0,1,Xeyr,Xeyr,Rədd edilib,Aşağı kredit reytinqi
23933644,Rauf Babayev,04/01/2002,Kişi,Bakalavr,İşləyən,3689,Nağd istehlak krediti,9353,məişət avadanlığı alışı,16.29,821.0,4,Xeyr,Xeyr,Təsdiqlənib,Müştərinin gəliri və krediti təsdiqləndi
80815128,Aysel Rüstəmova,21/12/1968,qadin,Bakalvar tehsili,Sahibkar,3653,Mikro kredit,80388,dövriyyə vəsaitlərinin artırılması - Biznes krediti,17.99,966.0,5,Xeyr,Xeyr,Təsdiqlənib,Zaminlik məsələləri
40467020,Tural Səfərov,07-27-78,Kişi,Bakalavr tehsili,İşləyən,2424,Nağd istehlak krediti,3088,tibbi xərclər,22.71,981.0,2,Xeyr,Xeyr,Təsdiqlənib,Bütün sənədlər qaydasındadır | Yoxlayıcı_ID: 172
47877542,Uğur Hüseynov,09-03-06,Kişi,Bakalavr,Tələbə,119,Təhsil krediti,2694,əsas vəsaitlərin alınması - Biznes krediti,13.06,480.0,0,,Xeyr,Rədd edilib,Aşağı kredit reytinqi
46935208,Elvin Məmmədov,1990-10-22,Kişi,Bakalavr tehsili,İşləyən,3906,Nağd istehlak krediti,13307,şəxsi istehlak məqsədi,17.81,449.0,4,Xeyr,Xeyr,Rədd edilib,Aşağı kredit reytinqi
42387515,Anar Sultanov,02-12-81, kişi ,Magistr,İşləyən,1956,Nağd istehlak krediti,19308,məişət avadanlığı alışı,21.98,695.0,1,Bəli,Xeyr,Təsdiqlənib,Bütün sənədlər qaydasındadır | Yoxlayıcı_ID: 618
22509778,Nihat Əhmədov,16/03/1974, kişi ,Bakalavr,İşləyən,2475,Avtomobil krediti,9066,şəxsi istehlak məqsədi,12.99,571.0,0,,Xeyr,Təsdiqlənib,Müştərinin gəliri və krediti təsdiqləndi
96891011,Anar Əhmədov,16/06/1978, kişi ,Magistr,İşləyən,1266,Nağd istehlak krediti,19971,şəxsi istehlak məqsədi,23.49,1592.0,4,Bəli,Xeyr,Təsdiqlənib,Müştərinin gəliri və krediti təsdiqləndi | Yoxlayıcı_ID: 924
93159252,Fərid Sultanov,2000-05-15,,Bakalavr tehsili,İşləyən,3752,Avtomobil krediti,27488,şəxsi istehlak məqsədi,21.8,549.0,1,Xeyr,Bəli,Rədd edilib,'Qara siyahı'da olmaq
53170743,Anar Quliyev,1961-09-25,,Orta məktəb,İşsiz,244,Nağd istehlak krediti,515,toy xərcləri,22.55,428.0,1,Bəli,Xeyr,Rədd edilib,Aşağı kredit reytinqi
69098919,Rauf Sultanov,1975-03-03,,Bakalavr,İşləyən,3356,Nağd istehlak krediti,11893,tibbi xərclər,17.71,1523.0,0,,Xeyr,Təsdiqlənib,Bütün sənədlər qaydasındadır
61698408,Nigar Səfərova,1971-02-25,Q,Magistr,İşləyən,1085,Nağd istehlak krediti,11918,şəxsi istehlak məqsədi,24.07,593.0,4,Bəli,Xeyr,Təsdiqlənib,Bütün sənədlər qaydasındadır
87637998,Şəbnəm Sultanova,06-13-86,,Magistr,İşləyən,2745,Nağd istehlak krediti,5886 manat,məişət avadanlığı alışı,24.92,563.0,4,Xeyr,Xeyr,Təsdiqlənib,Müştərinin gəliri və krediti təsdiqləndi
83404010,Nərmin Tağıyeva,01-10-04,,Magistr,Tələbə,172,Təhsil krediti,2810,Biznes krediti,19.38,266.0,0,,Xeyr,Rədd edilib,Aşağı kredit reytinqi
54865739,Rəna Səfərova,08-25-92,Qadın,Orta məktəb,İşsiz,317,Nağd istehlak krediti,719,tibbi xərclər,13.1,548.0,1,Bəli,Xeyr,Təsdiqlənib,Bütün sənədlər qaydasındadır
23107781,Samir Nəsirov,17/01/1972,Kişi,Bakalavr tehsili,Sahibkar,4822,Mikro kredit,66276,dövriyyə vəsaitlərinin artırılması - Biznes krediti,13.05,1533.0,4,Xeyr,Xeyr,Təsdiqlənib,Müştərinin gəliri və krediti təsdiqləndi
93157359,Ayan Cəfərova,1994-04-27,Qadın,Bakalavr tehsili,İşləyən,2537,Nağd istehlak krediti,13266,toy xərcləri,21.14,844.0,1,Xeyr,Xeyr,Təsdiqlənib,Müştərinin gəliri və krediti təsdiqləndi
91888252,Samir Babayev,02/01/1973,,Bakalavr,İşləyən,2554,Nağd istehlak krediti,9286,təmir,22.48,616.0,1,Xeyr,Xeyr,Təsdiqlənib,Bütün sənədlər qaydasındadır
35813959,Sahil Hüseynov,2003-06-15, kişi ,Bakalavr tehsili,Tələbə,261,Təhsil krediti,2998,Biznes krediti,23.99,307.0,0,,Xeyr,Rədd edilib,Aşağı kredit reytinqi
89625701,Murad Qasımov,27/10/1962,,Orta məktəb,İşsiz,396,Nağd istehlak krediti,548,məişət avadanlığı alışı,24.92,365.0,0,,Xeyr,Rədd edilib,Aşağı kredit reytinqi | Yoxlayıcı_ID: 173
66874773, Əli Sultanov ,24/12/1984,K,Magistr,İşləyən,3077,Nağd istehlak krediti,15607,məişət avadanlığı alışı,21.99,1272.0,4,Xeyr,Xeyr,Təsdiqlənib,Bütün sənədlər qaydasındadır | Yoxlayıcı_ID: 244
70244171,Murad Məmmədov,1984-03-24,Kişi,Bakalavr,İşləyən,1767,Nağd istehlak krediti,18142,toy xərcləri,24.96,1320.0,0,,Xeyr,Təsdiqlənib,Bütün sənədlər qaydasındadır | Yoxlayıcı_ID: 320
50108482,Cavid Rəhimov,09-06-91,Kişi,Bakalavr,İşləyən,2457,Nağd istehlak krediti,16303,toy xərcləri,17.15,736.0,3,Xeyr,Xeyr,Təsdiqlənib,Müştərinin gəliri və krediti təsdiqləndi
65164702,Əli Sultanov,06-26-04,K,Bakalavr tehsili,Tələbə,180,Təhsil krediti,2293,əsas vəsaitlərin alınması - Biznes krediti,24.83,477.0,0,,Xeyr,Rədd edilib,Aşağı kredit reytinqi
20182230,Səbinə Rzayeva,1978-05-04,Qadın,Bakalavr,Sahibkar,6153,Mikro kredit,71908,Biznes krediti,16.2,976.0,5,Bəli,Xeyr,Təsdiqlənib,Bütün sənədlər qaydasındadır
63266748,Uğur Hüseynov,1968-06-19,Kişi,Bakalavr tehsili,Sahibkar,7171,Mikro kredit,79121,dövriyyə vəsaitlərinin artırılması - Biznes krediti,13.23,1207.0,7,Xeyr,Xeyr,Təsdiqlənib,Müştərinin gəliri və krediti təsdiqləndi
71669468,Səbinə Quliyeva,1998-07-11,Qadın,Bakalavr,İşləyən,2744,Nağd istehlak krediti,12315,Təmir,15.37,789.0,1,Xeyr,Xeyr,Təsdiqlənib,Müştərinin gəliri və krediti təsdiqləndi
85744142,Aydan Babayeva,01-07-73,Qadın,Bakalavr,İşləyən,1106,Nağd istehlak krediti,4273,tibbi xərclər,16.02,988.0,1,Xeyr,Xeyr,Təsdiqlənib,Müştərinin gəliri və krediti təsdiqləndi | Yoxlayıcı_ID: 138
19770294,Nəsirov Yusif,10-27-73,,Bakalavr tehsili,İşləyən,1029,Nağd istehlak krediti,1106,toy xərcləri,17.26,1270.0,2,Xeyr,Xeyr,Təsdiqlənib,Müştərinin gəliri və krediti təsdiqləndi
24959544,Elvin Sultanov,09/11/2005,,Bakalavr tehsili,Tələbə,105,Təhsil krediti,1310 AZN,Biznes krediti,16.14,492.0,0,,Xeyr,Rədd edilib,Aşağı kredit reytinqi
77256777, Səbinə Əhmədova ,08/09/1991,qadin,Bakalavr,İşləyən,2426,Nağd istehlak krediti,2693,məişət avadanlığı alışı,18.17,418.0,4,Xeyr,Xeyr,Rədd edilib,Aşağı kredit reytinqi
38417950,Məryəm Abdullayeva,07-04-94,,Magistr,İşləyən,1550,Avtomobil krediti,17400,təmir,17.31,744.0,0,,Xeyr,Təsdiqlənib,Bütün sənədlər qaydasındadır
51765802,Nihat Babayev,1988-06-09, kişi ,Magistr,İşləyən,1417,Nağd istehlak krediti,8842,toy xərcləri,12.02,904.0,3,Bəli,Xeyr,Təsdiqlənib,Bütün sənədlər qaydasındadır | Yoxlayıcı_ID: 538
55396152,Orxan Hüseynov,1995-10-18, kişi ,Magistr,İşləyən,2082,Nağd istehlak krediti,12683,tibbi xərclər,19.91,1509.0,2,Bəli,Xeyr,Təsdiqlənib,Gəlir çatışmazlığı
56788270,Aysel Əhmədova,05-20-85,qadin,Orta məktəb,İşsiz,364,Nağd istehlak krediti,513,təmir,20.11,183.0,0,,Xeyr,Rədd edilib,Aşağı kredit reytinqi
58547928,Günel İsmayılova,28/11/1980,,Magistr,İşləyən,1435,Nağd istehlak krediti,4179,toy xərcləri,13.59,771.0,0,,Xeyr,Təsdiqlənib,Bütün sənədlər qaydasındadır | Yoxlayıcı_ID: 208
13062012,Anar Məmmədov,15/09/1980,Kişi,Bakalavr tehsili,Sahibkar,9744,Mikro kredit,85386,Biznes krediti,12.78,1580.0,7,Xeyr,Xeyr,Təsdiqlənib,Müştərinin gəliri və krediti təsdiqləndi
90183209,Ləman İsmayılova,03-08-82,Qadın,Bakalavr tehsili,Sahibkar,7904,Mikro kredit,88272,Biznes krediti,14.22,1786.0,2,Bəli,Xeyr,Təsdiqlənib,Müştərinin gəliri və krediti təsdiqləndi | Yoxlayıcı_ID: 922
61879507,Günel Səfərova,21/11/1980,qadin,Orta məktəb,İşsiz,23,Nağd istehlak krediti,471,tibbi xərclər,23.74,328.0,2,Xeyr,Xeyr,Rədd edilib,Aşağı kredit reytinqi
76254740,Məhəmməd Rəhimov,05-02-78,K,Magistr,İşləyən,1599,Nağd istehlak krediti,5944,tibbi xərclər,13.11,846.0,0,,Xeyr,Təsdiqlənib,Müştərinin gəliri və krediti təsdiqləndi
53757325,Rauf Rüstəmov,09/10/2006,K,Magistr,Tələbə,145,Təhsil krediti,1286,əsas vəsaitlərin alınması - Biznes krediti,11.51,761.0,0,,Xeyr,Təsdiqlənib,Müştərinin gəliri və krediti təsdiqləndi
69575873,Ramin Quliyev,1979-08-05, kişi ,Bakalavr,İşləyən,2659,Nağd istehlak krediti,8064,təmir,17.0,987.0,0,,Xeyr,Təsdiqlənib,Bütün sənədlər qaydasındadır
69948115,Elvin Cəfərov,1972-08-01,,Bakalavr,İşləyən,3346,Nağd istehlak krediti,8496,toy xərcləri,20.77,1017.0,4,Xeyr,Xeyr,Təsdiqlənib,Bütün sənədlər qaydasındadır
14873422,Əli Səfərov,12-07-01, kişi ,Bakalavr tehsili,İşləyən,2697,Nağd istehlak krediti,2687,təmir,13.27,639.0,1,Bəli,Xeyr,Təsdiqlənib,Bütün sənədlər qaydasındadır
38831477,Yusif Rəhimov,04-30-91,,Magistr,İşləyən,1833 manat,Nağd istehlak krediti,1970,məişət avadanlığı alışı,20.33,1143.0,4,Bəli,Xeyr,Təsdiqlənib,Müştərinin gəliri və krediti təsdiqləndi | Yoxlayıcı_ID: 880
16182235,Lalə Rüstəmova,1997-05-03,,Bakalavr tehsili,İşləyən,2178,Avtomobil krediti,12310,məişət avadanlığı alışı,22.72,1522.0,3,Xeyr,Xeyr,Təsdiqlənib,Bütün sənədlər qaydasındadır
68635381,Cavid Cəfərov,26/04/1990,,Bakalavr tehsili,İşləyən,2479,Avtomobil krediti,"31,615",təmir,20.21,784.0,2,Xeyr,Xeyr,Təsdiqlənib,Bütün sənədlər qaydasındadır | Yoxlayıcı_ID: 204
34934875,kəmalə cavadova,1998-02-16,,Bakalavr tehsili,İşləyən,3555,Nağd istehlak krediti,17067,şəxsi istehlak məqsədi,13.11,903.0,3,Xeyr,Xeyr,Təsdiqlənib,Səhv və ya natamam müraciət
55183985,Günel Əliyeva,1984-02-07,Q,Orta məktəb,İşsiz,45,Nağd istehlak krediti,889,tibbi xərclər,18.12,358.0,2,Bəli,Xeyr,Rədd edilib,Aşağı kredit reytinqi
65074060,Nigar Tağıyeva,1995-10-24,Qadın,Magistr,İşləyən,3265,Nağd istehlak krediti,2111,şəxsi istehlak məqsədi,20.49,977.0,3,Bəli,Xeyr,Təsdiqlənib,Müştərinin gəliri və krediti təsdiqləndi
72785438,Əli Əhmədov,1990-04-09,K,Orta məktəb,İşsiz,106,Nağd istehlak krediti,529,tibbi xərclər,11.34,357.0,0,,Xeyr,Rədd edilib,Aşağı kredit reytinqi
75806269,Kamal Abdullayev,2004-09-17,Kişi,Magistr,Tələbə,156,Təhsil krediti,1864,dövriyyə vəsaitlərinin artırılması - Biznes krediti,14.91,684.0,0,,Xeyr,Təsdiqlənib,İş stajı yetərsizdir
95972728,Aylin Sultanova,26/04/2006,Qadın,Magistr,Tələbə,273,Təhsil krediti,1425,Biznes krediti,13.99,675.0,0,,Xeyr,Təsdiqlənib,İş stajı yetərsizdir
39465275,Anar Qasımov,06-08-07,,Bakalavr,Tələbə,146,Təhsil krediti,2564,Biznes krediti,11.97,235.0,0,,Xeyr,Rədd edilib,Aşağı kredit reytinqi | Yoxlayıcı_ID: 889
28118582,Murad Vəliyev,07-03-65,Kişi,Orta məktəb,İşsiz,46,Nağd istehlak krediti,937,toy xərcləri,18.01,338.0,0,,Xeyr,Rədd edilib,Aşağı kredit reytinqi
23802353,Kəmalə Sultanova,09/09/1979,Qadın,Bakalavr tehsili,İşləyən,,Nağd istehlak krediti,7831,tibbi xərclər,19.72,1476.0,2,Xeyr,Xeyr,Təsdiqlənib,Bütün sənədlər qaydasındadır
14507839,Aydan Səfərova,03/07/1980,Q,Bakalavr,İşləyən,3429,Nağd istehlak krediti,16553 manat,təmir,16.98,712.0,2,Xeyr,Xeyr,Təsdiqlənib,Müştərinin gəliri və krediti təsdiqləndi | Yoxlayıcı_ID: 750
29412704,anar abdullayev,04/12/1968,,Bakalavr,Sahibkar,6357,Mikro kredit,34041,dövriyyə vəsaitlərinin artırılması - Biznes krediti,20.24,1329.0,4,Bəli,Xeyr,Təsdiqlənib,Müştərinin gəliri və krediti təsdiqləndi
15255373,Rauf Vəliyev,01-20-69,K,Bakalavr tehsili,Sahibkar,7863,Mikro kredit,75130,dövriyyə vəsaitlərinin artırılması - Biznes krediti,17.23,902.0,4,Bəli,Xeyr,Təsdiqlənib,Bütün sənədlər qaydasındadır | Yoxlayıcı_ID: 817
31774722,Hüseyn Rəhimov,06-16-64,,Orta məktəb,İşsiz,365,Nağd istehlak krediti,793,təmir,15.17,596.0,1,Xeyr,Xeyr,Təsdiqlənib,Bütün sənədlər qaydasındadır | Yoxlayıcı_ID: 716
66419384,Zülfiyyə Cavadova,08-23-90,Qadın,Bakalavr tehsili,İşləyən,3820,Nağd istehlak krediti,19871,tibbi xərclər,11.21,865.0,1,Xeyr,Xeyr,Təsdiqlənib,Bütün sənədlər qaydasındadır
50615030,Uğur İsmayılov,07-22-79, kişi ,Bakalavr,İşləyən,3045,Nağd istehlak krediti,7005,tibbi xərclər,17.73,423.0,0,,Xeyr,Rədd edilib,Aşağı kredit reytinqi
69855759,Aylin Qasımova,02-28-03,,Magistr,Tələbə,265,Təhsil krediti,2750,əsas vəsaitlərin alınması - Biznes krediti,18.05,303.0,1,Xeyr,Xeyr,Rədd edilib,Aşağı kredit reytinqi
50128459,Fərid Rəhimov,1963-06-26,Kişi,Orta məktəb,İşsiz,191,Nağd istehlak krediti,409,təmir,11.79,477.0,1,Xeyr,Xeyr,Rədd edilib,Aşağı kredit reytinqi
56076202,Məhəmməd Məmmədov,01-20-89, kişi ,Bakalavr tehsili,İşləyən,2722,Nağd istehlak krediti,7431,təmir,24.95,830.0,2,Xeyr,Xeyr,Təsdiqlənib,Bütün sənədlər qaydasındadır
12279679,Aydan Vəliyeva,17/12/1985,Qadın,Magistr,İşləyən,1679,Avtomobil krediti,22919,toy xərcləri,11.58,1221.0,0,,Xeyr,Təsdiqlənib,Bütün sənədlər qaydasındadır | Yoxlayıcı_ID: 264
74829515,Günel Vəliyeva,30/03/1971,qadin,Bakalavr tehsili,Sahibkar,8112,Mikro kredit,86277,dövriyyə vəsaitlərinin artırılması - Biznes krediti,22.48,1632.0,2,Xeyr,Xeyr,Təsdiqlənib,Müştərinin gəliri və krediti təsdiqləndi | Yoxlayıcı_ID: 375
34032992,Zəhra Cəfərova,04-15-88,Qadın,Bakalavr tehsili,Sahibkar,7290,Mikro kredit,78675,əsas vəsaitlərin alınması - Biznes krediti,20.36,1756.0,6,Bəli,Xeyr,Təsdiqlənib,Müştərinin gəliri və krediti təsdiqləndi
46567974,Sevinc Məmmədova,15/11/1971,qadin,Magistr,Sahibkar,"7,691",Mikro kredit,69065,əsas vəsaitlərin alınması - Biznes krediti,17.61,1041.0,4,Xeyr,Xeyr,Təsdiqlənib,Bütün sənədlər qaydasındadır
13131751,Nərmin Rzayeva,06-13-90,Q,Magistr,İşləyən,2834,Nağd istehlak krediti,1220,toy xərcləri,16.07,505.0,4,Xeyr,Xeyr,Təsdiqlənib,Bütün sənədlər qaydasındadır
14905590,Fidan Cəfərova,2004-01-03,Q,Bakalavr,Tələbə,119,Təhsil krediti,2419 AZN,əsas vəsaitlərin alınması - Biznes krediti,17.75,,0,,Xeyr,Təsdiqlənib,Müştərinin gəliri və krediti təsdiqləndi
58402996,Nigar İsmayılova,02-12-95,Q,Magistr,İşləyən,2334,Nağd istehlak krediti,10422,məişət avadanlığı alışı,24.53,,1,Xeyr,Xeyr,Təsdiqlənib,Müştərinin gəliri və krediti təsdiqləndi | Yoxlayıcı_ID: 689
77802453,Murad Cəfərov,1992-09-07, kişi ,Bakalavr,İşləyən,882,Nağd istehlak krediti,11841,şəxsi istehlak məqsədi,14.25,455.0,1,Bəli,Xeyr,Rədd edilib,Aşağı kredit reytinqi
81501797,Samir Rzayev,1993-11-09,Kişi,Magistr,İşləyən,3647,Nağd istehlak krediti,13165,məişət avadanlığı alışı,18.99,848.0,1,Xeyr,Xeyr,Təsdiqlənib,Müştərinin gəliri və krediti təsdiqləndi | Yoxlayıcı_ID: 247
53406326,Rəna Abdullayeva,1972-01-25,qadin,Magistr,İşləyən,2291,Avtomobil krediti,12484,təmir,24.71,505.0,2,Xeyr,Xeyr,Təsdiqlənib,Bütün sənədlər qaydasındadır
90203109,Murad Məmmədov,1973-07-11,,Orta məktəb,İşsiz,33,Nağd istehlak krediti,693,məişət avadanlığı alışı,11.87,469.0,1,Xeyr,Xeyr,Rədd edilib,Aşağı kredit reytinqi
36950215,Samir Sultanov,05-26-05,K,Magistr,Tələbə,176,Təhsil krediti,968,əsas vəsaitlərin alınması - Biznes krediti,14.42,405.0,0,,Xeyr,Rədd edilib,Aşağı kredit reytinqi
17164852,Elvin Hüseynov,23/06/1965, kişi ,Orta məktəb,İşsiz,276,Nağd istehlak krediti,415,təmir,19.75,342.0,0,,Xeyr,Təsdiqlənib,Aşağı kredit reytinqi
15669079,Məryəm Tağıyeva,12-11-05,Q,Bakalavr tehsili,Tələbə,207,Təhsil krediti,2688,əsas vəsaitlərin alınması - Biznes krediti,13.07,397.0,0,,Xeyr,Rədd edilib,Aşağı kredit reytinqi
53851444,Cavid Qasımov,03-09-78,,Magistr,İşləyən,3145,Avtomobil krediti,19120,toy xərcləri,11.95,510.0,3,Bəli,Xeyr,Təsdiqlənib,Müştərinin gəliri və krediti təsdiqləndi
10098776,Kəmalə Tağıyeva,04-18-07,,Magistr,Tələbə,260,Təhsil krediti,2196,Biznes krediti,22.44,624.0,0,,Xeyr,Təsdiqlənib,Bütün sənədlər qaydasındadır | Yoxlayıcı_ID: 218
82659694,Anar Əhmədov,20/08/2003, kişi ,Bakalavr tehsili,Tələbə,199,Təhsil krediti,1332,Biznes krediti,11.12,452.0,0,,Xeyr,Rədd edilib,Aşağı kredit reytinqi
82452827,Rəşad Qasımov,16/07/1975, kişi ,Bakalavr tehsili,İşləyən,1489,Avtomobil krediti,38249,məişət avadanlığı alışı,13.25,988.0,3,Bəli,Xeyr,Rədd edilib,Gəlir çatışmazlığı
95998603,Ramin Rəhimov,18/02/1976,,Orta məktəb,İşsiz,308,Nağd istehlak krediti,302,şəxsi istehlak məqsədi,19.77,405.0,1,Xeyr,Xeyr,Rədd edilib,Aşağı kredit reytinqi
81734801,Ləman Babayeva,2003-10-11,Qadın,Magistr,Tələbə,235,Təhsil krediti,2895,dövriyyə vəsaitlərinin artırılması - Biznes krediti,11.63,312.0,0,,Xeyr,Rədd edilib,Aşağı kredit reytinqi
61875652,Fidan Rüstəmova,30/04/1979,Q,Magistr,İşləyən,3334,Nağd istehlak krediti,12487,tibbi xərclər,17.11,1587.0,3,Xeyr,Xeyr,Təsdiqlənib,Səhv və ya natamam müraciət
33268378,Fidan Quliyeva,18/06/1992,Qadın,Orta məktəb,İşsiz,355,Nağd istehlak krediti,635,toy xərcləri,12.43,550.0,0,,Xeyr,Təsdiqlənib,Bütün sənədlər qaydasındadır
35956809,Məhəmməd İsmayılov,08-10-75,K,Orta məktəb,İşsiz,254,Nağd istehlak krediti,348,məişət avadanlığı alışı,18.78,191.0,2,Xeyr,Xeyr,Rədd edilib,Aşağı kredit reytinqi
93396447, Kəmalə Nəsirova ,2000-06-20,Qadın,Magistr,İşləyən,1344,Nağd istehlak krediti,3426,şəxsi istehlak məqsədi,21.25,923.0,1,Bəli,Xeyr,Təsdiqlənib,Bütün sənədlər qaydasındadır
18686643,Nihat Rzayev,05-07-84,K,Bakalavr tehsili,Sahibkar,8013,Mikro kredit,52450,Biznes krediti,23.06,1328.0,7,Bəli,Xeyr,Təsdiqlənib,Müştərinin gəliri və krediti təsdiqləndi
44199524,Orxan Məmmədov,06-15-05, kişi ,Bakalavr,Tələbə,144,Təhsil krediti,1402,dövriyyə vəsaitlərinin artırılması - Biznes krediti,23.41,341.0,1,Xeyr,Xeyr,Rədd edilib,Aşağı kredit reytinqi | Yoxlayıcı_ID: 139
99481109,Uğur Əhmədov,11-22-87,K,Bakalavr,İşləyən,2438,Nağd istehlak krediti,15433,təmir,15.94,1523.0,4,Xeyr,Xeyr,Təsdiqlənib,Bütün sənədlər qaydasındadır
27147781,Lalə Nəsirova,1984-07-23,Q,Bakalavr tehsili,İşləyən,3429,Nağd istehlak krediti,17905 AZN,məişət avadanlığı alışı,18.57,1456.0,3,Bəli,Xeyr,Təsdiqlənib,Müştərinin gəliri və krediti təsdiqləndi
25803494,Fərid Babayev,1970-12-19,,Orta məktəb,İşsiz,147,Nağd istehlak krediti,445,məişət avadanlığı alışı,22.52,520.0,2,Bəli,Xeyr,Təsdiqlənib,Müştərinin gəliri və krediti təsdiqləndi
56888491,Nərmin Səfərova,2005-03-09,,Magistr,Tələbə,155,Təhsil krediti,1034,dövriyyə vəsaitlərinin artırılması - Biznes krediti,21.34,648.0,0,,Xeyr,Təsdiqlənib,Müştərinin gəliri və krediti təsdiqləndi | Yoxlayıcı_ID: 558
98815686,Cavid Səfərov,06-12-84, kişi ,Bakalvar tehsili,İşləyən,2475,Nağd istehlak krediti,10782,şəxsi istehlak məqsədi,17.39,802.0,2,Xeyr,Xeyr,Təsdiqlənib,Müştərinin gəliri və krediti təsdiqləndi | Yoxlayıcı_ID: 662
50734123,Zeynəb Məmmədova,02-04-96,qadin,Orta məktəb,İşsiz,173,Nağd istehlak krediti,989,şəxsi istehlak məqsədi,13.56,347.0,2,Bəli,Xeyr,Rədd edilib,Aşağı kredit reytinqi
56285762,Sahil Qasımov,08-12-07,K,Bakalavr,Tələbə,289,Təhsil krediti,1009 AZN,əsas vəsaitlərin alınması - Biznes krediti,12.67,508.0,0,,Xeyr,Təsdiqlənib,Bütün sənədlər qaydasındadır
85321449,Nihat Rzayev,01/08/2005, kişi ,Bakalavr tehsili,Tələbə,119,Təhsil krediti,1699,əsas vəsaitlərin alınması - Biznes krediti,17.68,291.0,1,Xeyr,Xeyr,Rədd edilib,Aşağı kredit reytinqi | Yoxlayıcı_ID: 806
88687320,Kamal Cəfərov,19/06/1968, kişi ,Bakalavr,Sahibkar,9523,Mikro kredit,70887,dövriyyə vəsaitlərinin artırılması - Biznes krediti,14.4,,6,Bəli,Xeyr,Təsdiqlənib,Bütün sənədlər qaydasındadır | Yoxlayıcı_ID: 119
54363808,Məryəm Abdullayeva,1989-11-21,qadin,Bakalavr tehsili,Sahibkar,3967,Mikro kredit,13994,əsas vəsaitlərin alınması - Biznes krediti,12.03,1256.0,2,Bəli,Xeyr,Təsdiqlənib,Bütün sənədlər qaydasındadır
53223332,Ləman İsmayılova,16/02/1973,,Bakalavr tehsili,İşləyən,1821,Nağd istehlak krediti,15456,toy xərcləri,15.58,803.0,2,Bəli,Xeyr,Təsdiqlənib,Bütün sənədlər qaydasındadır
61611834,Uğur İbrahimov,1999-10-08, kişi ,Magistr,İşləyən,2870,Nağd istehlak krediti,4651,məişət avadanlığı alışı,23.92,955.0,3,Bəli,Xeyr,Təsdiqlənib,Bütün sənədlər qaydasındadır
61338855,Zeynəb Səfərova,12-20-69,qadin,Magistr,Sahibkar,5375,Mikro kredit,81936,əsas vəsaitlərin alınması - Biznes krediti,13.68,930.0,5,Bəli,Xeyr,Təsdiqlənib,Müştərinin gəliri və krediti təsdiqləndi
30227854,Nərmin Cəfərova,2007-07-02,Qadın,Magistr,Tələbə,257,Təhsil krediti,1433,dövriyyə vəsaitlərinin artırılması - Biznes krediti,16.32,627.0,0,,Xeyr,Təsdiqlənib,Zaminlik məsələləri
26500035,Nigar Qasımova,2003-05-02,,Bakalavr,Tələbə,203,Təhsil krediti,1705,dövriyyə vəsaitlərinin artırılması - Biznes krediti,21.0,284.0,0,,Xeyr,Rədd edilib,Aşağı kredit reytinqi
31257456,Səbinə Vəliyeva,17/07/1987,qadin,Magistr,İşləyən,1343,Nağd istehlak krediti,13732,təmir,17.09,508.0,3,Bəli,Xeyr,Təsdiqlənib,Müştərinin gəliri və krediti təsdiqləndi
23424625,Nərmin Vəliyeva,06/05/1982,qadin,Bakalavr,İşləyən,3960,Nağd istehlak krediti,18163,tibbi xərclər,19.98,1215.0,3,Xeyr,Xeyr,Təsdiqlənib,Müştərinin gəliri və krediti təsdiqləndi
22522837,Hüseyn Rüstəmov,13/09/1980,,Bakalavr tehsili,Sahibkar,9111,Mikro kredit,34895,əsas vəsaitlərin alınması - Biznes krediti,12.33,1101.0,4,Bəli,Xeyr,Təsdiqlənib,Bütün sənədlər qaydasındadır
37229964,Zülfiyyə Cəfərova,1998-03-10,qadin,Bakalavr,İşləyən,1215,Nağd istehlak krediti,5816,məişət avadanlığı alışı,24.05,,4,Bəli,Bəli,Rədd edilib,'Qara siyahı'da olmaq | Yoxlayıcı_ID: 379
61147282, Orxan Quliyev ,04-14-07, kişi ,Bakalavr,Tələbə,211,Təhsil krediti,2092,əsas vəsaitlərin alınması - Biznes krediti,18.66,767.0,0,,Xeyr,Təsdiqlənib,Müştərinin gəliri və krediti təsdiqləndi
59422101,Rəşad Tağıyev,2006-04-09,K,Bakalavr tehsili,Tələbə,201,Təhsil krediti,919,dövriyyə vəsaitlərinin artırılması - Biznes krediti,13.74,792.0,1,Xeyr,Xeyr,Təsdiqlənib,Bütün sənədlər qaydasındadır
42779737,Zülfiyyə Vəliyeva,02/04/1991,Q,Bakalavr tehsili,İşləyən,932,Nağd istehlak krediti,4786,məişət avadanlığı alışı,17.69,695.0,3,Bəli,Xeyr,Təsdiqlənib,Bütün sənədlər qaydasındadır
25999110,Fərid Məmmədov,08/07/1961, kişi ,Orta məktəb,İşsiz,318,Nağd istehlak krediti,558,məişət avadanlığı alışı,18.01,297.0,1,Xeyr,Bəli,Rədd edilib,'Qara siyahı'da olmaq | Yoxlayıcı_ID: 630
86485282,Rəşad Tağıyev,07/02/2004,,Bakalavr,Tələbə,152,Təhsil krediti,610,Biznes krediti,22.31,622.0,0,,Xeyr,Təsdiqlənib,Müştərinin gəliri və krediti təsdiqləndi | Yoxlayıcı_ID: 541
20843289,Fatimə Quliyeva,12-13-69,,Bakalavr,Sahibkar,7416,Mikro kredit,14260,Biznes krediti,18.32,1446.0,4,Bəli,Xeyr,Təsdiqlənib,Bütün sənədlər qaydasındadır
42851931,Uğur Tağıyev,07/10/1974,K,Bakalavr tehsili,İşləyən,2382,Nağd istehlak krediti,17694,məişət avadanlığı alışı,12.03,622.0,0,,Xeyr,Təsdiqlənib,Bütün sənədlər qaydasındadır
40372774,Murad Məmmədov,1983-12-29,K,Bakalavr tehsili,İşləyən,1503,Nağd istehlak krediti,16421,təmir,15.59,1542.0,4,Xeyr,Xeyr,Təsdiqlənib,Bütün sənədlər qaydasındadır | Yoxlayıcı_ID: 226
25256671,Samir Rəhimov,01/12/1973,,Orta məktəb,İşsiz,360,Nağd istehlak krediti,750,məişət avadanlığı alışı,11.32,286.0,0,,Bəli,Rədd edilib,'Qara siyahı'da olmaq
81733125,Ramin Əliyev,1997-11-14,,Magistr,İşləyən,901,Avtomobil krediti,27874,tibbi xərclər,22.6,912.0,3,Bəli,Xeyr,Rədd edilib,Gəlir çatışmazlığı | Yoxlayıcı_ID: 593
40633353,Fatimə Abdullayeva,21/08/1994,Q,Bakalavr,Sahibkar,3080,Mikro kredit,97896,dövriyyə vəsaitlərinin artırılması - Biznes krediti,21.21,1797.0,3,Xeyr,Xeyr,Rədd edilib,Gəlir çatışmazlığı | Yoxlayıcı_ID: 593
41696923,Nərmin Əliyeva,17/06/2005,,Magistr,Tələbə,263,Təhsil krediti,2521,dövriyyə vəsaitlərinin artırılması - Biznes krediti,11.43,518.0,0,,Xeyr,Təsdiqlənib,Bütün sənədlər qaydasındadır
79354488,Səbinə Tağıyeva,2004-01-22,Qadın,Magistr,Tələbə,241,Təhsil krediti,2677,dövriyyə vəsaitlərinin artırılması - Biznes krediti,23.5,,0,,Xeyr,Təsdiqlənib,Müştərinin gəliri və krediti təsdiqləndi
84395552,ayan sultanova,1979-09-28,Q,Magistr,İşləyən,3161,Nağd istehlak krediti,12156,tibbi xərclər,16.11,1359.0,4,Xeyr,Xeyr,Təsdiqlənib,Müştərinin gəliri və krediti təsdiqləndi
66313617,Aylin Abdullayeva,1984-08-19,,Bakalavr,İşləyən,2805,Nağd istehlak krediti,10931,tibbi xərclər,17.33,1476.0,1,Bəli,Xeyr,Təsdiqlənib,Gəlir çatışmazlığı
16146279,Şəbnəm Cavadova,02-15-73,Q,Bakalavr tehsili,İşləyən,921,Nağd istehlak krediti,12225,toy xərcləri,14.43,1381.0,4,Bəli,Xeyr,Təsdiqlənib,Bütün sənədlər qaydasındadır
45449656,Nigar Nəsirova,1993-08-20,qadin,Magistr,İşləyən,2806,Nağd istehlak krediti,11906,təmir,23.93,1006.0,4,Bəli,Xeyr,Təsdiqlənib,Bütün sənədlər qaydasındadır
90710624,Lalə Cəfərova,14/04/1974,Qadın,Magistr,İşləyən,1223,Avtomobil krediti,29225,toy xərcləri,18.96,1098.0,1,Bəli,Xeyr,Təsdiqlənib,Zaminlik məsələləri | Yoxlayıcı_ID: 841
47401746,Ləman Quliyeva,06/03/1978,Qadın,Magistr,İşləyən,1979,Nağd istehlak krediti,8830,toy xərcləri,18.36,1522.0,3,Xeyr,Xeyr,Təsdiqlənib,Bütün sənədlər qaydasındadır
10538447,Ramin Rüstəmov,13/11/1987, kişi ,Bakalavr tehsili,Sahibkar,7380,Mikro kredit,14154,əsas vəsaitlərin alınması - Biznes krediti,11.01,1474.0,4,Xeyr,Xeyr,Təsdiqlənib,Müştərinin gəliri və krediti təsdiqləndi
63189415,Aydan Rəhimova,04-23-89,Q,Magistr,Sahibkar,4769,Mikro kredit,69749,Biznes krediti,20.51,1318.0,6,Bəli,Xeyr,Təsdiqlənib,Müştərinin gəliri və krediti təsdiqləndi
19414401,Tural Vəliyev,08/11/1982,,Bakalavr tehsili,İşləyən,3818,Avtomobil krediti,28757,tibbi xərclər,15.11,1554.0,0,,Xeyr,Təsdiqlənib,Müştərinin gəliri və krediti təsdiqləndi
30165119,Aysel Nəsirova,1980-05-28,Q,Bakalavr tehsili,İşləyən,2997,Avtomobil krediti,13481,toy xərcləri,19.53,776.0,4,Bəli,Xeyr,Təsdiqlənib,Müştərinin gəliri və krediti təsdiqləndi
50412391,Ayan Hüseynova,1991-10-10,,Bakalavr,İşləyən,1317,Nağd istehlak krediti,16524,təmir,16.78,1086.0,1,Bəli,Xeyr,Təsdiqlənib,Müştərinin gəliri və krediti təsdiqləndi
43523238, Nihat İsmayılov ,2001-05-20,K,Bakalavr,İşləyən,1821,Nağd istehlak krediti,8733,şəxsi istehlak məqsədi,24.56,589.0,1,Xeyr,Xeyr,Təsdiqlənib,Bütün sənədlər qaydasındadır
23483529, Əli Cavadov ,2005-07-04,,Bakalavr tehsili,Tələbə,248,Təhsil krediti,2169,Biznes krediti,13.52,444.0,0,,Xeyr,Rədd edilib,Aşağı kredit reytinqi | Yoxlayıcı_ID: 814
72644681,Rəna Qasımova,1971-09-29,qadin,Bakalavr tehsili,İşləyən,3166,Nağd istehlak krediti,4318,tibbi xərclər,20.29,1373.0,1,Bəli,Xeyr,Təsdiqlənib,Müştərinin gəliri və krediti təsdiqləndi
50786385,Elvin Cavadov,05-02-84,,Bakalavr,Sahibkar,8074,Mikro kredit,25315,Biznes krediti,15.97,1336.0,3,Xeyr,Xeyr,Təsdiqlənib,Bütün sənədlər qaydasındadır | Yoxlayıcı_ID: 821
38973557,Nihat Hüseynov,1976-08-23, kişi ,Bakalavr,İşləyən,2599,Nağd istehlak krediti,16572,toy xərcləri,22.43,1091.0,3,Xeyr,Xeyr,Təsdiqlənib,Aşağı kredit reytinqi
70912151,Zülfiyyə Nəsirova,1988-11-21,,Bakalavr,İşləyən,1451,Nağd istehlak krediti,13756,məişət avadanlığı alışı,11.94,1328.0,3,Xeyr,Xeyr,Təsdiqlənib,Bütün sənədlər qaydasındadır
66694045,Nərmin Rüstəmova,24/12/1976,Qadın,Bakalavr,Sahibkar,3106,Mikro kredit,27608,əsas vəsaitlərin alınması - Biznes krediti,22.77,1018.0,6,Xeyr,Xeyr,Təsdiqlənib,Müştərinin gəliri və krediti təsdiqləndi | Yoxlayıcı_ID: 141
92266326,Rəna Nəsirova,1984-08-14,Q,Bakalavr tehsili,Sahibkar,"2,781",Mikro kredit,34634,əsas vəsaitlərin alınması - Biznes krediti,11.1,1638.0,7,Bəli,Xeyr,Təsdiqlənib,Bütün sənədlər qaydasındadır
56064095,Aysel Əhmədova,04-02-80,Q,Bakalavr tehsili,İşləyən,1966 AZN,Nağd istehlak krediti,19196,toy xərcləri,11.95,1166.0,3,Xeyr,Xeyr,Təsdiqlənib,Müştərinin gəliri və krediti təsdiqləndi
64268579,Zülfiyyə Babayeva,11-02-86,,Magistr,İşləyən,3624,Nağd istehlak krediti,10257,təmir,23.64,1146.0,1,Xeyr,Xeyr,Təsdiqlənib,Bütün sənədlər qaydasındadır
62201338, Murad Qasımov ,22/01/1967,,Orta məktəb,İşsiz,273,Nağd istehlak kriditi,801,şəxsi istehlak məqsədi,11.91,201.0,1,Xeyr,Bəli,Rədd edilib,'Qara siyahı'da olmaq
59035046,Ramin Cəfərov,03-25-77,Kişi,Bakalavr,İşləyən,1147 AZN,Nağd istehlak krediti,16080,məişət avadanlığı alışı,21.91,954.0,3,Bəli,Xeyr,Təsdiqlənib,Bütün sənədlər qaydasındadır
85310761, Zeynəb Quliyeva ,08/12/1991,Qadın,Magistr,Sahibkar,2550,Mikro kredit,54429,dövriyyə vəsaitlərinin artırılması - Biznes krediti,11.02,1736.0,7,Bəli,Xeyr,Təsdiqlənib,Bütün sənədlər qaydasındadır
29124992,Abdullayev Məhəmməd,2004-03-13,K,Bakalavr tehsili,Tələbə,197,Təhsil krediti,2121,əsas vəsaitlərin alınması - Biznes krediti,24.16,218.0,0,,Xeyr,Rədd edilib,Aşağı kredit reytinqi
86558797,Sevinc Rüstəmova,1991-10-24,Q,Magistr,İşləyən,3433,Nağd istehlak krediti,2040,təmir,16.12,477.0,0,,Xeyr,Rədd edilib,Aşağı kredit reytinqi
47862603,Rəhimov Elvin,12-03-72, kişi ,Magistr,Sahibkar,6721,Mikro kredit,26844,əsas vəsaitlərin alınması - Biznes krediti,15.72,1209.0,7,Bəli,Xeyr,Təsdiqlənib,Bütün sənədlər qaydasındadır | Yoxlayıcı_ID: 533
24519398,Məryəm Əliyeva,1967-02-18,Qadın,Orta məktəb,İşsiz,366,Nağd istehlak krediti,566,təmir,14.32,,2,Bəli,Bəli,Rədd edilib,'Qara siyahı'da olmaq
47433635,Ayan Vəliyeva,11/11/1971,qadin,Bakalavr,Sahibkar,6514,Mikro kredit,82830,əsas vəsaitlərin alınması - Biznes krediti,15.37,1244.0,6,Xeyr,Xeyr,Təsdiqlənib,Müştərinin gəliri və krediti təsdiqləndi
24063514,Fatimə Əliyeva,11-09-05,Qadın,Bakalavr,Tələbə,168,Təhsil krediti,2965,dövriyyə vəsaitlərinin artırılması - Biznes krediti,14.52,714.0,0,,Xeyr,Təsdiqlənib,Müştərinin gəliri və krediti təsdiqləndi | Yoxlayıcı_ID: 147
80745448,Orxan Abdullayev,1968-08-29,Kişi,Bakalavr tehsili,Sahibkar,2693,Mikro kredit,62024,dövriyyə vəsaitlərinin artırılması - Biznes krediti,19.13,1024.0,7,Xeyr,Xeyr,Təsdiqlənib,Müştərinin gəliri və krediti təsdiqləndi | Yoxlayıcı_ID: 960
75134664,Aylin Əliyeva,16/10/1980,Qadın,Magistr,İşləyən,1332 AZN,Avtomobil krediti,22809,məişət avadanlığı alışı,14.06,698.0,1,Bəli,Xeyr,Təsdiqlənib,Müştərinin gəliri və krediti təsdiqləndi
74620846,Cavid Quliyev,2005-04-21,Kişi,Bakalavr tehsili,Tələbə,199,Təhsil krediti,1906,Biznes krediti,16.77,315.0,0,,Xeyr,Rədd edilib,Aşağı kredit reytinqi
28078295,Hüseyn Hüseynov,11-12-88,,Bakalavr,İşləyən,1065,Nağd istehlak krediti,9248,şəxsi istehlak məqsədi,23.94,1461.0,1,Xeyr,Xeyr,Təsdiqlənib,Bütün sənədlər qaydasındadır
26516395,Nihat İsmayılov,2005-07-23,K,Magistr,Tələbə,156,Təhsil krediti,1687,əsas vəsaitlərin alınması - Biznes krediti,21.34,602.0,0,,Xeyr,Təsdiqlənib,Bütün sənədlər qaydasındadır | Yoxlayıcı_ID: 775
97193397,Nihat Əhmədov,26/08/1991,Kişi,Magistr,İşləyən,1324,Nağd istehlak krediti,9496,şəxsi istehlak məqsədi,20.12,748.0,4,Xeyr,Xeyr,Təsdiqlənib,Bütün sənədlər qaydasındadır
32058411,Samir Rəhimov,15/09/1997,Kişi,Magistr,İşləyən,1910,Nağd istehlak krediti,3006,toy xərcləri,22.17,1443.0,1,Xeyr,Xeyr,Təsdiqlənib,Bütün sənədlər qaydasındadır | Yoxlayıcı_ID: 373
39473553,Aylin Babayeva,2005-06-12,,Bakalavr tehsili,Tələbə,176,Təhsil krediti,831,əsas vəsaitlərin alınması - Biznes krediti,20.68,480.0,0,,Xeyr,Təsdiqlənib,Aşağı kredit reytinqi
75923477,Əli Quliyev,03/12/1977,K,Magistr,İşləyən,1987,Nağd istehlak krediti,11502,məişət avadanlığı alışı,21.32,821.0,4,Bəli,Xeyr,Təsdiqlənib,Müştərinin gəliri və krediti təsdiqləndi
69445991,Kamal Səfərov,1978-03-30, kişi ,Bakalavr,İşləyən,1583,Nağd istehlak krediti,18853,məişət avadanlığı alışı,16.64,609.0,2,Xeyr,Xeyr,Təsdiqlənib,Müştərinin gəliri və krediti təsdiqləndi
71356646,Əli Cəfərov,30/06/1976, kişi ,Bakalavr tehsili,İşləyən,1692,Nağd istehlak krediti,5066,Təmir,23.26,802.0,2,Bəli,Xeyr,Təsdiqlənib,Bütün sənədlər qaydasındadır
10922593,Ləman İbrahimova,04-22-92,qadin,Bakalavr tehsili,İşləyən,1081,Nağd istehlak krediti,11950,təmir,13.14,1214.0,4,Xeyr,Xeyr,Təsdiqlənib,Müştərinin gəliri və krediti təsdiqləndi | Yoxlayıcı_ID: 151
41678417,Fidan İsmayılova,05-04-92,Q,Bakalavr tehsili,Sahibkar,8236,Mikro kredit,83412,dövriyyə vəsaitlərinin artırılması - Biznes krediti,11.27,1504.0,7,Xeyr,Xeyr,Təsdiqlənib,Müştərinin gəliri və krediti təsdiqləndi
47220349,Fidan Abdullayeva,1995-07-19,Q,Magistr,İşləyən,3973,Nağd istehlak krediti,"2,338",tibbi xərclər,22.1,1131.0,3,Xeyr,Bəli,Rədd edilib,'Qara siyahı'da olmaq
78194868,Aydan İsmayılova,08-16-64,Q,Orta məktəb,İşsiz,153,Nağd istehlak krediti,661975 manat,tibbi xərclər,13.44,535.0,1,Xeyr,Bəli,Rədd edilib,'Qara siyahı'da olmaq
43325789,Emin Səfərov,1976-01-17,,Bakalavr tehsili,İşləyən,1816 AZN,Nağd istehlak krediti,10637 manat,şəxsi istehlak məqsədi,24.78,,2,Xeyr,Xeyr,Təsdiqlənib,Bankın kredit şərtlərinə uyğun deyil
21517660,Elvin Tağıyev,1982-12-01, kişi ,Bakalavr,İşləyən,1755,Nağd istehlak krediti,6938,toy xərcləri,22.15,1455.0,1,Bəli,Xeyr,Təsdiqlənib,Bütün sənədlər qaydasındadır
45795436,Ramin Cəfərov,1990-09-03,Kişi,Orta məktəb,İşsiz,39,Nağd istehlak krediti,733,tibbi xərclər,12.94,470.0,1,Bəli,Xeyr,Rədd edilib,Aşağı kredit reytinqi
60515339,Nərmin İbrahimova,1980-05-21,qadin,Magistr,İşləyən,3306,Nağd istehlak krediti,19719,tibbi xərclər,18.13,852.0,0,,Xeyr,Təsdiqlənib,Səhv və ya natamam müraciət
77195609,Zeynəb Vəliyeva,1997-05-28,Q,Magistr,İşləyən,2522,Nağd istehlak krediti,16873 AZN,toy xərcləri,23.1,686.0,1,Xeyr,Xeyr,Təsdiqlənib,Bütün sənədlər qaydasındadır
89108989,Tural Məmmədov,25/11/1989, kişi ,Magistr,Sahibkar,6893,Mikro kredit,79521,əsas vəsaitlərin alınması - Biznes krediti,23.83,1376.0,8,Xeyr,Xeyr,Təsdiqlənib,Müştərinin gəliri və krediti təsdiqləndi
82422367,Sahil Qasımov,1984-07-21,Kişi,Magistr,Sahibkar,6524,Mikro kredit,10010,əsas vəsaitlərin alınması - Biznes krediti,23.35,,8,Xeyr,Xeyr,Təsdiqlənib,Bütün sənədlər qaydasındadır
71040912,Fərid İsmayılov,31/12/1986,K,Bakalavr,İşləyən,2259,Nağd istehlak krediti,1970,təmir,20.54,1461.0,2,Bəli,Xeyr,Təsdiqlənib,Müştərinin gəliri və krediti təsdiqləndi
40427649,Şəbnəm Rzayeva,04-11-98,Q,Bakalavr tehsili,İşləyən,2291,Nağd istehlak krediti,15835,toy xərcləri,17.67,1008.0,2,Bəli,Xeyr,Təsdiqlənib,Müştərinin gəliri və krediti təsdiqləndi | Yoxlayıcı_ID: 403
68446365,Fatimə Məmmədova,13/04/1967,,Bakalavr tehsili,Sahibkar,4850,Mikro kredit,15288,əsas vəsaitlərin alınması - Biznes krediti,15.99,1016.0,4,Xeyr,Bəli,Rədd edilib,'Qara siyahı'da olmaq
82602486,Nihat Sultanov,08-24-04,K,Bakalavr tehsili,Tələbə,298,Təhsil krediti,697,dövriyyə vəsaitlərinin artırılması - Biznes krediti,11.77,562.0,0,,Xeyr,Təsdiqlənib,Bütün sənədlər qaydasındadır | Yoxlayıcı_ID: 694
86393478,Sahil Vəliyev,03-16-90,Kişi,Orta məktəb,İşsiz,229,Nağd istehlak krediti,698,təmir,19.12,536.0,2,Xeyr,Xeyr,Təsdiqlənib,'Qara siyahı'da olmaq
69863263,Nərmin Abdullayeva,04-01-93,,Bakalavr tehsili,İşləyən,2454,Nağd istehlak krediti,514,məişət avadanlığı alışı,13.97,839.0,2,Bəli,Bəli,Rədd edilib,'Qara siyahı'da olmaq
86330465,Samir Rzayev,14/03/2005,,Bakalavr,Tələbə,221,Təhsil krediti,572,dövriyyə vəsaitlərinin artırılması - Biznes krediti,13.3,671.0,1,Bəli,Xeyr,Təsdiqlənib,Müştərinin gəliri və krediti təsdiqləndi | Yoxlayıcı_ID: 119
76010125,Emin Babayev,02-25-90, kişi ,Magistr,İşləyən,2148,Nağd istehlak krediti,5253,məişət avadanlığı alışı,14.14,589.0,3,Xeyr,Xeyr,Təsdiqlənib,Müştərinin gəliri və krediti təsdiqləndi
21550587,Murad Əhmədov,09-18-75,Kişi,Bakalavr tehsili,İşləyən,3263,Nağd istehlak kriditi,2488,təmir,15.61,413.0,3,Xeyr,Xeyr,Rədd edilib,Aşağı kredit reytinqi
20512431,Nərmin İbrahimova,27/03/2004,Qadın,Bakalavr,Tələbə,175,Təhsil krediti,1672,Biznes krediti,21.87,599.0,0,,Xeyr,Təsdiqlənib,Müştərinin gəliri və krediti təsdiqləndi | Yoxlayıcı_ID: 369
72979444,Zəhra İbrahimova,08-05-66,Q,Orta məktəb,İşsiz,218,Nağd istehlak kriditi,604,məişət avadanlığı alışı,21.01,309.0,1,Xeyr,Xeyr,Rədd edilib,Aşağı kredit reytinqi
62494972,Zəhra Əhmədova,11-11-77,Q,Magistr,İşləyən,2091,Avtomobil krediti,34374,şəxsi istehlak məqsədi,17.62,1485.0,3,Xeyr,Xeyr,Təsdiqlənib,Müştərinin gəliri və krediti təsdiqləndi
12598403,Rəna Məmmədova,09/06/1997,qadin,Orta məktəb,İşsiz,257,Nağd istehlak krediti,586390 manat,təmir,17.82,165.0,2,Xeyr,Xeyr,Rədd edilib,Aşağı kredit reytinqi
26548202,Aysel Cəfərova,08-03-82,,Bakalavr,Sahibkar,3110,Mikro kredit,72676,Biznes krediti,13.73,1587.0,6,Bəli,Xeyr,Təsdiqlənib,Müştərinin gəliri və krediti təsdiqləndi
86805849,Ayan Nəsirova,11/01/1992,qadin,Bakalavr tehsili,İşləyən,1683,Nağd istehlak krediti,9914,təmir,16.24,553.0,0,,Xeyr,Təsdiqlənib,Müştərinin gəliri və krediti təsdiqləndi
48179130,Kəmalə Vəliyeva,09/10/1986,qadin,Bakalavr,Sahibkar,3286,Mikro kredit,24424,dövriyyə vəsaitlərinin artırılması - Biznes krediti,20.71,1039.0,4,Xeyr,Xeyr,Təsdiqlənib,'Qara siyahı'da olmaq
42014958,Sahil Qasımov,21/10/1992,Kişi,Bakalavr tehsili,Sahibkar,8543,Mikro kredit,7087,əsas vəsaitlərin alınması - Biznes krediti,19.9,1156.0,5,Xeyr,Xeyr,Təsdiqlənib,'Qara siyahı'da olmaq | Yoxlayıcı_ID: 356
80268221,Anar Sultanov,1971-03-18,K,Bakalavr tehsili,Sahibkar,9185,Mikro kredit,26403,Biznes krediti,20.22,959.0,5,Xeyr,Xeyr,Təsdiqlənib,Müştərinin gəliri və krediti təsdiqləndi
12120425,Nihat Qasımov,05-24-92, kişi ,Bakalavr tehsili,İşləyən,2145 manat,Nağd istehlak krediti,12433,toy xərcləri,17.29,1439.0,2,Xeyr,Xeyr,Təsdiqlənib,Bütün sənədlər qaydasındadır
67027685,Səbinə Sultanova,25/07/1962,Qadın,Orta məktəb,İşsiz,160,Nağd istehlak krediti,558,toy xərcləri,14.64,445.0,2,Xeyr,Xeyr,Rədd edilib,Aşağı kredit reytinqi
41295859,Fərid İsmayılov,13/05/1993,K,Magistr,İşləyən,2507,Nağd istehlak krediti,11228,toy xərcləri,16.85,747.0,1,Bəli,Xeyr,Təsdiqlənib,Müştərinin gəliri və krediti təsdiqləndi | Yoxlayıcı_ID: 485
57460226,Zülfiyyə İsmayılova,1995-02-14,Qadın,Orta məktəb,İşsiz,361,Nağd istehlak krediti,721,məişət avadanlığı alışı,19.02,552.0,0,,Bəli,Rədd edilib,'Qara siyahı'da olmaq
37309191,Elvin İbrahimov,10-31-04,K,Bakalavr tehsili,Tələbə,234,Təhsil krediti,937,dövriyyə vəsaitlərinin artırılması - Biznes krediti,13.48,702.0,0,,Xeyr,Təsdiqlənib,Müştərinin gəliri və krediti təsdiqləndi
84563079,Nigar Nəsirova,1972-05-02,Q,Bakalavr,Sahibkar,4775,Mikro kredit,8542,əsas vəsaitlərin alınması - Biznes krediti,22.17,1479.0,4,Xeyr,Xeyr,Təsdiqlənib,Müştərinin gəliri və krediti təsdiqləndi
75984495,Əhmədova Lalə,1966-10-07,Q,Orta məktəb,İşsiz,342,Nağd istehlak krediti,364,şəxsi istehlak məqsədi,13.77,140.0,1,Bəli,Xeyr,Rədd edilib,Aşağı kredit reytinqi
60340235,Sultanov Anar,04-19-81,K,Bakalavr tehsili,İşləyən,2875,Nağd istehlak krediti,12631,təmir,11.7,1595.0,2,Bəli,Xeyr,Təsdiqlənib,Bütün sənədlər qaydasındadır | Yoxlayıcı_ID: 420
62644964,Fərid Sultanov,08/12/1978,,Magistr,İşləyən,1099,Nağd istehlak krediti,9554,məişət avadanlığı alışı,19.88,1574.0,3,Xeyr,Xeyr,Təsdiqlənib,Müştərinin gəliri və krediti təsdiqləndi
26800461,Zəhra Rüstəmova,29/08/1992,Qadın,Orta məktəb,İşsiz,100 AZN,Nağd istehlak krediti,955,toy xərcləri,11.72,222.0,0,,Xeyr,Rədd edilib,Aşağı kredit reytinqi | Yoxlayıcı_ID: 676
85180682,Samir Rəhimov,19/01/1998,K,Magistr,İşləyən,1472,Nağd istehlak krediti,"3,905",tibbi xərclər,14.01,985.0,2,Bəli,Xeyr,Təsdiqlənib,Bütün sənədlər qaydasındadır
39703249,Aydan Hüseynova,1985-09-29,Qadın,Bakalavr tehsili,İşləyən,1294,Nağd istehlak krediti,16284,şəxsi istehlak məqsədi,22.99,737.0,0,,Xeyr,Təsdiqlənib,Bütün sənədlər qaydasındadır | Yoxlayıcı_ID: 495
35615087,Lalə Babayeva,27/08/1980,Q,Bakalavr tehsili,İşləyən,1546,Nağd istehlak krediti,9529,tibbi xərclər,15.4,1228.0,4,Xeyr,Xeyr,Təsdiqlənib,Müştərinin gəliri və krediti təsdiqləndi
19216154, Fərid Rüstəmov ,12-13-02,K,Bakalavr tehsili,Tələbə,147,Təhsil krediti,1360,dövriyyə vəsaitlərinin artırılması - Biznes krediti,13.23,204.0,0,,Xeyr,Rədd edilib,Aşağı kredit reytinqi
67326618,Anar Qasımov,1967-10-19, kişi ,Magistr,Sahibkar,6303,Mikro kredit,64967,Biznes krediti,17.24,1194.0,2,Bəli,Bəli,Rədd edilib,'Qara siyahı'da olmaq | Yoxlayıcı_ID: 383
20914109,Fatimə İsmayılova,1994-05-04,,Bakalvar tehsili,İşləyən,2875,Nağd istehlak krediti,"1,269",toy xərcləri,19.69,1124.0,2,Bəli,Bəli,Rədd edilib,'Qara siyahı'da olmaq
41820902,Uğur Quliyev,08/03/1982,K,Bakalavr,Sahibkar,,Mikro kredit,19439,əsas vəsaitlərin alınması - Biznes krediti,24.84,,3,Xeyr,Xeyr,Təsdiqlənib,Müştərinin gəliri və krediti təsdiqləndi
58115560,Sevinc Rəhimova,09/02/1996,Q,Magistr,İşləyən,3865,Nağd istehlak krediti,2893,təmir,18.76,1358.0,2,Xeyr,Xeyr,Təsdiqlənib,Bütün sənədlər qaydasındadır
29704949,Orxan Sultanov,1983-09-15, kişi ,Magistr,İşləyən,1714,Nağd istehlak krediti,15738,təmir,11.25,1176.0,1,Xeyr,Xeyr,Təsdiqlənib,Bütün sənədlər qaydasındadır
75131523,Rauf Rüstəmov,16/07/1994, kişi ,Bakalavr,İşləyən,"3,990",Nağd istehlak krediti,3174 manat,toy xərcləri,22.87,1022.0,3,Bəli,Xeyr,Təsdiqlənib,Bütün sənədlər qaydasındadır
62092133,Rəna Cavadova,06/07/1991,Qadın,Bakalavr tehsili,İşləyən,3541,Nağd istehlak krediti,17685,məişət avadanlığı alışı,17.06,918.0,3,Bəli,Xeyr,Təsdiqlənib,Bütün sənədlər qaydasındadır
32001062,Aydan Cəfərova,02/10/1971,,Orta məktəb,İşsiz,375,Nağd istehlak krediti,565,təmir,13.91,573.0,2,Xeyr,Xeyr,Təsdiqlənib,Bütün sənədlər qaydasındadır
88414684,Elvin Hüseynov,09-27-72,Kişi,Bakalavr,İşləyən,3276,Avtomobil krediti,26127 manat,tibbi xərclər,24.06,459.0,3,Xeyr,Xeyr,Rədd edilib,Aşağı kredit reytinqi
51934467,Murad Səfərov,2004-06-11,Kişi,Magistr,Tələbə,191,Təhsil krediti,923,əsas vəsaitlərin alınması - Biznes krediti,17.3,602.0,0,,Xeyr,Təsdiqlənib,Müştərinin gəliri və krediti təsdiqləndi
62838837,Fidan Tağıyeva,09/11/1998,Qadın,Bakalavr tehsili,İşləyən,3292,Nağd istehlak krediti,16854,tibbi xərclər,11.05,521.0,1,Bəli,Xeyr,Təsdiqlənib,Müştərinin gəliri və krediti təsdiqləndi
19715064,Kamal Rzayev,2006-02-26, kişi ,Magistr,Tələbə,219,Təhsil krediti,2371,əsas vəsaitlərin alınması - Biznes krediti,13.6,345.0,0,,Xeyr,Rədd edilib,Aşağı kredit reytinqi
37891203,Tural Abdullayev,1973-11-19,Kişi,Bakalavr,Sahibkar,,Mikro kredit,30535,Biznes krediti,18.0,1525.0,2,Bəli,Xeyr,Təsdiqlənib,Bütün sənədlər qaydasındadır | Yoxlayıcı_ID: 957
53359615,Cavid Rüstəmov,1978-01-19,Kişi,Magistr,İşləyən,2094,Avtomobil krediti,26777,məişət avadanlığı alışı,23.08,563.0,0,,Xeyr,Təsdiqlənib,Bütün sənədlər qaydasındadır
24000200,Kəmalə Əliyeva,07-05-95,Q,Bakalavr,İşləyən,3001,Nağd istehlak krediti,5281 manat,tibbi xərclər,13.15,689.0,2,Xeyr,Xeyr,Təsdiqlənib,Bütün sənədlər qaydasındadır
12758576,Ramin Rzayev,01-13-81,Kişi,Magistr,Sahibkar,7450,Mikro kredit,60649,dövriyyə vəsaitlərinin artırılması - Biznes krediti,14.63,1459.0,3,Xeyr,Xeyr,Təsdiqlənib,Bütün sənədlər qaydasındadır | Yoxlayıcı_ID: 802
79283086,Cavadova Lalə,16/05/1978,,Magistr,Sahibkar,4822,Mikro kredit,90552,Biznes krediti,20.16,1450.0,6,Xeyr,Xeyr,Təsdiqlənib,Müştərinin gəliri və krediti təsdiqləndi
73694412,Orxan Hüseynov,12-05-95,Kişi,Bakalavr,İşləyən,3402,Nağd istehlak krediti,10855,məişət avadanlığı alışı,17.87,834.0,0,,Xeyr,Təsdiqlənib,Aşağı kredit reytinqi
14937887,Fidan Əliyeva,11-01-94,,Bakalavr,İşləyən,1360,Nağd istehlak krediti,7955,toy xərcləri,17.57,918.0,1,Bəli,Xeyr,Təsdiqlənib,Müştərinin gəliri və krediti təsdiqləndi
53200995,Orxan Abdullayev,2005-07-22,,Bakalavr,Tələbə,139,Təhsil krediti,1474,əsas vəsaitlərin alınması - Biznes krediti,21.97,473.0,1,Bəli,Xeyr,Rədd edilib,Aşağı kredit reytinqi | Yoxlayıcı_ID: 726
52322266,Tural Səfərov,01-20-06,Kişi,Bakalavr,Tələbə,251,Təhsil krediti,1009,Biznes krediti,18.73,316.0,0,,Xeyr,Rədd edilib,Aşağı kredit reytinqi
89655428,Aysel Cəfərova,1984-09-26,Qadın,Bakalavr,İşləyən,3636,Nağd istehlak krediti,2426,şəxsi istehlak məqsədi,23.97,1573.0,4,Bəli,Xeyr,Təsdiqlənib,Bütün sənədlər qaydasındadır | Yoxlayıcı_ID: 673
82904599,Aydan Əliyeva,02-21-03,qadin,Bakalavr tehsili,Tələbə,115,Təhsil krediti,1656,dövriyyə vəsaitlərinin artırılması - Biznes krediti,20.43,203.0,0,,Xeyr,Rədd edilib,Aşağı kredit reytinqi | Yoxlayıcı_ID: 120
20406004,Məryəm Tağıyeva,15/10/1962,Qadın,Orta məktəb,İşsiz,328,Nağd istehlak krediti,872,təmir,13.51,203.0,1,Xeyr,Xeyr,Rədd edilib,Aşağı kredit reytinqi | Yoxlayıcı_ID: 934
69232211,Kamal Qasımov,1986-04-25,,Magistr,İşləyən,1771,Nağd istehlak krediti,10155 AZN,məişət avadanlığı alışı,19.42,589.0,4,Xeyr,Xeyr,Təsdiqlənib,Bütün sənədlər qaydasındadır
89953071,Tural Əliyev,1961-01-01, kişi ,Orta məktəb,İşsiz,300,Nağd istehlak krediti,414,təmir,23.58,375.0,2,Bəli,Xeyr,Rədd edilib,Aşağı kredit reytinqi | Yoxlayıcı_ID: 795
19655824,Rauf Babayev,1977-06-22,Kişi,Bakalavr,İşləyən,3355,Avtomobil krediti,29629,şəxsi istehlak məqsədi,18.97,1572.0,4,Xeyr,Xeyr,Təsdiqlənib,Bütün sənədlər qaydasındadır
37214338,Sahil Hüseynov,1987-11-13,Kişi,Bakalavr,Sahibkar,4319,Mikro kredit,56350,Biznes krediti,15.03,,2,Xeyr,Xeyr,Təsdiqlənib,Bütün sənədlər qaydasındadır
54190321,Sultanov Cavid,30/12/1979,Kişi,Bakalavr tehsili,İşləyən,2161,Nağd istehlak krediti,2604,toy xərcləri,24.21,1063.0,1,Bəli,Xeyr,Təsdiqlənib,Müştərinin gəliri və krediti təsdiqləndi
74147103,İsmayılova Zeynəb,1975-10-23,qadin,Bakalavr,Sahibkar,2722,Mikro kredit,15093,əsas vəsaitlərin alınması - Biznes krediti,19.06,1509.0,5,Bəli,Xeyr,Təsdiqlənib,Bütün sənədlər qaydasındadır | Yoxlayıcı_ID: 328
51310665,Anar Vəliyev,04-16-90,Kişi,Bakalavr tehsili,İşləyən,2671 AZN,Nağd istehlak krediti,18469,təmir,18.25,1385.0,2,Xeyr,Xeyr,Təsdiqlənib,Bütün sənədlər qaydasındadır
30882442,Murad Quliyev,11-05-82,Kişi,Bakalavr tehsili,Sahibkar,8332,Mikro kredit,86820,Biznes krediti,22.0,980.0,3,Bəli,Bəli,Rədd edilib,'Qara siyahı'da olmaq | Yoxlayıcı_ID: 914
77225492,Aylin Hüseynova,12/09/2004,qadin,Bakalavr,Tələbə,108,Təhsil krediti,1295,əsas vəsaitlərin alınması - Biznes krediti,20.35,,1,Xeyr,Xeyr,Rədd edilib,Aşağı kredit reytinqi
14144987,Kəmalə Cəfərova,01-01-05,qadin,Bakalavr,Tələbə,136,Təhsil krediti,2280,Biznes krediti,14.24,577.0,0,,Xeyr,Təsdiqlənib,Bütün sənədlər qaydasındadır
80263929,Məhəmməd Səfərov,1990-08-17,K,Bakalavr,Sahibkar,8010,Mikro kredit,9324,dövriyyə vəsaitlərinin artırılması - Biznes krediti,19.85,1750.0,4,Bəli,Xeyr,Təsdiqlənib,Bütün sənədlər qaydasındadır
41993069,Məhəmməd Vəliyev,1984-07-11,Kişi,Bakalavr,İşləyən,3038 AZN,Nağd istehlak krediti,812,toy xərcləri,15.59,1152.0,2,Bəli,Xeyr,Təsdiqlənib,Bütün sənədlər qaydasındadır
21187896,Nərmin Əhmədova,04-28-83,,Orta məktəb,İşsiz,375,Nağd istehlak krediti,466,məişət avadanlığı alışı,20.89,227.0,1,Bəli,Xeyr,Rədd edilib,Aşağı kredit reytinqi | Yoxlayıcı_ID: 812
54617907,Zülfiyyə Rüstəmova,1965-01-04,Q,Orta məktəb,İşsiz,177,Nağd istehlak krediti,748,toy xərcləri,15.15,582.0,1,Xeyr,Xeyr,Təsdiqlənib,Bütün sənədlər qaydasındadır
19733747,Cavid Məmmədov,10-24-81,Kişi,Orta məktəb,İşsiz,115,Nağd istehlak krediti,782,şəxsi istehlak məqsədi,20.3,444.0,2,Xeyr,Xeyr,Rədd edilib,Aşağı kredit reytinqi
56875369,Elvin Qasımov,05-02-92,Kişi,Orta məktəb,İşsiz,278,Nağd istehlak krediti,836,məişət avadanlığı alışı,14.97,600.0,1,Xeyr,Xeyr,Təsdiqlənib,Bütün sənədlər qaydasındadır
27853949,Yusif Rəhimov,08-07-06, kişi ,Bakalavr tehsili,Tələbə,265,Təhsil krediti,1545,əsas vəsaitlərin alınması - Biznes krediti,23.25,502.0,0,,Xeyr,Təsdiqlənib,Müştərinin gəliri və krediti təsdiqləndi | Yoxlayıcı_ID: 969
74708058,Nərmin Rzayeva,07/08/1988,Qadın,Magistr,İşləyən,3364,Nağd istehlak krediti,14721,tibbi xərclər,17.06,411.0,4,Xeyr,Xeyr,Təsdiqlənib,Aşağı kredit reytinqi | Yoxlayıcı_ID: 996
96301911,Lalə Rəhimova,21/07/1973,Q,Orta məktəb,İşsiz,27,Nağd istehlak krediti,860,toy xərcləri,19.84,537.0,0,,Xeyr,Rədd edilib,Gəlir çatışmazlığı
99956613,Yusif Hüseynov,2004-10-28,Kişi,Magistr,Tələbə,135,Təhsil krediti,1502,əsas vəsaitlərin alınması - Biznes krediti,18.62,,1,Xeyr,Xeyr,Rədd edilib,Aşağı kredit reytinqi | Yoxlayıcı_ID: 529
64246472,Səfərov Nihat,04-13-73,Kişi,Bakalavr,Sahibkar,5694,Mikro kredit,83893,dövriyyə vəsaitlərinin artırılması - Biznes krediti,12.81,1320.0,7,Xeyr,Xeyr,Təsdiqlənib,Müştərinin gəliri və krediti təsdiqləndi | Yoxlayıcı_ID: 299
10830900,Lalə Quliyeva,03-05-72,Qadın,Bakalavr,İşləyən,3459,Avtomobil kriditi,21081,təmir,13.86,835.0,4,Bəli,Xeyr,Təsdiqlənib,Müştərinin gəliri və krediti təsdiqləndi
11407620,Fərid Abdullayev,1996-12-22, kişi ,Bakalavr tehsili,İşləyən,804,Nağd istehlak krediti,3123,tibbi xərclər,15.6,1485.0,2,Bəli,Xeyr,Təsdiqlənib,Bütün sənədlər qaydasındadır
11316264,Rəna Rüstəmova,1971-03-08,Qadın,Orta məktəb,İşsiz,102,Nağd istehlak krediti,515,tibbi xərclər,14.11,294.0,2,Xeyr,Xeyr,Rədd edilib,Aşağı kredit reytinqi
58081478,Məryəm Əhmədova,1979-06-03,Qadın,Bakalavr,İşləyən,1388,Nağd istehlak kriditi,4847 AZN,məişət avadanlığı alışı,20.23,734.0,4,Bəli,Xeyr,Təsdiqlənib,Bütün sənədlər qaydasındadır
63631441,Məhəmməd İsmayılov,23/04/1974, kişi ,Bakalavr,İşləyən,1205,Nağd istehlak krediti,6617,toy xərcləri,12.03,1096.0,2,Bəli,Xeyr,Təsdiqlənib,Bütün sənədlər qaydasındadır | Yoxlayıcı_ID: 945
45808917,Məryəm Nəsirova,03-30-04,,Bakalavr tehsili,Tələbə,277,Təhsil krediti,1235,dövriyyə vəsaitlərinin artırılması - Biznes krediti,17.5,,1,Xeyr,Xeyr,Rədd edilib,Aşağı kredit reytinqi | Yoxlayıcı_ID: 919
64115128,Tural Quliyev,2003-11-08, kişi ,Bakalavr,Tələbə,141,Təhsil krediti,1511,əsas vəsaitlərin alınması - Biznes krediti,17.44,741.0,0,,Xeyr,Təsdiqlənib,Bütün sənədlər qaydasındadır
64808160,Günel Əhmədova,02/08/1978,qadin,Bakalavr,İşləyən,1817,Nağd istehlak krediti,17387,toy xərcləri,11.91,1194.0,2,Bəli,Xeyr,Təsdiqlənib,Müştərinin gəliri və krediti təsdiqləndi
56418271,Rəşad Abdullayev,2004-04-13,Kişi,Magistr,Tələbə,198,Təhsil krediti,2753,əsas vəsaitlərin alınması - Biznes krediti,16.52,621.0,0,,Xeyr,Təsdiqlənib,Müştərinin gəliri və krediti təsdiqləndi
45065678,Samir Məmmədov,10/06/2004,,Magistr,Tələbə,235,Təhsil krediti,1983,Biznes krediti,14.63,543.0,1,Xeyr,Xeyr,Təsdiqlənib,Bütün sənədlər qaydasındadır
75718921,Nihat Sultanov,06-24-83,K,Magistr,İşləyən,1209,Avtomobil krediti,20437 AZN,şəxsi istehlak məqsədi,13.55,907.0,1,Bəli,Xeyr,Təsdiqlənib,Müştərinin gəliri və krediti təsdiqləndi | Yoxlayıcı_ID: 574
33712370,Ləman Səfərova,1984-11-01,,Bakalavr,İşləyən,1139,Nağd istehlak krediti,9025,təmir,18.28,510.0,2,Bəli,Xeyr,Təsdiqlənib,Bütün sənədlər qaydasındadır
10201854, Lalə Rzayeva ,09/12/1979,qadin,Bakalavr,İşləyən,2675,Avtomobil krediti,32664,şəxsi istehlak məqsədi,12.87,890.0,4,Bəli,Xeyr,Təsdiqlənib,Bütün sənədlər qaydasındadır | Yoxlayıcı_ID: 132
98461777,Nigar Məmmədova,2003-01-08,Qadın,Bakalavr,Tələbə,104,Təhsil krediti,2276,əsas vəsaitlərin alınması - Biznes krediti,21.43,790.0,0,,Xeyr,Təsdiqlənib,Bütün sənədlər qaydasındadır
97435292,Sahil Vəliyev,1976-10-30,,Bakalavr,İşləyən,2905,Nağd istehlak krediti,17423,təmir,17.42,1218.0,2,Xeyr,Xeyr,Təsdiqlənib,Bütün sənədlər qaydasındadır
98946122,Rəna İsmayılova,28/11/2003,Qadın,Magistr,Tələbə,116 manat,Təhsil krediti,837 AZN,Biznes krediti,14.75,571.0,0,,Xeyr,Təsdiqlənib,Müştərinin gəliri və krediti təsdiqləndi | Yoxlayıcı_ID: 317
54338403,Nərmin Babayeva,01/09/1978,Q,Orta məktəb,İşsiz,58,Nağd istehlak krediti,560,təmir,17.05,188.0,2,Bəli,Xeyr,Rədd edilib,Aşağı kredit reytinqi
69706693,Sahil Quliyev,07-28-87,Kişi,Magistr,Sahibkar,8580,Mikro kredit,67460,dövriyyə vəsaitlərinin artırılması - Biznes krediti,19.72,869.0,8,Bəli,Xeyr,Təsdiqlənib,Bütün sənədlər qaydasındadır
64678297,Rəşad Cavadov,01/11/1994, kişi ,Bakalavr,İşləyən,2175,Avtomobil krediti,13445,şəxsi istehlak məqsədi,18.92,1572.0,3,Bəli,Xeyr,Təsdiqlənib,Müştərinin gəliri və krediti təsdiqləndi | Yoxlayıcı_ID: 582
66127449,Zeynəb Əliyeva,26/08/1973,Qadın,Orta məktəb,İşsiz,352,Nağd istehlak kriditi,642,məişət avadanlığı alışı,15.13,196.0,1,Bəli,Xeyr,Rədd edilib,Aşağı kredit reytinqi
84843275,kamal vəliyev,09/09/1988,Kişi,Orta məktəb,İşsiz,124,Nağd istehlak krediti,733,tibbi xərclər,19.49,156.0,1,Xeyr,Xeyr,Rədd edilib,Aşağı kredit reytinqi
16856723,Nərmin Rüstəmova,1992-09-21,qadin,Orta məktəb,İşsiz,275,Nağd istehlak krediti,398,təmir,15.52,103.0,1,Xeyr,Xeyr,Rədd edilib,Aşağı kredit reytinqi
35747171,Şəbnəm Rzayeva,29/05/1987,Qadın,Magistr,İşləyən,1210,Nağd istehlak krediti,"10,015",toy xərcləri,24.44,1272.0,1,Bəli,Xeyr,Təsdiqlənib,Müştərinin gəliri və krediti təsdiqləndi
73218515,Rəşad Cavadov,1985-09-17,,Bakalavr tehsili,İşləyən,3159,Nağd istehlak krediti,7749,toy xərcləri,17.11,495.0,0,,Xeyr,Təsdiqlənib,Aşağı kredit reytinqi | Yoxlayıcı_ID: 713
52349398,Anar Nəsirov,11-04-74, kişi ,Bakalavr,İşləyən,2196,Nağd istehlak krediti,796,toy xərcləri,16.39,1413.0,0,,Xeyr,Təsdiqlənib,Bütün sənədlər qaydasındadır
34163537,Murad Cəfərov,09-25-89,K,Bakalavr,İşləyən,3209,Nağd istehlak krediti,19444,məişət avadanlığı alışı,14.04,479.0,4,Bəli,Xeyr,Rədd edilib,Aşağı kredit reytinqi
38561608,Sahil İsmayılov,2002-11-27,K,Bakalavr tehsili,Tələbə,282,Təhsil krediti,1109,dövriyyə vəsaitlərinin artırılması - Biznes krediti,12.54,348.0,0,,Xeyr,Rədd edilib,Aşağı kredit reytinqi
60507694,Murad Səfərov,11-11-01, kişi ,Bakalavr,İşləyən,892,Nağd istehlak krediti,14500 AZN,şəxsi istehlak məqsədi,13.7,1194.0,1,Bəli,Xeyr,Təsdiqlənib,Müştərinin gəliri və krediti təsdiqləndi
50225202,Aysel Vəliyeva,1970-11-17,Q,Magistr,İşləyən,1678,Nağd istehlak krediti,2706,toy xərcləri,15.56,517.0,4,Xeyr,Xeyr,Təsdiqlənib,Müştərinin gəliri və krediti təsdiqləndi | Yoxlayıcı_ID: 420
26487886,Ramin Rzayev,1983-09-28,Kişi,Magistr,İşləyən,929,Nağd istehlak krediti,859,təmir,13.91,1422.0,3,Bəli,Xeyr,Təsdiqlənib,Müştərinin gəliri və krediti təsdiqləndi
87189164,Ləman Vəliyeva,03/08/1995,Q,Magistr,İşləyən,2698,Nağd istehlak krediti,17894,tibbi xərclər,16.46,791.0,1,Bəli,Xeyr,Təsdiqlənib,Müştərinin gəliri və krediti təsdiqləndi
15494200,Aysel Quliyeva,1972-09-07,,Bakalavr,Sahibkar,"7,250",Mikro kredit,38395,əsas vəsaitlərin alınması - Biznes krediti,17.2,1676.0,3,Xeyr,Xeyr,Təsdiqlənib,Bütün sənədlər qaydasındadır
98435896,Aydan Nəsirova,1975-05-03,qadin,Bakalavr tehsili,İşləyən,3476,Nağd istehlak krediti,4502,şəxsi istehlak məqsədi,20.54,1207.0,1,Bəli,Xeyr,Təsdiqlənib,Müştərinin gəliri və krediti təsdiqləndi
29704947,Hüseyn Quliyev,03-27-06, kişi ,Bakalavr tehsili,Tələbə,109,Təhsil krediti,2327,Biznes krediti,23.44,439.0,0,,Xeyr,Təsdiqlənib,Aşağı kredit reytinqi
51634274,Nigar Nəsirova,12/07/1982,qadin,Bakalavr tehsili,İşləyən,3015,Nağd istehlak krediti,4816,tibbi xərclər,13.16,1088.0,1,Bəli,Xeyr,Təsdiqlənib,Müştərinin gəliri və krediti təsdiqləndi
77852345,Kəmalə Səfərova,1989-05-06,qadin,Orta məktəb,İşsiz,225,Nağd istehlak krediti,831,təmir,16.46,461.0,1,Xeyr,Xeyr,Rədd edilib,Aşağı kredit reytinqi
15156912,Günel Əhmədova,28/02/1980,,Magistr,İşləyən,2626,Nağd istehlak krediti,15595,tibbi xərclər,21.21,1516.0,3,Bəli,Xeyr,Təsdiqlənib,Bütün sənədlər qaydasındadır
49692783,Fərid Quliyev,1999-06-27,K,Bakalavr,İşləyən,3919,Nağd istehlak krediti,15404,tibbi xərclər,11.81,1456.0,3,Xeyr,Xeyr,Təsdiqlənib,Müştərinin gəliri və krediti təsdiqləndi
67172556,Zülfiyyə Sultanova,1999-04-15,qadin,Magistr,İşləyən,3990,Nağd istehlak krediti,969,şəxsi istehlak məqsədi,11.94,1248.0,4,Bəli,Xeyr,Təsdiqlənib,Bütün sənədlər qaydasındadır | Yoxlayıcı_ID: 187
96909114,Məhəmməd Abdullayev,08-09-93,Kişi,Magistr,İşləyən,3330,Avtomobil krediti,28093,toy xərcləri,21.18,880.0,1,Bəli,Xeyr,Təsdiqlənib,Bütün sənədlər qaydasındadır
24951051,Sevinc Babayeva,1987-09-30,Qadın,Orta məktəb,İşsiz,199,Nağd istehlak krediti,560,toy xərcləri,14.27,182.0,0,,Xeyr,Rədd edilib,Aşağı kredit reytinqi
62285321,Nihat Sultanov,04-30-66,Kişi,Bakalavr,Sahibkar,2730,Mikro kredit,6711,dövriyyə vəsaitlərinin artırılması - Biznes krediti,19.81,1331.0,4,Xeyr,Xeyr,Təsdiqlənib,'Qara siyahı'da olmaq | Yoxlayıcı_ID: 529
15860233,Nərmin Vəliyeva,10-15-99,Q,Bakalavr,İşləyən,3782,Nağd istehlak krediti,6359,məişət avadanlığı alışı,23.53,812.0,3,Bəli,Xeyr,Təsdiqlənib,Müştərinin gəliri və krediti təsdiqləndi
76708373,Yusif Rüstəmov,08/11/2006,K,Bakalavr,Tələbə,116,Təhsil krediti,990,əsas vəsaitlərin alınması - Biznes krediti,13.78,529.0,0,,Xeyr,Təsdiqlənib,Müştərinin gəliri və krediti təsdiqləndi
26527254,Elvin Hüseynov,06-15-75,,Magistr,İşləyən,2142,Avtomobil krediti,34916,toy xərcləri,20.68,878.0,2,Bəli,Xeyr,Təsdiqlənib,Müştərinin gəliri və krediti təsdiqləndi
21091970,Cavid Sultanov,08-01-78,,Magistr,İşləyən,1121,Nağd istehlak krediti,13055,təmir,24.49,1576.0,0,,Xeyr,Təsdiqlənib,Bütün sənədlər qaydasındadır
63232480,Əli Hüseynov,1984-12-04,Kişi,Magistr,İşləyən,"2,843",Nağd istehlak krediti,16769,tibbi xərclər,23.5,1045.0,0,,Xeyr,Təsdiqlənib,Bütün sənədlər qaydasındadır
21269775,Cavid Əhmədov,1999-09-22,Kişi,Bakalavr,İşləyən,"2,279",Nağd istehlak krediti,16592,tibbi xərclər,17.38,424.0,2,Xeyr,Xeyr,Rədd edilib,Aşağı kredit reytinqi
36136508,Zülfiyyə Rzayeva,1981-04-07,Q,Magistr,İşləyən,1339,Avtomobil krediti,12444,təmir,18.95,564.0,4,Xeyr,Xeyr,Təsdiqlənib,Bütün sənədlər qaydasındadır
79631694,Nigar Tağıyeva,1995-08-27,qadin,Bakalavr tehsili,İşləyən,1033,Nağd istehlak krediti,5486,tibbi xərclər,24.4,766.0,2,Bəli,Xeyr,Təsdiqlənib,Bütün sənədlər qaydasındadır
95906382,Cavid Cəfərov,01/05/1983,,Bakalavr tehsili,İşləyən,2424,Nağd istehlak krediti,10675,təmir,16.82,1590.0,1,Xeyr,Xeyr,Təsdiqlənib,Müştərinin gəliri və krediti təsdiqləndi
33780066,Məryəm Rzayeva,1970-10-05,,Orta məktəb,İşsiz,292,Nağd istehlak krediti,493,toy xərcləri,13.97,436.0,1,Xeyr,Xeyr,Rədd edilib,Aşağı kredit reytinqi
99550223,Kəmalə Nəsirova,26/07/1972,Qadın,Bakalavr tehsili,Sahibkar,3284,Mikro kredit,71487,dövriyyə vəsaitlərinin artırılması - Biznes krediti,17.72,1588.0,8,Bəli,Xeyr,Təsdiqlənib,Müştərinin gəliri və krediti təsdiqləndi
71593446,Anar Əhmədov,08-26-91,,Bakalavr,İşləyən,3564,Nağd istehlak kriditi,18428 AZN,toy xərcləri,23.19,1517.0,0,,Xeyr,Təsdiqlənib,Müştərinin gəliri və krediti təsdiqləndi
41437384,Günel Vəliyeva,26/06/1993,qadin,Bakalavr tehsili,İşləyən,3810,Nağd istehlak krediti,13924,şəxsi istehlak məqsədi,20.01,1270.0,3,Xeyr,Xeyr,Təsdiqlənib,Müştərinin gəliri və krediti təsdiqləndi
30882202,Günel Qasımova,2005-07-05,Qadın,Magistr,Tələbə,227,Təhsil krediti,832,əsas vəsaitlərin alınması - Biznes krediti,17.53,391.0,0,,Xeyr,Rədd edilib,Aşağı kredit reytinqi | Yoxlayıcı_ID: 269
13259115,Şəbnəm Abdullayeva,30/06/1984,,Magistr,Sahibkar,8894 manat,Mikro kredit,72931,Biznes krediti,17.38,1612.0,4,Bəli,Xeyr,Təsdiqlənib,Bütün sənədlər qaydasındadır
35404707,Ayan Quliyeva,24/05/1974,,Bakalavr tehsili,İşləyən,2953,Nağd istehlak krediti,10219,tibbi xərclər,22.15,725.0,0,Bəli,Xeyr,Təsdiqlənib,Bütün sənədlər qaydasındadır
35814846,Murad İsmayılov,20/08/2007,K,Bakalavr,Tələbə,157,Təhsil krediti,1621,Biznes krediti,16.76,615.0,0,,Xeyr,Təsdiqlənib,Bütün sənədlər qaydasındadır | Yoxlayıcı_ID: 532
35345682,Səbinə Babayeva,07-02-70,,Bakalavr,Sahibkar,6105,Mikro kredit,12697,dövriyyə vəsaitlərinin artırılması - Biznes krediti,16.41,1170.0,8,Xeyr,Xeyr,Təsdiqlənib,Bütün sənədlər qaydasındadır
81192012,Sahil Qasımov,1972-04-21,Kişi,Bakalavr tehsili,İşləyən,3198,Nağd istehlak krediti,3411,şəxsi istehlak məqsədi,13.99,763.0,2,Xeyr,Xeyr,Təsdiqlənib,Müştərinin gəliri və krediti təsdiqləndi
86086291,Şəbnəm Vəliyeva,1979-03-10,Qadın,Bakalavr tehsili,İşləyən,2437,Nağd istehlak krediti,9812,təmir,18.01,1340.0,0,,Xeyr,Təsdiqlənib,Müştərinin gəliri və krediti təsdiqləndi | Yoxlayıcı_ID: 776
51032588,Əli Cəfərov,01-24-07, kişi ,Bakalavr tehsili,Tələbə,191,Təhsil krediti,880,əsas vəsaitlərin alınması - Biznes krediti,11.05,593.0,1,Bəli,Xeyr,Təsdiqlənib,Müştərinin gəliri və krediti təsdiqləndi
70978819,Anar İsmayılov,1990-09-13,Kişi,Bakalavr,İşləyən,983 AZN,Nağd istehlak krediti,7522,məişət avadanlığı alışı,16.58,1000.0,4,Bəli,Xeyr,Təsdiqlənib,Bütün sənədlər qaydasındadır | Yoxlayıcı_ID: 980
33809567,Şəbnəm Rzayeva,1997-01-17,Qadın,Orta məktəb,İşsiz,5,Nağd istehlak krediti,426,məişət avadanlığı alışı,11.86,232.0,1,Xeyr,Xeyr,Rədd edilib,Aşağı kredit reytinqi
46092924,Günel Cəfərova,1989-08-18,,Orta məktəb,İşsiz,62,Nağd istehlak krediti,952,toy xərcləri,15.74,498.0,1,Xeyr,Xeyr,Rədd edilib,Aşağı kredit reytinqi
89557779,Zülfiyyə Cavadova,06-04-94,,Orta məktəb,İşsiz,52,Nağd istehlak krediti,357,tibbi xərclər,15.98,128.0,1,Xeyr,Xeyr,Rədd edilib,Aşağı kredit reytinqi
48549342,Fatimə Hüseynova,07-13-74,Q,Magistr,İşləyən,3762,Nağd istehlak krediti,5380,toy xərcləri,24.85,1026.0,0,,Xeyr,Təsdiqlənib,Müştərinin gəliri və krediti təsdiqləndi
96821992,Şəbnəm Cavadova,13/07/2004,Q,Bakalavr tehsili,Tələbə,249,Təhsil krediti,714,əsas vəsaitlərin alınması - Biznes krediti,21.63,,0,,Xeyr,Təsdiqlənib,Müştərinin gəliri və krediti təsdiqləndi
78965194,Rəşad Babayev,1977-03-15,K,Magistr,İşləyən,1051,Nağd istehlak krediti,5952,təmir,12.19,445.0,3,Bəli,Xeyr,Rədd edilib,Aşağı kredit reytinqi
93645228,Anar Əliyev,02-10-02,Kişi,Bakalavr,İşləyən,1700,Nağd istehlak krediti,"11,219",təmir,15.62,654.0,1,Xeyr,Xeyr,Təsdiqlənib,Bütün sənədlər qaydasındadır
15843841,Lalə Tağıyeva,11-17-87,,Bakalavr,İşləyən,2779,Avtomobil krediti,17130,təmir,14.44,1217.0,1,Xeyr,Xeyr,Təsdiqlənib,Müştərinin gəliri və krediti təsdiqləndi
61872358,Yusif Nəsirov,29/03/2006,Kişi,Bakalavr,Tələbə,292,Təhsil krediti,2445,əsas vəsaitlərin alınması - Biznes krediti,18.95,249.0,0,,Xeyr,Rədd edilib,Aşağı kredit reytinqi
81317823,Kəmalə Qasımova,03-24-07,Qadın,Bakalavr,Tələbə,165,Təhsil krediti,1816,əsas vəsaitlərin alınması - Biznes krediti,23.02,523.0,0,,Xeyr,Təsdiqlənib,Müştərinin gəliri və krediti təsdiqləndi
21401248,Lalə Səfərova,1988-07-15,,Bakalavr tehsili,İşləyən,3401,Nağd istehlak krediti,15026,şəxsi istehlak məqsədi,12.12,1122.0,1,Xeyr,Xeyr,Təsdiqlənib,Müştərinin gəliri və krediti təsdiqləndi
53491322,Tural Qasımov,1974-04-26, kişi ,Orta məktəb,İşsiz,267,Nağd istehlak krediti,649,tibbi xərclər,14.34,525.0,2,Xeyr,Bəli,Rədd edilib,'Qara siyahı'da olmaq
53653089,İbrahimov Orxan,1977-10-11, kişi ,Magistr,İşləyən,3458,Nağd istehlak krediti,12010,şəxsi istehlak məqsədi,22.88,1507.0,2,Xeyr,Xeyr,Təsdiqlənib,Bütün sənədlər qaydasındadır
34449327,Tural Quliyev,10-01-82,Kişi,Bakalavr,İşləyən,1160,Avtomobil krediti,31987,toy xərcləri,13.36,1150.0,4,Bəli,Xeyr,Rədd edilib,Gəlir çatışmazlığı
75469628,Rauf Vəliyev,1971-02-19,Kişi,Bakalavr tehsili,Sahibkar,7452,Mikro kredit,9216,Biznes krediti,13.19,1753.0,7,Xeyr,Xeyr,Təsdiqlənib,Bütün sənədlər qaydasındadır
12943960,Nərmin Vəliyeva,06-13-74,qadin,Bakalavr,İşləyən,2281,Nağd istehlak krediti,16538,məişət avadanlığı alışı,16.39,1512.0,3,Bəli,Xeyr,Təsdiqlənib,Bütün sənədlər qaydasındadır
96972878,Məhəmməd Rzayev,30/06/1997,Kişi,Bakalavr,İşləyən,3688 manat,Nağd istehlak krediti,6471,tibbi xərclər,22.15,1394.0,2,Bəli,Xeyr,Təsdiqlənib,Müştərinin gəliri və krediti təsdiqləndi
14355362,Əli Quliyev,1983-05-06,K,Magistr,İşləyən,2492,Nağd istehlak krediti,1568,toy xərcləri,20.86,481.0,1,Bəli,Xeyr,Rədd edilib,Aşağı kredit reytinqi
22303099,Cavid Tağıyev,04-22-86,K,Bakalavr,İşləyən,3591,Nağd istehlak krediti,9423,tibbi xərclər,14.64,1439.0,1,Bəli,Xeyr,Təsdiqlənib,Bütün sənədlər qaydasındadır
95076622,Ramin İsmayılov,1973-01-08, kişi ,Orta məktəb,İşsiz,27,Nağd istehlak krediti,684,toy xərcləri,12.46,100.0,2,Xeyr,Xeyr,Rədd edilib,Aşağı kredit reytinqi | Yoxlayıcı_ID: 652
17713379,Rauf Əhmədov,1975-04-24,,Bakalavr tehsili,İşləyən,3703,Avtomobil krediti,8694,toy xərcləri,18.59,678.0,4,Xeyr,Xeyr,Təsdiqlənib,Müştərinin gəliri və krediti təsdiqləndi
40469005,Fidan İsmayılova,01/03/1977,,Bakalavr,İşləyən,3000,Nağd istehlak krediti,3587,təmir,18.23,,2,Bəli,Xeyr,Təsdiqlənib,Bütün sənədlər qaydasındadır
81413691, Rauf İbrahimov ,12-30-87,,Bakalavr,İşləyən,2093,Nağd istehlak krediti,11552,toy xərcləri,12.58,1259.0,0,,Xeyr,Təsdiqlənib,Bütün sənədlər qaydasındadır
55630150,Emin Quliyev,05-19-93,,Bakalavr,İşləyən,2100,Nağd istehlak krediti,17927,tibbi xərclər,13.09,1005.0,1,Xeyr,Xeyr,Təsdiqlənib,Müştərinin gəliri və krediti təsdiqləndi
56347138,Uğur Tağıyev,06-04-88,K,Magistr,Sahibkar,7909,Mikro kredit,56183,dövriyyə vəsaitlərinin artırılması - Biznes krediti,24.21,1452.0,3,Xeyr,Bəli,Rədd edilib,'Qara siyahı'da olmaq
15826219,Zülfiyyə Məmmədova,04/02/1991,Qadın,Bakalavr,İşləyən,3342,Nağd istehlak krediti,9848,toy xərcləri,21.65,695.0,1,Xeyr,Xeyr,Təsdiqlənib,Aşağı kredit reytinqi
26346038,Zəhra Vəliyeva,1976-12-04,Qadın,Bakalavr tehsili,İşləyən,1743 manat,Nağd istehlak krediti,17981,tibbi xərclər,16.25,1316.0,3,Xeyr,Xeyr,Təsdiqlənib,Müştərinin gəliri və krediti təsdiqləndi
56029722,Ramin Qasımov,2006-06-06, kişi ,Bakalavr tehsili,Tələbə,297,Təhsil krediti,1620,əsas vəsaitlərin alınması - Biznes krediti,15.93,765.0,0,,Xeyr,Təsdiqlənib,Müştərinin gəliri və krediti təsdiqləndi
95938527,Fatimə Nəsirova,01/01/1995,,Bakalavr tehsili,İşləyən,1076,Nağd istehlak krediti,4412,tibbi xərclər,16.27,534.0,0,,Xeyr,Təsdiqlənib,Müştərinin gəliri və krediti təsdiqləndi | Yoxlayıcı_ID: 439
19362861,Orxan Qasımov,06/03/1987, kişi ,Bakalavr tehsili,İşləyən,1649,Nağd istehlak krediti,16696,təmir,16.9,556.0,3,Xeyr,Xeyr,Təsdiqlənib,Bütün sənədlər qaydasındadır
83925187,Rəna Əhmədova,06/08/1985,,Bakalavr tehsili,İşləyən,3496,Nağd istehlak krediti,6755,təmir,16.29,1363.0,3,Xeyr,Xeyr,Təsdiqlənib,Bütün sənədlər qaydasındadır
78259369,Şəbnəm Nəsirova,09/11/1992,Q,Orta məktəb,İşsiz,355 manat,Nağd istehlak krediti,697,təmir,22.66,413.0,0,,Xeyr,Rədd edilib,Aşağı kredit reytinqi
79033282,Emin Səfərov,30/01/1994,,Magistr,Sahibkar,5838,Mikro kredit,84165,əsas vəsaitlərin alınması - Biznes krediti,12.09,1306.0,7,Xeyr,Xeyr,Təsdiqlənib,Müştərinin gəliri və krediti təsdiqləndi
34286118,Səbinə Məmmədova,07-13-05,qadin,Bakalavr,Tələbə,221,Təhsil krediti,1675,Biznes krediti,18.55,437.0,1,Bəli,Xeyr,Rədd edilib,Aşağı kredit reytinqi
41263867,Əli Əhmədov,06-05-80,Kişi,Bakalavr,Sahibkar,8172,Mikro kredit,26415,dövriyyə vəsaitlərinin artırılması - Biznes krediti,21.89,1270.0,8,Bəli,Xeyr,Təsdiqlənib,Müştərinin gəliri və krediti təsdiqləndi
46988242,Nigar Babayeva,07-30-98,,Bakalavr tehsili,İşləyən,1455,Nağd istehlak krediti,10342 AZN,tibbi xərclər,23.92,767.0,4,Xeyr,Xeyr,Təsdiqlənib,Müştərinin gəliri və krediti təsdiqləndi
45643058,Zəhra Nəsirova,1981-10-14,Q,Bakalavr tehsili,İşləyən,2790,Nağd istehlak krediti,6229,tibbi xərclər,14.7,467.0,3,Bəli,Xeyr,Rədd edilib,Aşağı kredit reytinqi | Yoxlayıcı_ID: 454
70729992,Fidan Əhmədova,1976-11-05,Q,Magistr,İşləyən,1592,Avtomobil krediti,21007,tibbi xərclər,13.33,1527.0,2,Xeyr,Xeyr,Təsdiqlənib,Bütün sənədlər qaydasındadır
77378302,Cavid Nəsirov,09-26-98,,Bakalavr tehsili,İşləyən,3468,Nağd istehlak krediti,13431,təmir,17.64,1436.0,3,Bəli,Xeyr,Təsdiqlənib,Müştərinin gəliri və krediti təsdiqləndi
68971094,rauf i̇brahimov,05-21-92,Kişi,Bakalavr,İşləyən,1043,Nağd istehlak krediti,3040,məişət avadanlığı alışı,19.56,520.0,4,Xeyr,Xeyr,Təsdiqlənib,Bütün sənədlər qaydasındadır
90237565,Nihat Rəhimov,1993-01-02,Kişi,Magistr,İşləyən,2450 AZN,Nağd istehlak krediti,5399,məişət avadanlığı alışı,14.61,1121.0,1,Bəli,Xeyr,Təsdiqlənib,Bütün sənədlər qaydasındadır
59533112,Zəhra Cavadova,27/10/1985,Qadın,Magistr,Sahibkar,9357,Mikro kredit,62993,Biznes krediti,16.7,1264.0,8,Bəli,Xeyr,Təsdiqlənib,Bütün sənədlər qaydasındadır
29833923,Fərid Sultanov,1984-09-29,Kişi,Orta məktəb,İşsiz,7,Nağd istehlak krediti,743,toy xərcləri,12.26,534.0,0,,Bəli,Rədd edilib,'Qara siyahı'da olmaq
47705402,Murad Rüstəmov,11-25-67,,Bakalavr tehsili,Sahibkar,7810,Mikro kredit,46259,əsas vəsaitlərin alınması - Biznes krediti,13.61,1260.0,4,Bəli,Xeyr,Təsdiqlənib,Müştərinin gəliri və krediti təsdiqləndi
40385589,Sevinc Səfərova,1968-12-30,,Orta məktəb,İşsiz,231,Nağd istehlak krediti,465,təmir,12.23,274.0,1,Bəli,Xeyr,Rədd edilib,Aşağı kredit reytinqi
41808802,Əli İbrahimov,03-18-89,K,Magistr,İşləyən,3899,Nağd istehlak krediti,19807 AZN,təmir,13.99,954.0,3,Bəli,Xeyr,Təsdiqlənib,Müştərinin gəliri və krediti təsdiqləndi | Yoxlayıcı_ID: 705
35801219,Məryəm Quliyeva,1985-05-05,Qadın,Bakalavr tehsili,Sahibkar,3108,Mikro kredit,84792,əsas vəsaitlərin alınması - Biznes krediti,17.44,1718.0,4,Bəli,Xeyr,Rədd edilib,Gəlir çatışmazlığı
16360052,Fatimə Sultanova,07-06-71,Qadın,Orta məktəb,İşsiz,84,Nağd istehlak krediti,390,məişət avadanlığı alışı,23.33,520.0,2,Bəli,Bəli,Rədd edilib,'Qara siyahı'da olmaq
11273502,Nərmin Rəhimova,2005-12-30,,Bakalavr,Tələbə,202,Təhsil krediti,2988,dövriyyə vəsaitlərinin artırılması - Biznes krediti,19.89,587.0,0,,Xeyr,Təsdiqlənib,Müştərinin gəliri və krediti təsdiqləndi
30078436,Ləman Qasımova,1983-06-07,qadin,Magistr,İşləyən,1006,Nağd istehlak krediti,3913,məişət avadanlığı alışı,17.14,842.0,2,Xeyr,Xeyr,Təsdiqlənib,Müştərinin gəliri və krediti təsdiqləndi
62420487,Hüseyn Abdullayev,03/01/1973,Kişi,Magistr,İşləyən,3702,Nağd istehlak krediti,1659,şəxsi istehlak məqsədi,12.88,483.0,0,,Xeyr,Rədd edilib,Aşağı kredit reytinqi
37227303,Rauf Cəfərov,1966-07-17, kişi ,Orta məktəb,İşsiz,188,Nağd istehlak krediti,818,şəxsi istehlak məqsədi,22.15,400.0,1,Xeyr,Xeyr,Rədd edilib,Aşağı kredit reytinqi
44103025,Günel Hüseynova,13/01/1977,,Magistr,Sahibkar,6946,Mikro kredit,34350,əsas vəsaitlərin alınması - Biznes krediti,12.53,1315.0,6,Bəli,Xeyr,Təsdiqlənib,Müştərinin gəliri və krediti təsdiqləndi
22507372,Fatimə Rüstəmova,2002-03-26,qadin,Bakalavr tehsili,İşləyən,3885,Nağd istehlak krediti,1463,şəxsi istehlak məqsədi,13.42,1030.0,4,Bəli,Xeyr,Təsdiqlənib,Bütün sənədlər qaydasındadır
65987229,Günel Qasımova,04-16-72,Q,Magistr,Sahibkar,7407,Mikro kredit,32668,əsas vəsaitlərin alınması - Biznes krediti,11.44,1477.0,7,Bəli,Xeyr,Təsdiqlənib,Bütün sənədlər qaydasındadır
71190273, Nərmin Rəhimova ,02-14-76,Qadın,Orta məktəb,İşsiz,289,Nağd istehlak krediti,962 manat,toy xərcləri,13.24,530.0,1,Bəli,Xeyr,Təsdiqlənib,Müştərinin gəliri və krediti təsdiqləndi
81747310,Lalə Cavadova,13/08/1994,,Orta məktəb,İşsiz,136,Nağd istehlak krediti,761,tibbi xərclər,19.62,119.0,1,Bəli,Bəli,Rədd edilib,'Qara siyahı'da olmaq
85298921,Nərmin Tağıyeva,1989-04-18,Q,Bakalavr,İşləyən,"2,161",Nağd istehlak krediti,18774,toy xərcləri,23.05,1327.0,4,Xeyr,Xeyr,Təsdiqlənib,Müştərinin gəliri və krediti təsdiqləndi
97989451,Aydan Cəfərova,2004-04-25,Q,Bakalavr tehsili,Tələbə,161,Təhsil krediti,2029,Biznes krediti,18.1,444.0,1,Bəli,Xeyr,Rədd edilib,Aşağı kredit reytinqi | Yoxlayıcı_ID: 468
59778740,Kamal Babayev,1972-12-21,,Orta məktəb,İşsiz,11,Nağd istehlak krediti,860,məişət avadanlığı alışı,14.23,110.0,0,,Xeyr,Rədd edilib,Aşağı kredit reytinqi
45272932, Aylin Rəhimova ,12-15-83,,Bakalavr tehsili,İşləyən,1114,Nağd istehlak krediti,18293,təmir,14.44,1414.0,3,Xeyr,Xeyr,Təsdiqlənib,Müştərinin gəliri və krediti təsdiqləndi
70481428,Abdullayev Ramin,18/02/1968,K,Bakalavr tehsili,Sahibkar,,Mikro kredit,56436,Biznes krediti,14.61,1706.0,6,Xeyr,Xeyr,Təsdiqlənib,Müştərinin gəliri və krediti təsdiqləndi
61895961,Fərid Qasımov,07-26-99,K,Bakalavr,İşləyən,"1,072",Nağd istehlak krediti,10235,şəxsi istehlak məqsədi,23.9,,0,,Xeyr,Təsdiqlənib,Bütün sənədlər qaydasındadır
38580742,Aylin Tağıyeva,08-11-67,Qadın,Orta məktəb,İşsiz,303,Nağd istehlak krediti,973,şəxsi istehlak məqsədi,23.87,544.0,1,Xeyr,Xeyr,Təsdiqlənib,Gəlir çatışmazlığı
44076375,Rəşad Rüstəmov,21/05/2007,Kişi,Magistr,Tələbə,142,Təhsil kriditi,2374,dövriyyə vəsaitlərinin artırılması - Biznes krediti,23.73,673.0,0,Bəli,Xeyr,Təsdiqlənib,Müştərinin gəliri və krediti təsdiqləndi
48401572,Fatimə Babayeva,1972-03-15,Qadın,Bakalavr,İşləyən,3921,Avtomobil krediti,17012,məişət avadanlığı alışı,20.44,947.0,3,Bəli,Xeyr,Təsdiqlənib,Bütün sənədlər qaydasındadır
87481697,Rauf Abdullayev,07-04-80,K,Magistr,Sahibkar,7658,Mikro kredit,90526 AZN,dövriyyə vəsaitlərinin artırılması - Biznes krediti,21.95,1116.0,2,Bəli,Xeyr,Təsdiqlənib,Müştərinin gəliri və krediti təsdiqləndi
97542122,Ayan Quliyeva,02/11/2003,Qadın,Bakalavr tehsili,Tələbə,219,Təhsil krediti,818,Biznes krediti,17.2,530.0,0,,Xeyr,Təsdiqlənib,Bütün sənədlər qaydasındadır
65147877,Məryəm Cəfərova,03/11/1989,Q,Magistr,İşləyən,"2,764",Nağd istehlak krediti,4246,məişət avadanlığı alışı,11.64,1214.0,1,Bəli,Xeyr,Təsdiqlənib,Bütün sənədlər qaydasındadır
10677823,Murad Səfərov,09-30-75, kişi ,Bakalavr,Sahibkar,2802,Mikro kredit,19816,dövriyyə vəsaitlərinin artırılması - Biznes krediti,20.61,1472.0,5,Bəli,Xeyr,Təsdiqlənib,Müştərinin gəliri və krediti təsdiqləndi
83527854,Ramin İbrahimov,07-03-84,K,Bakalavr tehsili,İşləyən,3784,Nağd istehlak krediti,6636,təmir,21.67,1254.0,0,,Xeyr,Təsdiqlənib,Bütün sənədlər qaydasındadır | Yoxlayıcı_ID: 940
47172596,Zülfiyyə Səfərova,1975-05-16,qadin,Magistr,İşləyən,3775,Nağd istehlak krediti,"4,877",toy xərcləri,18.96,964.0,4,Xeyr,Xeyr,Təsdiqlənib,Müştərinin gəliri və krediti təsdiqləndi
71642511,Orxan Cavadov,20/07/2001,K,Bakalavr tehsili,İşləyən,2021,Nağd istehlak krediti,10582,toy xərcləri,11.02,1362.0,0,,Xeyr,Təsdiqlənib,Bütün sənədlər qaydasındadır | Yoxlayıcı_ID: 328
38442673,Səbinə Nəsirova,2001-04-05,Q,Magistr,İşləyən,1289,Nağd istehlak krediti,4901,tibbi xərclər,18.17,638.0,1,Xeyr,Xeyr,Təsdiqlənib,Müştərinin gəliri və krediti təsdiqləndi
82643800,Səbinə Nəsirova,1986-03-20,,Magistr,İşləyən,2610,Nağd istehlak krediti,3054 manat,məişət avadanlığı alışı,20.78,1432.0,3,Xeyr,Xeyr,Təsdiqlənib,Müştərinin gəliri və krediti təsdiqləndi | Yoxlayıcı_ID: 320
73065936,Emin Rəhimov,07-29-75,Kişi,Bakalavr tehsili,Sahibkar,8666,Mikro kredit,33595,dövriyyə vəsaitlərinin artırılması - Biznes krediti,13.8,1205.0,6,Xeyr,Xeyr,Təsdiqlənib,Bütün sənədlər qaydasındadır | Yoxlayıcı_ID: 452
91758961,Sevinc Əliyeva,1995-04-09,Qadın,Bakalvar tehsili,Sahibkar,9274,Mikro kredit,35208,əsas vəsaitlərin alınması - Biznes krediti,24.43,1130.0,3,Xeyr,Xeyr,Təsdiqlənib,Müştərinin gəliri və krediti təsdiqləndi
90761867,Orxan Nəsirov,12/03/1996,Kişi,Bakalavr tehsili,İşləyən,"1,883",Nağd istehlak krediti,1686,təmir,13.72,1068.0,3,Bəli,Xeyr,Təsdiqlənib,Bütün sənədlər qaydasındadır
29271289,Ləman İbrahimova,1976-10-14,qadin,Magistr,İşləyən,,Nağd istehlak krediti,6154,şəxsi istehlak məqsədi,19.07,699.0,1,Xeyr,Xeyr,Təsdiqlənib,Müştərinin gəliri və krediti təsdiqləndi
10661165,Zülfiyyə Rüstəmova,09-29-77,,Bakalavr tehsili,İşləyən,3360,Nağd istehlak krediti,3979,toy xərcləri,24.65,1333.0,0,,Xeyr,Təsdiqlənib,Bütün sənədlər qaydasındadır
21753469,Anar Vəliyev,09/12/1997,Kişi,Orta məktəb,İşsiz,65,Nağd istehlak krediti,681,toy xərcləri,20.87,238.0,1,Bəli,Xeyr,Rədd edilib,Aşağı kredit reytinqi
75202798,Kamal Rüstəmov,2007-09-01,,Bakalavr,Tələbə,246,Təhsil krediti,998 manat,əsas vəsaitlərin alınması - Biznes krediti,18.73,,0,,Xeyr,Təsdiqlənib,Bütün sənədlər qaydasındadır
91136651,Sevinc Məmmədova,20/09/1963,Q,Orta məktəb,İşsiz,382,Nağd istehlak krediti,961,toy xərcləri,21.57,391.0,1,Bəli,Bəli,Rədd edilib,'Qara siyahı'da olmaq
87211333,Uğur Rzayev,07-14-00, kişi ,Magistr,İşləyən,1507,Nağd istehlak krediti,15237,təmir,22.13,422.0,2,Bəli,Xeyr,Təsdiqlənib,Aşağı kredit reytinqi
76619767,Məhəmməd Abdullayev,08/12/1991, kişi ,Magistr,İşləyən,2774,Nağd istehlak krediti,19443,məişət avadanlığı alışı,19.91,554.0,4,Bəli,Bəli,Rədd edilib,'Qara siyahı'da olmaq
60088891,Lalə Səfərova,09-19-01,Q,Bakalavr,İşləyən,3724,Nağd istehlak krediti,2079,Təmir,24.3,686.0,3,Xeyr,Xeyr,Təsdiqlənib,Müştərinin gəliri və krediti təsdiqləndi
47572563,Uğur Rzayev,13/11/1983,,Bakalavr tehsili,Sahibkar,3955,Mikro kredit,41299,əsas vəsaitlərin alınması - Biznes krediti,12.61,1201.0,6,Bəli,Xeyr,Təsdiqlənib,Müştərinin gəliri və krediti təsdiqləndi
56943782,Əli Nəsirov,12-05-70,,Orta məktəb,İşsiz,219,Nağd istehlak krediti,848,toy xərcləri,21.41,123.0,1,Xeyr,Xeyr,Rədd edilib,Aşağı kredit reytinqi | Yoxlayıcı_ID: 611
92509473,Əli Məmmədov,1979-06-24,Kişi,Orta məktəb,İşsiz,313 AZN,Nağd istehlak krediti,435,tibbi xərclər,12.18,258.0,1,Xeyr,Xeyr,Rədd edilib,Aşağı kredit reytinqi
73001525,Şəbnəm Cavadova,15/07/1979,qadin,Bakalavr,İşləyən,2806,Avtomobil krediti,37701,şəxsi istehlak məqsədi,24.56,487.0,4,Bəli,Xeyr,Təsdiqlənib,Aşağı kredit reytinqi
59846102,Ramin Sultanov,04-03-72,Kişi,Bakalavr tehsili,İşləyən,1092,Nağd istehlak krediti,2294,təmir,14.61,852.0,1,Xeyr,Xeyr,Təsdiqlənib,Müştərinin gəliri və krediti təsdiqləndi
85581884,Nihat Rüstəmov,1983-12-10,,Magistr,İşləyən,,Nağd istehlak krediti,7420,tibbi xərclər,16.1,529.0,0,,Bəli,Rədd edilib,'Qara siyahı'da olmaq | Yoxlayıcı_ID: 506
34913143,Fatimə Nəsirova,1976-03-04,Qadın,Bakalavr tehsili,İşləyən,1642,Nağd istehlak krediti,18607,tibbi xərclər,15.46,1349.0,2,Bəli,Xeyr,Təsdiqlənib,Müştərinin gəliri və krediti təsdiqləndi
49096254, Hüseyn Tağıyev ,1971-07-01,Kişi,Bakalavr tehsili,İşləyən,3617,Nağd istehlak krediti,10447,təmir,19.48,1442.0,3,Bəli,Xeyr,Təsdiqlənib,Müştərinin gəliri və krediti təsdiqləndi
15628976,Kamal Hüseynov,24/02/1974, kişi ,Magistr,Sahibkar,9266,Mikro kredit,36807,Biznes krediti,14.87,1702.0,7,Bəli,Xeyr,Təsdiqlənib,Müştərinin gəliri və krediti təsdiqləndi
35103380,Murad Qasımov,1994-11-21, kişi ,Bakalavr tehsili,Sahibkar,9046,Mikro kredit,74409,əsas vəsaitlərin alınması - Biznes krediti,14.67,1068.0,8,Bəli,Xeyr,Təsdiqlənib,Bütün sənədlər qaydasındadır
83122014,Hüseyn Vəliyev,06-03-68,Kişi,Orta məktəb,İşsiz,,Nağd istehlak krediti,947,məişət avadanlığı alışı,17.25,,1,Bəli,Xeyr,Rədd edilib,Aşağı kredit reytinqi
93105544,Zəhra Nəsirova,06/07/1995,Q,Bakalavr tehsili,Sahibkar,8665,Mikro kredit,50556,Təmir,21.37,840.0,2,Bəli,Xeyr,Təsdiqlənib,Bütün sənədlər qaydasındadır | Yoxlayıcı_ID: 761
64273348,Aydan Əliyeva,12-18-71,qadin,Bakalavr,İşləyən,1087,Nağd istehlak krediti,1211,toy xərcləri,16.1,,4,Xeyr,Xeyr,Rədd edilib,Aşağı kredit reytinqi
65247515,Aysel Rzayeva,23/11/1988,,Bakalavr tehsili,İşləyən,1188,Nağd istehlak krediti,9450,şəxsi istehlak məqsədi,21.02,1594.0,1,Xeyr,Xeyr,Təsdiqlənib,Müştərinin gəliri və krediti təsdiqləndi
56686302,Nigar Tağıyeva,1991-03-01,qadin,Magistr,Sahibkar,7691,Mikro kredit,48011,Biznes krediti,24.04,1581.0,2,Bəli,Xeyr,Təsdiqlənib,Bütün sənədlər qaydasındadır
53578003,Emin İbrahimov,08-13-83, kişi ,Magistr,Sahibkar,3145,Mikro kredit,55146,əsas vəsaitlərin alınması - Biznes krediti,14.75,1256.0,6,Bəli,Xeyr,Təsdiqlənib,Müştərinin gəliri və krediti təsdiqləndi
25925284,Rauf Abdullayev,1974-01-19,Kişi,Bakalavr,Sahibkar,4077,Mikro kredit,61502,əsas vəsaitlərin alınması - Biznes krediti,21.02,1552.0,6,Xeyr,Xeyr,Təsdiqlənib,Bütün sənədlər qaydasındadır
30575426,Elvin Səfərov,1983-09-13,,Orta məktəb,İşsiz,265,Nağd istehlak krediti,424,tibbi xərclər,19.75,228.0,1,Xeyr,Xeyr,Rədd edilib,Aşağı kredit reytinqi | Yoxlayıcı_ID: 641
46597422,Yusif Qasımov,1992-09-05,K,Bakalavr tehsili,İşləyən,2519 AZN,Nağd istehlak krediti,13544,şəxsi istehlak məqsədi,19.68,1555.0,2,Xeyr,Xeyr,Təsdiqlənib,Bütün sənədlər qaydasındadır
96226909,Fatimə Cavadova,05-20-93,,Magistr,Sahibkar,7534,Mikro kredit,16183,əsas vəsaitlərin alınması - Biznes krediti,11.83,888.0,2,Xeyr,Xeyr,Təsdiqlənib,Müştərinin gəliri və krediti təsdiqləndi
50281231,Hüseynov Emin,2003-05-07,K,Bakalavr,Tələbə,109,Təhsil krediti,1110,dövriyyə vəsaitlərinin artırılması - Biznes krediti,24.63,420.0,0,,Xeyr,Rədd edilib,Aşağı kredit reytinqi
42683030,Sahil Sultanov,1985-09-03,Kişi,Magistr,İşləyən,3198,Avtomobil krediti,16248,təmir,11.26,1169.0,2,Xeyr,Xeyr,Təsdiqlənib,'Qara siyahı'da olmaq
69874463,Hüseyn İbrahimov,1969-04-02,K,Orta məktəb,İşsiz,377,Nağd istehlak krediti,818,şəxsi istehlak məqsədi,11.42,411.0,0,,Xeyr,Rədd edilib,Aşağı kredit reytinqi
91926928,Samir Hüseynov,1999-09-11, kişi ,Orta məktəb,İşsiz,225,Nağd istehlak krediti,512 manat,toy xərcləri,16.78,341.0,0,,Xeyr,Rədd edilib,Aşağı kredit reytinqi | Yoxlayıcı_ID: 723
61536274,Nihat Quliyev,10/03/1988,K,Bakalavr,İşləyən,2599,Nağd istehlak krediti,11826,tibbi xərclər,21.94,600.0,2,Bəli,Bəli,Rədd edilib,'Qara siyahı'da olmaq
12999236,Aydan Səfərova,09/09/2004,Qadın,Magistr,Tələbə,297,Təhsil krediti,1286,dövriyyə vəsaitlərinin artırılması - Biznes krediti,13.16,773.0,0,,Xeyr,Təsdiqlənib,Müştərinin gəliri və krediti təsdiqləndi | Yoxlayıcı_ID: 204
96129197,nihat hüseynov,1998-01-31, kişi ,Magistr,İşləyən,2189,Nağd istehlak krediti,14521,təmir,22.47,,2,Xeyr,Xeyr,Təsdiqlənib,Müştərinin gəliri və krediti təsdiqləndi
67909139,Cavid Əliyev,2000-04-13,Kişi,Bakalavr,İşləyən,1670,Avtomobil krediti,9742,toy xərcləri,21.52,583.0,3,Xeyr,Xeyr,Təsdiqlənib,Bütün sənədlər qaydasındadır
56286613,Tural İsmayılov,06-12-83, kişi ,Bakalavr,İşləyən,1462,Nağd istehlak krediti,12355,təmir,22.26,1423.0,3,Xeyr,Xeyr,Təsdiqlənib,Bütün sənədlər qaydasındadır
34921100,Aysel Nəsirova,11-12-75,Qadın,Bakalavr,İşləyən,1889,Avtomobil krediti,11580,toy xərcləri,15.6,759.0,0,,Xeyr,Təsdiqlənib,Müştərinin gəliri və krediti təsdiqləndi
31227400,Məryəm Qasımova,1976-03-29,Qadın,Bakalavr,İşləyən,3266,Nağd istehlak krediti,11860,tibbi xərclər,19.89,1006.0,3,Xeyr,Xeyr,Təsdiqlənib,Müştərinin gəliri və krediti təsdiqləndi
39684710,Zeynəb Quliyeva,05-13-79,Qadın,Magistr,İşləyən,1462,Nağd istehlak krediti,8092,təmir,15.58,1484.0,4,Bəli,Xeyr,Təsdiqlənib,Bütün sənədlər qaydasındadır
11945161,Uğur Hüseynov,18/09/1971, kişi ,Bakalavr,İşləyən,1152,Nağd istehlak krediti,1851,şəxsi istehlak məqsədi,22.28,1377.0,4,Xeyr,Xeyr,Təsdiqlənib,Bütün sənədlər qaydasındadır
97758091,Kamal İsmayılov,1987-05-14,,Magistr,Sahibkar,7825,Mikro kredit,53476,əsas vəsaitlərin alınması - Biznes krediti,14.72,957.0,6,Xeyr,Xeyr,Təsdiqlənib,Bütün sənədlər qaydasındadır | Yoxlayıcı_ID: 599
27917510,Murad İbrahimov,10/05/1998,,Magistr,İşləyən,1435,Nağd istehlak krediti,7656,məişət avadanlığı alışı,17.37,1013.0,1,Bəli,Xeyr,Təsdiqlənib,Müştərinin gəliri və krediti təsdiqləndi
62660022,Yusif Səfərov,08-07-92,Kişi,Bakalavr,Sahibkar,3657,Mikro kredit,77163,dövriyyə vəsaitlərinin artırılması - Biznes krediti,18.43,1424.0,5,Bəli,Xeyr,Təsdiqlənib,Bütün sənədlər qaydasındadır
81070068,Məhəmməd Səfərov,08-17-05,K,Magistr,Tələbə,177,Təhsil krediti,2368,əsas vəsaitlərin alınması - Biznes krediti,15.51,404.0,1,Bəli,Xeyr,Rədd edilib,Aşağı kredit reytinqi
48242391,Məhəmməd Rüstəmov,2001-03-09,Kişi,Bakalavr tehsili,İşləyən,"2,891",Avtomobil krediti,13055,toy xərcləri,13.85,674.0,2,Bəli,Xeyr,Təsdiqlənib,Bütün sənədlər qaydasındadır
84887723,Rəşad Qasımov,16/12/1982,,Orta məktəb,İşsiz,2,Nağd istehlak krediti,777,tibbi xərclər,21.57,590.0,1,Xeyr,Xeyr,Rədd edilib,Gəlir çatışmazlığı
84439943,Sevinc Tağıyeva,09-21-88,Qadın,Magistr,İşləyən,,Nağd istehlak krediti,18931,toy xərcləri,22.07,427.0,1,Xeyr,Bəli,Rədd edilib,'Qara siyahı'da olmaq
64704145,Elvin Sultanov,1960-12-12, kişi ,Orta məktəb,İşsiz,204,Nağd istehlak krediti,833,təmir,11.65,566.0,1,Xeyr,Xeyr,Təsdiqlənib,Müştərinin gəliri və krediti təsdiqləndi
64381356,Kamal Cəfərov,1987-11-17,,Bakalavr tehsili,Sahibkar,6362,Mikro kredit,72561,Biznes krediti,13.4,1074.0,7,Xeyr,Bəli,Rədd edilib,'Qara siyahı'da olmaq | Yoxlayıcı_ID: 250
76033358,Zülfiyyə Əhmədova,05/12/2002,Q,Magistr,Tələbə,274,Təhsil krediti,2653,əsas vəsaitlərin alınması - Biznes krediti,23.79,466.0,0,,Xeyr,Rədd edilib,Aşağı kredit reytinqi | Yoxlayıcı_ID: 578
96655751,Nəsirov Tural,1980-11-15, kişi ,Orta məktəb,İşsiz,335,Nağd istehlak krediti,750,şəxsi istehlak məqsədi,12.41,451.0,2,Bəli,Xeyr,Rədd edilib,Aşağı kredit reytinqi
33480926,Sevinc Səfərova,2000-03-31,qadin,Magistr,İşləyən,2074,Avtomobil krediti,29849,toy xərcləri,15.65,,0,,Xeyr,Təsdiqlənib,Bütün sənədlər qaydasındadır | Yoxlayıcı_ID: 922
92710950,Zeynəb Səfərova,2004-03-29,,Magistr,Tələbə,247,Təhsil krediti,2366,dövriyyə vəsaitlərinin artırılması - Biznes krediti,17.5,731.0,1,Bəli,Xeyr,Təsdiqlənib,Müştərinin gəliri və krediti təsdiqləndi
78324204,Məhəmməd Tağıyev,1986-01-27,K,Bakalavr tehsili,İşləyən,3636,Nağd istehlak krediti,15280,toy xərcləri,21.21,525.0,3,Xeyr,Xeyr,Təsdiqlənib,Bütün sənədlər qaydasındadır | Yoxlayıcı_ID: 137
21584488,Məryəm Vəliyeva,1993-01-19,,Bakalavr tehsili,İşləyən,3885,Nağd istehlak krediti,14724,təmir,11.32,1365.0,1,Xeyr,Xeyr,Təsdiqlənib,Müştərinin gəliri və krediti təsdiqləndi
73576977,Elvin Cavadov,12-01-94,K,Magistr,İşləyən,2606,Nağd istehlak krediti,5731,şəxsi istehlak məqsədi,24.1,910.0,1,Bəli,Xeyr,Təsdiqlənib,Müştərinin gəliri və krediti təsdiqləndi | Yoxlayıcı_ID: 777
60674698,Kamal İsmayılov,11-08-72,K,Bakalavr,Sahibkar,7161,Mikro kredit,63906 manat,dövriyyə vəsaitlərinin artırılması - Biznes krediti,12.26,1556.0,8,Bəli,Xeyr,Təsdiqlənib,Müştərinin gəliri və krediti təsdiqləndi
57288750,Orxan Abdullayev,24/10/1978,K,Orta məktəb,İşsiz,233,Nağd istehlak krediti,609,şəxsi istehlak məqsədi,18.95,343.0,2,Bəli,Xeyr,Rədd edilib,Aşağı kredit reytinqi
46823619,Uğur Quliyev,12/07/2000,Kişi,Bakalavr,İşləyən,1992,Nağd istehlak krediti,16101,məişət avadanlığı alışı,15.5,1057.0,0,,Xeyr,Təsdiqlənib,Müştərinin gəliri və krediti təsdiqləndi
46896781,Şəbnəm Rəhimova,01-25-87,Qadın,Bakalavr tehsili,İşləyən,2066,Nağd istehlak krediti,3810,tibbi xərclər,17.36,402.0,1,Xeyr,Xeyr,Rədd edilib,Aşağı kredit reytinqi
45417581,Murad Qasımov,15/03/1980,Kişi,Orta məktəb,İşsiz,13,Nağd istehlak krediti,949,şəxsi istehlak məqsədi,18.89,483.0,1,Xeyr,Xeyr,Rədd edilib,Aşağı kredit reytinqi
31792140,Aydan İbrahimova,07/02/2002,Q,Magistr,İşləyən,2646,Nağd istehlak krediti,15858,təmir,20.74,1105.0,2,Xeyr,Xeyr,Təsdiqlənib,Bütün sənədlər qaydasındadır
88237817,Elvin Rəhimov,01-07-79,Kişi,Bakalavr tehsili,İşləyən,3060,Nağd istehlak krediti,2475,təmir,16.02,951.0,4,Xeyr,Xeyr,Təsdiqlənib,Müştərinin gəliri və krediti təsdiqləndi
80267501,Zülfiyyə Cavadova,09/06/1984,qadin,Bakalavr tehsili,İşləyən,2718,Avtomobil krediti,22938,toy xərcləri,23.91,1188.0,2,Xeyr,Xeyr,Təsdiqlənib,Bütün sənədlər qaydasındadır
75766707,Fatimə Babayeva,07-05-70,qadin,Bakalavr,Sahibkar,2637,Mikro kredit,64151,Biznes krediti,11.13,1209.0,8,Xeyr,Xeyr,Rədd edilib,Gəlir çatışmazlığı
76021836,Nərmin Hüseynova,07/06/2003,Q,Bakalavr,Tələbə,191,Təhsil krediti,2180,dövriyyə vəsaitlərinin artırılması - Biznes krediti,15.25,285.0,0,,Xeyr,Rədd edilib,Aşağı kredit reytinqi | Yoxlayıcı_ID: 978
42790491,Samir Rəhimov,2005-10-29,K,Bakalavr tehsili,Tələbə,274,Təhsil krediti,1926,əsas vəsaitlərin alınması - Biznes krediti,20.19,330.0,0,,Xeyr,Rədd edilib,Aşağı kredit reytinqi | Yoxlayıcı_ID: 476
78120878,ayan hüseynova,07/03/1974,Q,Magistr,İşləyən,1244,Avtomobil krediti,12244,tibbi xərclər,21.03,1316.0,3,Bəli,Xeyr,Təsdiqlənib,Bütün sənədlər qaydasındadır
67053435,Ramin Nəsirov,17/09/1963,,Orta məktəb,İşsiz,113,Nağd istehlak krediti,751 manat,məişət avadanlığı alışı,14.87,564.0,2,Bəli,Xeyr,Təsdiqlənib,Müştərinin gəliri və krediti təsdiqləndi
71076651,Rauf Abdullayev,28/06/2001,,Bakalavr tehsili,İşləyən,1970,Nağd istehlak krediti,"2,355",şəxsi istehlak məqsədi,12.81,1508.0,0,,Xeyr,Təsdiqlənib,Bütün sənədlər qaydasındadır | Yoxlayıcı_ID: 180
17195086,Uğur Abdullayev,1998-09-15,,Magistr,İşləyən,3176 AZN,Avtomobil krediti,16484,tibbi xərclər,14.88,727.0,3,Xeyr,Xeyr,Təsdiqlənib,Bütün sənədlər qaydasındadır
51790781,Günel Əhmədova,15/07/1991,,Orta məktəb,İşsiz,42,Nağd istehlak krediti,304,təmir,12.61,215.0,0,,Bəli,Rədd edilib,'Qara siyahı'da olmaq | Yoxlayıcı_ID: 353
96968242,Əli Tağıyev,05-07-85, kişi ,Bakalavr,İşləyən,2911,Avtomobil krediti,19390,tibbi xərclər,23.07,1228.0,2,Xeyr,Xeyr,Təsdiqlənib,Müştərinin gəliri və krediti təsdiqləndi
86758675,Əli İbrahimov,22/07/1977, kişi ,Orta məktəb,İşsiz,353,Nağd istehlak krediti,733,şəxsi istehlak məqsədi,12.68,389.0,2,Xeyr,Xeyr,Rədd edilib,Aşağı kredit reytinqi
28967087,Sevinc İbrahimova,1972-10-01,,Orta məktəb,İşsiz,150,Nağd istehlak krediti,964,təmir,23.52,210.0,0,,Xeyr,Rədd edilib,Aşağı kredit reytinqi | Yoxlayıcı_ID: 502
30524871,orxan qasımov,1991-07-28,,Bakalavr,Sahibkar,4012,Mikro kredit,31876,Biznes krediti,17.63,1346.0,6,Xeyr,Xeyr,Təsdiqlənib,Bütün sənədlər qaydasındadır | Yoxlayıcı_ID: 375
43858966, Murad Abdullayev ,1989-05-17,K,Bakalavr,Sahibkar,4730,Mikro kredit,36165,əsas vəsaitlərin alınması - Biznes krediti,12.47,1677.0,7,Xeyr,Xeyr,Təsdiqlənib,Gəlir çatışmazlığı | Yoxlayıcı_ID: 188
96611283,Lalə Rüstəmova,10-19-87,,Magistr,İşləyən,2987,Nağd istehlak krediti,13548,şəxsi istehlak məqsədi,22.88,1024.0,0,,Xeyr,Təsdiqlənib,'Qara siyahı'da olmaq
17669276,Lalə İsmayılova,26/04/1973,Q,Bakalavr,İşləyən,1094,Nağd istehlak krediti,6510,təmir,24.64,952.0,3,Xeyr,Xeyr,Təsdiqlənib,Bütün sənədlər qaydasındadır
55558558,Anar Əliyev,27/02/1971,,Magistr,İşləyən,993,Nağd istehlak krediti,18380,şəxsi istehlak məqsədi,11.45,666.0,0,,Xeyr,Təsdiqlənib,Bütün sənədlər qaydasındadır
80754761,Kamal Rzayev,1981-09-13,Kişi,Magistr,İşləyən,2659,Nağd istehlak krediti,13923,təmir,15.33,739.0,4,Xeyr,Xeyr,Təsdiqlənib,Müştərinin gəliri və krediti təsdiqləndi
16591587,Yusif Rüstəmov,14/12/1995, kişi ,Bakalavr tehsili,İşləyən,3225,Nağd istehlak krediti,6192,məişət avadanlığı alışı,14.4,1061.0,3,Bəli,Xeyr,Təsdiqlənib,Bütün sənədlər qaydasındadır
84342073,Fərid Hüseynov,03-07-83,Kişi,Bakalavr,Sahibkar,8437,Mikro kredit,25910,dövriyyə vəsaitlərinin artırılması - Biznes krediti,22.8,1784.0,4,Xeyr,Xeyr,Təsdiqlənib,Səhv və ya natamam müraciət
84366544,Nərmin Nəsirova,1987-06-16,Qadın,Orta məktəb,İşsiz,34,Nağd istehlak krediti,613,təmir,24.97,465.0,0,,Bəli,Təsdiqlənib,'Qara siyahı'da olmaq | Yoxlayıcı_ID: 592
32573017,Aydan Hüseynova,18/01/1998,Q,Magistr,İşləyən,2349,Nağd istehlak krediti,3798,şəxsi istehlak məqsədi,23.64,1242.0,4,Xeyr,Bəli,Rədd edilib,'Qara siyahı'da olmaq
70264372,Orxan Cəfərov,03/08/1985, kişi ,Bakalavr tehsili,Sahibkar,4673,Mikro kredit,85543,Biznes krediti,20.6,1036.0,3,Bəli,Xeyr,Təsdiqlənib,Bütün sənədlər qaydasındadır
28419156,Rauf Quliyev,1985-02-11,Kişi,Bakalavr tehsili,İşləyən,2977,Nağd istehlak krediti,16297,məişət avadanlığı alışı,15.8,1462.0,3,Xeyr,Xeyr,Təsdiqlənib,Bütün sənədlər qaydasındadır
27315803,Tural Rəhimov,01-25-96,Kişi,Orta məktəb,İşsiz,312,Nağd istehlak krediti,697,təmir,12.89,600.0,2,Bəli,Xeyr,Təsdiqlənib,Müştərinin gəliri və krediti təsdiqləndi
47894973,Rəşad Rəhimov,1986-04-10,K,Orta məktəb,İşsiz,176,Nağd istehlak krediti,858,tibbi xərclər,16.73,560.0,2,Bəli,Xeyr,Təsdiqlənib,Müştərinin gəliri və krediti təsdiqləndi
42660488,Cavid Abdullayev,1967-06-17,Kişi,Magistr,Sahibkar,3675,Mikro kredit,59975,Biznes krediti,22.28,968.0,3,Xeyr,Xeyr,Təsdiqlənib,Bütün sənədlər qaydasındadır
51708593,Rauf Hüseynov,10/05/1987,Kişi,Bakalavr tehsili,Sahibkar,9120 manat,Mikro kredit,57705,dövriyyə vəsaitlərinin artırılması - Biznes krediti,10.95,,6,Xeyr,Xeyr,Təsdiqlənib,Müştərinin gəliri və krediti təsdiqləndi
23286610,Yusif Sultanov,1998-10-11,Kişi,Bakalavr,İşləyən,2585,Nağd istehlak krediti,13573 AZN,tibbi xərclər,13.28,669.0,1,Xeyr,Xeyr,Təsdiqlənib,Bütün sənədlər qaydasındadır
67942669,Rəşad Səfərov,2002-04-19, kişi ,Bakalavr tehsili,İşləyən,1365,Nağd istehlak krediti,3325,məişət avadanlığı alışı,15.83,791.0,3,Xeyr,Xeyr,Təsdiqlənib,Müştərinin gəliri və krediti təsdiqləndi
62157885,Ləman Sultanova,1981-02-05,qadin,Bakalavr tehsili,İşləyən,1076,Nağd istehlak krediti,9931,toy xərcləri,23.75,510.0,3,Xeyr,Xeyr,Təsdiqlənib,İş stajı yetərsizdir
64760161,Elvin Səfərov,1981-04-09,K,Magistr,Sahibkar,7792,Mikro kredit,17729,dövriyyə vəsaitlərinin artırılması - Biznes krediti,16.3,865.0,8,Xeyr,Xeyr,Təsdiqlənib,Müştərinin gəliri və krediti təsdiqləndi | Yoxlayıcı_ID: 146
71847266,Zeynəb Abdullayeva,04-16-93,,Magistr,İşləyən,1867,Nağd istehlak krediti,9843 manat,tibbi xərclər,19.05,1319.0,3,Xeyr,Bəli,Rədd edilib,'Qara siyahı'da olmaq
56363710,Kamal Qasımov,02-13-97,,Orta məktəb,İşsiz,211,Nağd istehlak krediti,972,toy xərcləri,20.94,306.0,1,Xeyr,Xeyr,Rədd edilib,Aşağı kredit reytinqi
64876568,Rəşad Rzayev,1999-03-05,,Orta məktəb,İşsiz,332,Nağd istehlak krediti,567,şəxsi istehlak məqsədi,18.47,367.0,1,Xeyr,Xeyr,Rədd edilib,Aşağı kredit reytinqi | Yoxlayıcı_ID: 740
53039977,Fidan Nəsirova,1983-11-05,Qadın,Bakalavr,İşləyən,895,Avtomobil krediti,23697,məişət avadanlığı alışı,12.22,1008.0,4,Xeyr,Xeyr,Rədd edilib,Gəlir çatışmazlığı
61080556,Orxan Babayev,03-21-77,K,Magistr,İşləyən,2579,Nağd istehlak krediti,2825,şəxsi istehlak məqsədi,22.74,1164.0,0,,Xeyr,Təsdiqlənib,Bütün sənədlər qaydasındadır | Yoxlayıcı_ID: 394
16942416, Yusif Rüstəmov ,1979-08-30, kişi ,Bakalavr tehsili,İşləyən,1568,Nağd istehlak krediti,19876,təmir,23.18,1550.0,2,Bəli,Xeyr,Təsdiqlənib,Müştərinin gəliri və krediti təsdiqləndi
29634967,Fərid Əliyev,2005-12-16,,Magistr,Tələbə,174,Təhsil krediti,1755,əsas vəsaitlərin alınması - Biznes krediti,18.65,772.0,0,,Xeyr,Təsdiqlənib,Müştərinin gəliri və krediti təsdiqləndi
44128000,Sevinc Nəsirova,1994-05-27,Q,Magistr,Sahibkar,7137,Mikro kredit,34756,əsas vəsaitlərin alınması - Biznes krediti,12.79,939.0,7,Xeyr,Xeyr,Təsdiqlənib,Bütün sənədlər qaydasındadır
92506881,Aylin Tağıyeva,25/03/2006,Qadın,Magistr,Tələbə,106,Təhsil krediti,1465,Biznes krediti,17.98,766.0,0,,Xeyr,Təsdiqlənib,Bütün sənədlər qaydasındadır
20171345,nərmin rəhimova,1971-07-17,Q,Magistr,İşləyən,2368,Nağd istehlak krediti,10592,şəxsi istehlak məqsədi,16.2,844.0,3,Xeyr,Xeyr,Təsdiqlənib,Bütün sənədlər qaydasındadır | Yoxlayıcı_ID: 803
45965020,Uğur Məmmədov,1977-02-04, kişi ,Bakalavr,İşləyən,2398 manat,Avtomobil krediti,9291,məişət avadanlığı alışı,21.31,1489.0,3,Bəli,Xeyr,Təsdiqlənib,Bütün sənədlər qaydasındadır
74377905,Samir İsmayılov,10/07/1987,K,Magistr,İşləyən,3057,Nağd istehlak krediti,11148,tibbi xərclər,17.25,1060.0,4,Bəli,Xeyr,Təsdiqlənib,Müştərinin gəliri və krediti təsdiqləndi
96686968,Sevinc İbrahimova,03/01/1991,,Magistr,Sahibkar,9684,Mikro kredit,11976,əsas vəsaitlərin alınması - Biznes krediti,24.16,993.0,2,Xeyr,Xeyr,Təsdiqlənib,Müştərinin gəliri və krediti təsdiqləndi
33144436,Kəmalə Vəliyeva,23/02/1967,,Bakalavr tehsili,Sahibkar,7822,Mikro kredit,96405,Biznes krediti,21.95,1448.0,5,Xeyr,Xeyr,Təsdiqlənib,Bütün sənədlər qaydasındadır | Yoxlayıcı_ID: 323
58563377,Zeynəb Əliyeva,09/01/1982,qadin,Orta məktəb,İşsiz,247 manat,Nağd istehlak krediti,412,məişət avadanlığı alışı,24.3,114.0,1,Bəli,Xeyr,Rədd edilib,Aşağı kredit reytinqi | Yoxlayıcı_ID: 843
61440587,Orxan İbrahimov,1982-10-13,,Bakalavr tehsili,İşləyən,1502,Avtomobil krediti,15049,şəxsi istehlak məqsədi,19.87,413.0,4,Bəli,Xeyr,Rədd edilib,Aşağı kredit reytinqi
75322677,Zəhra İbrahimova,1980-11-04,Q,Bakalavr,İşləyən,1190,Nağd istehlak krediti,15417,təmir,22.89,540.0,0,,Xeyr,Təsdiqlənib,Bütün sənədlər qaydasındadır | Yoxlayıcı_ID: 575
50590202,Əli Abdullayev,10-17-99, kişi ,Orta məktəb,İşsiz,156,Nağd istehlak krediti,816,məişət avadanlığı alışı,13.3,597.0,1,Xeyr,Xeyr,Təsdiqlənib,Müştərinin gəliri və krediti təsdiqləndi
23523043,Səbinə Hüseynova,1999-01-08,Qadın,Magistr,İşləyən,850,Avtomobil krediti,29272,toy xərcləri,18.24,455.0,3,Bəli,Xeyr,Rədd edilib,Aşağı kredit reytinqi
74186749,Kamal Əliyev,28/03/1971,,Bakalavr,İşləyən,1036,Nağd istehlak krediti,7819,məişət avadanlığı alışı,22.66,1480.0,3,Xeyr,Xeyr,Təsdiqlənib,Müştərinin gəliri və krediti təsdiqləndi
44363241,Vəliyeva Günel,01/06/2004,Q,Magistr,Tələbə,194,Təhsil krediti,2896,Biznes krediti,20.58,270.0,0,,Xeyr,Rədd edilib,Aşağı kredit reytinqi
54028910,Orxan Qasımov,02-22-04,,Bakalavr,Tələbə,240,Təhsil krediti,1540,dövriyyə vəsaitlərinin artırılması - Biznes krediti,20.78,706.0,0,,Xeyr,Təsdiqlənib,Bankın kredit şərtlərinə uyğun deyil
60288706,Kəmalə Cəfərova,01-08-86,,Magistr,İşləyən,1764,Nağd istehlak krediti,9486,toy xərcləri,12.08,1230.0,0,,Xeyr,Təsdiqlənib,Müştərinin gəliri və krediti təsdiqləndi | Yoxlayıcı_ID: 320
34506530,Nərmin Məmmədova,2001-10-08,,Magistr,İşləyən,"1,960",Avtomobil krediti,11398,toy xərcləri,19.61,1530.0,4,Xeyr,Xeyr,Təsdiqlənib,Bütün sənədlər qaydasındadır
96734076,Tural Rüstəmov,1987-05-21,K,Bakalavr,İşləyən,,Nağd istehlak krediti,15210,məişət avadanlığı alışı,19.72,528.0,1,Bəli,Xeyr,Təsdiqlənib,Müştərinin gəliri və krediti təsdiqləndi | Yoxlayıcı_ID: 986
79050639,Ayan İbrahimova,2002-09-14,qadin,Bakalavr tehsili,İşləyən,2077 AZN,Nağd istehlak krediti,929,şəxsi istehlak məqsədi,13.88,1490.0,1,Xeyr,Xeyr,Təsdiqlənib,Bütün sənədlər qaydasındadır
15753974,zülfiyyə hüseynova,12-17-99,,Orta məktəb,İşsiz,101,Nağd istehlak krediti,599,toy xərcləri,17.69,186.0,0,,Xeyr,Rədd edilib,Aşağı kredit reytinqi | Yoxlayıcı_ID: 436
99659878,Məhəmməd İbrahimov,05/03/1971, kişi ,Bakalavr,İşləyən,1225,Nağd istehlak krediti,8803,şəxsi istehlak məqsədi,23.91,1210.0,4,Xeyr,Xeyr,Təsdiqlənib,Müştərinin gəliri və krediti təsdiqləndi
92502569,Nihat Rəhimov,1981-10-02,K,Bakalavr,Sahibkar,3210,Mikro kredit,96575,əsas vəsaitlərin alınması - Biznes krediti,11.75,905.0,6,Bəli,Xeyr,Rədd edilib,Gəlir çatışmazlığı
98063331,Hüseyn Rüstəmov,05-21-91,Kişi,Bakalavr tehsili,Sahibkar,,Mikro kredit,25187,əsas vəsaitlərin alınması - Biznes krediti,13.45,938.0,5,Xeyr,Xeyr,Təsdiqlənib,Bütün sənədlər qaydasındadır
22047302,Orxan Rəhimov,18/09/2004,,Bakalavr,Tələbə,237,Təhsil krediti,1260 AZN,Biznes krediti,24.29,775.0,0,,Xeyr,Təsdiqlənib,Bütün sənədlər qaydasındadır
27035128,Şəbnəm İsmayılova,24/07/1987,Qadın,Bakalavr,İşləyən,1455,Nağd istehlak krediti,14811,tibbi xərclər,20.0,862.0,4,Bəli,Xeyr,Təsdiqlənib,Müştərinin gəliri və krediti təsdiqləndi
81337893,Orxan Abdullayev,11-15-75, kişi ,Bakalavr,İşləyən,1676,Nağd istehlak krediti,13650,məişət avadanlığı alışı,24.96,1111.0,3,Xeyr,Xeyr,Təsdiqlənib,Bütün sənədlər qaydasındadır
41885347,Əli Məmmədov,1990-04-02, kişi ,Bakalavr tehsili,İşləyən,2109,Nağd istehlak krediti,10007,tibbi xərclər,20.16,547.0,1,Bəli,Xeyr,Təsdiqlənib,Bütün sənədlər qaydasındadır | Yoxlayıcı_ID: 106
38628729,Fidan Rüstəmova,25/04/1999,Q,Magistr,İşləyən,2875,Nağd istehlak krediti,2580,məişət avadanlığı alışı,13.64,1378.0,4,Bəli,Xeyr,Təsdiqlənib,Bütün sənədlər qaydasındadır
45588181,Sahil Quliyev,04/04/1975,K,Orta məktəb,İşsiz,5,Nağd istehlak krediti,844 AZN,şəxsi istehlak məqsədi,17.9,265.0,1,Xeyr,Xeyr,Rədd edilib,Aşağı kredit reytinqi
70450616,Fidan Məmmədova,05-09-05,Qadın,Magistr,Tələbə,257 AZN,Təhsil krediti,2128,əsas vəsaitlərin alınması - Biznes krediti,21.28,510.0,0,,Xeyr,Təsdiqlənib,Müştərinin gəliri və krediti təsdiqləndi | Yoxlayıcı_ID: 321
30456300,Zeynəb Qasımova,2007-07-27,Q,Magistr,Tələbə,248,Təhsil krediti,2589,dövriyyə vəsaitlərinin artırılması - Biznes krediti,22.11,541.0,0,,Xeyr,Təsdiqlənib,Bütün sənədlər qaydasındadır
36205087,Sahil Babayev,1984-09-23,Kişi,Magistr,İşləyən,3114,Nağd istehlak krediti,11662,təmir,22.96,906.0,1,Bəli,Xeyr,Təsdiqlənib,Müştərinin gəliri və krediti təsdiqləndi
67609844,Anar Əliyev,03-06-67,,Orta məktəb,İşsiz,9,Nağd istehlak krediti,741,təmir,11.83,195.0,0,,Xeyr,Rədd edilib,Aşağı kredit reytinqi
10871311,Kəmalə Hüseynova,1992-05-30,qadin,Orta məktəb,İşsiz,168,Nağd istehlak krediti,912,təmir,13.31,100.0,1,Xeyr,Bəli,Rədd edilib,'Qara siyahı'da olmaq
23846148,Anar İbrahimov,26/06/1974,Kişi,Magistr,İşləyən,2971,Nağd istehlak krediti,13995,şəxsi istehlak məqsədi,23.22,1246.0,3,Bəli,Xeyr,Təsdiqlənib,Bütün sənədlər qaydasındadır
84079008,Aylin Əliyeva,08/03/2005,Qadın,Bakalavr tehsili,Tələbə,262,Təhsil krediti,2575,Biznes krediti,24.02,663.0,1,Xeyr,Xeyr,Təsdiqlənib,Müştərinin gəliri və krediti təsdiqləndi
89845172,Samir Səfərov,01-18-92, kişi ,Bakalvar tehsili,İşləyən,3060 manat,Nağd istehlak krediti,4316,tibbi xərclər,17.67,505.0,2,Xeyr,Xeyr,Təsdiqlənib,Müştərinin gəliri və krediti təsdiqləndi
30708559,Məhəmməd Qasımov,26/03/1984,K,Bakalavr tehsili,İşləyən,2387,Nağd istehlak krediti,15264,tibbi xərclər,14.46,1128.0,4,Xeyr,Xeyr,Təsdiqlənib,Müştərinin gəliri və krediti təsdiqləndi | Yoxlayıcı_ID: 231
20572498,Rauf Sultanov,18/02/1988,,Magistr,Sahibkar,2816,Mikro kredit,31256,dövriyyə vəsaitlərinin artırılması - Biznes krediti,24.0,877.0,5,Xeyr,Xeyr,Təsdiqlənib,Müştərinin gəliri və krediti təsdiqləndi | Yoxlayıcı_ID: 926
96954737,Rauf Hüseynov,09-22-74, kişi ,Magistr,İşləyən,2929 manat,Nağd istehlak krediti,13769,təmir,13.55,985.0,2,Bəli,Xeyr,Təsdiqlənib,Müştərinin gəliri və krediti təsdiqləndi
99174829,Ramin Quliyev,03-11-04,,Bakalavr,Tələbə,252,Təhsil krediti,2251 AZN,Biznes krediti,12.02,524.0,0,,Xeyr,Təsdiqlənib,'Qara siyahı'da olmaq
62973166, Nigar Səfərova ,20/08/2007,Qadın,Bakalavr tehsili,Tələbə,279,Təhsil krediti,1342,Biznes krediti,22.92,258.0,1,Bəli,Xeyr,Rədd edilib,Aşağı kredit reytinqi
81565525,Şəbnəm Nəsirova,24/10/2003,Qadın,Magistr,Tələbə,228,Təhsil krediti,1480,Biznes krediti,21.68,515.0,0,,Xeyr,Təsdiqlənib,Bütün sənədlər qaydasındadır
16383294,Samir Qasımov,23/10/1969, kişi ,Bakalavr,Sahibkar,4039,Mikro kredit,84954,Biznes krediti,14.79,1572.0,7,Xeyr,Bəli,Rədd edilib,'Qara siyahı'da olmaq
62624398,Nihat Vəliyev,05-15-89,,Bakalavr,Sahibkar,9067,Mikro kredit,85737,əsas vəsaitlərin alınması - Biznes krediti,13.45,1075.0,4,Bəli,Xeyr,Təsdiqlənib,Bütün sənədlər qaydasındadır
44949139,Murad Hüseynov,14/09/1962,K,Orta məktəb,İşsiz,104,Nağd istehlak krediti,701,təmir,19.87,132.0,2,Bəli,Xeyr,Rədd edilib,Aşağı kredit reytinqi
58477130,Fərid Sultanov,02-21-93,,Magistr,İşləyən,3551,Nağd istehlak krediti,3800,toy xərcləri,13.7,557.0,2,Bəli,Bəli,Rədd edilib,'Qara siyahı'da olmaq
84945469,Sevinc Qasımova,19/09/1993,qadin,Orta məktəb,İşsiz,237,Nağd istehlak krediti,461,şəxsi istehlak məqsədi,16.82,390.0,1,Xeyr,Xeyr,Rədd edilib,Aşağı kredit reytinqi | Yoxlayıcı_ID: 799
41489084,Sahil Rəhimov,1996-08-01,Kişi,Orta məktəb,İşsiz,182,Nağd istehlak krediti,881,məişət avadanlığı alışı,24.85,344.0,1,Xeyr,Xeyr,Rədd edilib,Aşağı kredit reytinqi
64288895,Fərid Babayev,01-02-73, kişi ,Bakalavr,İşləyən,1557,Nağd istehlak krediti,19331,təmir,19.31,1468.0,4,Bəli,Xeyr,Təsdiqlənib,Müştərinin gəliri və krediti təsdiqləndi
82040782,Cavid Cəfərov,05-22-06,Kişi,Bakalavr tehsili,Tələbə,223,Təhsil krediti,2150,əsas vəsaitlərin alınması - Biznes krediti,10.92,410.0,1,Xeyr,Xeyr,Rədd edilib,Aşağı kredit reytinqi
68741943,Sevinc Rüstəmova,2006-09-28,qadin,Magistr,Tələbə,433399,Təhsil krediti,1622,Biznes krediti,13.6,374.0,1,Bəli,Xeyr,Rədd edilib,Aşağı kredit reytinqi
38366400,Murad Cəfərov,25/01/1973,K,Bakalavr tehsili,İşləyən,3853,Nağd istehlak krediti,18491,tibbi xərclər,18.19,693.0,1,Bəli,Xeyr,Təsdiqlənib,Müştərinin gəliri və krediti təsdiqləndi
71956374,Ləman Nəsirova,1987-10-13,,Bakalvar tehsili,İşləyən,1878,Nağd istehlak krediti,1851,məişət avadanlığı alışı,14.62,886.0,1,Xeyr,Xeyr,Təsdiqlənib,Müştərinin gəliri və krediti təsdiqləndi | Yoxlayıcı_ID: 577
54524388,Aydan Hüseynova,1999-09-21,,Bakalavr tehsili,İşləyən,2180,Nağd istehlak krediti,6147,məişət avadanlığı alışı,11.11,817.0,4,Bəli,Bəli,Rədd edilib,'Qara siyahı'da olmaq
88215843,Sevinc İsmayılova,12-20-80,,Bakalavr,İşləyən,3999,Nağd istehlak krediti,18491,şəxsi istehlak məqsədi,23.26,1075.0,1,Xeyr,Xeyr,Təsdiqlənib,Bütün sənədlər qaydasındadır
80692862,Kamal İsmayılov,03-14-06, kişi ,Bakalavr,Tələbə,221,Təhsil krediti,2987,dövriyyə vəsaitlərinin artırılması - Biznes krediti,18.17,783.0,0,,Xeyr,Təsdiqlənib,Müştərinin gəliri və krediti təsdiqləndi
12501322, Fərid Məmmədov ,04-13-87,Kişi,Bakalavr tehsili,İşləyən,1285,Nağd istehlak krediti,1272,təmir,14.2,1489.0,4,Xeyr,Xeyr,Təsdiqlənib,Müştərinin gəliri və krediti təsdiqləndi
51792060,Sahil Əliyev,13/12/2002,K,Bakalavr,Tələbə,212,Təhsil krediti,2597,dövriyyə vəsaitlərinin artırılması - Biznes krediti,18.94,482.0,0,,Xeyr,Rədd edilib,Aşağı kredit reytinqi
36521522,Aydan Rzayeva,1979-04-30,,Magistr,İşləyən,3014,Nağd istehlak krediti,15346,təmir,24.6,,3,Xeyr,Xeyr,Təsdiqlənib,Müştərinin gəliri və krediti təsdiqləndi
54396452,Uğur Məmmədov,06-18-77,Kişi,Bakalavr,İşləyən,3150,Nağd istehlak krediti,5836 AZN,toy xərcləri,22.66,1592.0,0,,Xeyr,Təsdiqlənib,Bütün sənədlər qaydasındadır
83557914,Məhəmməd Rəhimov,1974-11-28,,Bakalavr tehsili,Sahibkar,8395,Mikro kredit,28499,dövriyyə vəsaitlərinin artırılması - Biznes krediti,14.78,1222.0,5,Xeyr,Xeyr,Təsdiqlənib,Müştərinin gəliri və krediti təsdiqləndi | Yoxlayıcı_ID: 363
36064764,Nigar Rüstəmova,11-15-92,qadin,Bakalavr,İşləyən,1099,Nağd istehlak krediti,"13,062",məişət avadanlığı alışı,20.1,1026.0,3,Bəli,Xeyr,Təsdiqlənib,Müştərinin gəliri və krediti təsdiqləndi | Yoxlayıcı_ID: 806
11459600,Orxan Səfərov,12-10-69,,Bakalavr,Sahibkar,7461,Mikro kredit,50911,əsas vəsaitlərin alınması - Biznes krediti,21.88,1287.0,5,Xeyr,Xeyr,Təsdiqlənib,Bütün sənədlər qaydasındadır
18667538,Ramin Cəfərov,12-17-82,Kişi,Magistr,Sahibkar,8301,Mikro kredit,7557,Biznes krediti,15.39,1468.0,7,Xeyr,Bəli,Rədd edilib,'Qara siyahı'da olmaq | Yoxlayıcı_ID: 965
76388310,Sevinc Əhmədova,07-31-94,Qadın,Magistr,Sahibkar,8899,Mikro kredit,55851,əsas vəsaitlərin alınması - Biznes krediti,18.64,1562.0,6,Bəli,Xeyr,Təsdiqlənib,Bütün sənədlər qaydasındadır
37842494,Nigar Rəhimova,18/01/1995,Qadın,Bakalavr tehsili,İşləyən,2180,Nağd istehlak krediti,7304,tibbi xərclər,17.13,1171.0,2,Bəli,Xeyr,Təsdiqlənib,Müştərinin gəliri və krediti təsdiqləndi
78190849,Kamal Məmmədov,15/07/2003,K,Magistr,Tələbə,110,Təhsil krediti,535,əsas vəsaitlərin alınması - Biznes krediti,18.58,615.0,0,,Xeyr,Təsdiqlənib,Bütün sənədlər qaydasındadır
60562945,Murad Qasımov,1993-06-01,,Orta məktəb,İşsiz,27,Nağd istehlak krediti,532,şəxsi istehlak məqsədi,21.24,559.0,1,Xeyr,Xeyr,Təsdiqlənib,Müştərinin gəliri və krediti təsdiqləndi | Yoxlayıcı_ID: 615
71637447,Zeynəb Sultanova,07/10/1977,Qadın,Bakalavr tehsili,İşləyən,1483 AZN,Avtomobil krediti,29996,tibbi xərclər,23.58,588.0,4,Xeyr,Xeyr,Təsdiqlənib,Bütün sənədlər qaydasındadır | Yoxlayıcı_ID: 575
87463349,Fidan Babayeva,04-20-92,Q,Bakalavr,İşləyən,3815,Nağd istehlak krediti,1837,təmir,12.49,667.0,2,Xeyr,Xeyr,Təsdiqlənib,Bütün sənədlər qaydasındadır
57410374,Lalə Vəliyeva,10-11-71,Q,Bakalavr tehsili,İşləyən,1034,Nağd istehlak krediti,"16,617",toy xərcləri,16.5,1158.0,2,Bəli,Xeyr,Təsdiqlənib,Müştərinin gəliri və krediti təsdiqləndi
76976541,Sahil Sultanov,1978-09-29,Kişi,Bakalavr tehsili,İşləyən,"3,484",Nağd istehlak krediti,4615,şəxsi istehlak məqsədi,24.01,1427.0,3,Xeyr,Xeyr,Təsdiqlənib,Bütün sənədlər qaydasındadır
95921845,Sahil Rüstəmov,1986-08-27,,Bakalavr tehsili,İşləyən,2982,Nağd istehlak krediti,"1,143",təmir,19.55,874.0,3,Bəli,Xeyr,Təsdiqlənib,Müştərinin gəliri və krediti təsdiqləndi
59657394,Kamal Hüseynov,03-17-73,,Bakalavr tehsili,İşləyən,2767,Nağd istehlak krediti,15803,toy xərcləri,17.35,415.0,0,,Xeyr,Rədd edilib,Aşağı kredit reytinqi
17164001,Aysel Məmmədova,08-31-71,,Bakalavr tehsili,Sahibkar,6806,Mikro kredit,43209,əsas vəsaitlərin alınması - Biznes krediti,16.68,1315.0,4,Xeyr,Xeyr,Təsdiqlənib,Müştərinin gəliri və krediti təsdiqləndi
38725395,Hüseyn Quliyev,1974-04-13,K,Bakalavr,İşləyən,2642,Nağd istehlak krediti,18561,toy xərcləri,17.44,1294.0,1,Xeyr,Xeyr,Təsdiqlənib,Müştərinin gəliri və krediti təsdiqləndi | Yoxlayıcı_ID: 510
49514931,Zəhra Nəsirova,1997-01-19,Q,Bakalavr tehsili,İşləyən,2463,Nağd istehlak krediti,13942,şəxsi istehlak məqsədi,21.39,1292.0,1,Bəli,Xeyr,Təsdiqlənib,Bütün sənədlər qaydasındadır
37683046,Şəbnəm İbrahimova,1989-01-09,Q,Bakalavr tehsili,İşləyən,3481,Nağd istehlak krediti,4777,toy xərcləri,17.15,1558.0,3,Bəli,Xeyr,Təsdiqlənib,Bütün sənədlər qaydasındadır
85381374,Anar Cavadov,21/01/2005,Kişi,Magistr,Tələbə,211,Təhsil krediti,1398,dövriyyə vəsaitlərinin artırılması - Biznes krediti,12.89,574.0,0,,Xeyr,Təsdiqlənib,Müştərinin gəliri və krediti təsdiqləndi | Yoxlayıcı_ID: 854
71223722,Cavadov Fərid,07-05-94,Kişi,Magistr,İşləyən,3175,Nağd istehlak krediti,3318,toy xərcləri,24.04,1121.0,4,Bəli,Xeyr,Təsdiqlənib,Bütün sənədlər qaydasındadır
68540681,Əli Sultanov,23/07/2005,K,Bakalavr tehsili,Tələbə,207,Təhsil krediti,2118,əsas vəsaitlərin alınması - Biznes krediti,22.58,696.0,0,,Xeyr,Təsdiqlənib,Müştərinin gəliri və krediti təsdiqləndi
63245523,tural məmmədov,11-26-92,Kişi,Bakalavr,İşləyən,3883,Avtomobil krediti,29183,təmir,14.42,1539.0,0,,Xeyr,Təsdiqlənib,'Qara siyahı'da olmaq
26318537,Emin Quliyev,1981-07-08,,Bakalavr,İşləyən,"2,914",Avtomobil krediti,17596,şəxsi istehlak məqsədi,14.23,884.0,2,Bəli,Xeyr,Təsdiqlənib,Müştərinin gəliri və krediti təsdiqləndi
98485498,Emin İsmayılov,01/02/1994,Kişi,Bakalavr tehsili,İşləyən,3784,Nağd istehlak krediti,5945,təmir,12.7,1484.0,4,Xeyr,Xeyr,Təsdiqlənib,Bütün sənədlər qaydasındadır
62165716,Hüseyn Nəsirov,1999-08-10, kişi ,Orta məktəb,İşsiz,8,Nağd istehlak krediti,973,şəxsi istehlak məqsədi,20.91,199.0,0,,Xeyr,Rədd edilib,Aşağı kredit reytinqi
25303843,Samir Abdullayev,01-19-89,Kişi,Bakalavr tehsili,Sahibkar,7014,Mikro kredit,27018,əsas vəsaitlərin alınması - Biznes krediti,12.39,1378.0,3,Bəli,Xeyr,Təsdiqlənib,Bütün sənədlər qaydasındadır
57791316,Fidan Rzayeva,01/02/1974,Q,Bakalavr tehsili,İşləyən,2612,Avtomobil krediti,21119,tibbi xərclər,16.02,1046.0,0,,Xeyr,Təsdiqlənib,Bütün sənədlər qaydasındadır
32475947,Ləman Cavadova,10-13-84,Qadın,Magistr,Sahibkar,2940,Mikro kredit,16461,Biznes krediti,15.47,1599.0,4,Xeyr,Xeyr,Təsdiqlənib,Müştərinin gəliri və krediti təsdiqləndi
91088404,Nigar Quliyeva,2004-01-21,,Bakalavr,Tələbə,108,Təhsil krediti,1184,dövriyyə vəsaitlərinin artırılması - Biznes krediti,11.06,448.0,0,,Xeyr,Rədd edilib,Aşağı kredit reytinqi
26020527,Fidan Cavadova,27/08/1973,,Magistr,İşləyən,3807,Nağd istehlak krediti,13293,toy xərcləri,19.47,1455.0,2,Xeyr,Xeyr,Təsdiqlənib,Bütün sənədlər qaydasındadır
91245921,Rəşad Babayev,07-19-89, kişi ,Bakalavr,İşləyən,2128 AZN,Nağd istehlak krediti,784,təmir,18.75,1061.0,3,Xeyr,Xeyr,Təsdiqlənib,Müştərinin gəliri və krediti təsdiqləndi
37372244,Aysel Rzayeva,18/07/1995,,Magistr,İşləyən,2201,Nağd istehlak krediti,8281,tibbi xərclər,15.71,1443.0,3,Xeyr,Xeyr,Təsdiqlənib,Bütün sənədlər qaydasındadır
11078343,Səbinə Sultanova,1978-03-08,,Bakalavr tehsili,Sahibkar,4725 AZN,Mikro kredit,40287,dövriyyə vəsaitlərinin artırılması - Biznes krediti,18.84,1331.0,2,Xeyr,Xeyr,Təsdiqlənib,Müştərinin gəliri və krediti təsdiqləndi
82499717,ayan qasımova,03-09-82,,Orta məktəb,İşsiz,122,Nağd istehlak krediti,720 AZN,şəxsi istehlak məqsədi,21.64,576.0,1,Bəli,Xeyr,Təsdiqlənib,Bütün sənədlər qaydasındadır
89474270,Nihat Məmmədov,2005-07-24,K,Magistr,Tələbə,198,Təhsil krediti,922,əsas vəsaitlərin alınması - Biznes krediti,24.76,347.0,0,,Xeyr,Rədd edilib,Aşağı kredit reytinqi
65749571,Anar Əhmədov,1978-05-16,K,Bakalavr tehsili,İşləyən,1354,Nağd istehlak krediti,8391,toy xərcləri,24.21,1466.0,0,,Xeyr,Təsdiqlənib,Bütün sənədlər qaydasındadır
21978478,Məryəm Babayeva,06-23-75,qadin,Magistr,İşləyən,2827 manat,Avtomobil krediti,13995,təmir,22.92,1221.0,3,Xeyr,Xeyr,Təsdiqlənib,Bütün sənədlər qaydasındadır
79197006,Zəhra Sultanova,01-02-95,Qadın,Bakalavr,İşləyən,2877,Avtomobil krediti,34037,tibbi xərclər,18.49,873.0,2,Xeyr,Xeyr,Təsdiqlənib,Müştərinin gəliri və krediti təsdiqləndi
14118630,Ləman Məmmədova,04-29-05,,Magistr,Tələbə,179,Təhsil krediti,2120 AZN,dövriyyə vəsaitlərinin artırılması - Biznes krediti,24.63,214.0,0,Bəli,Xeyr,Rədd edilib,Aşağı kredit reytinqi
51253357,Fatimə Qasımova,14/08/1981,qadin,Magistr,İşləyən,1800,Avtomobil krediti,38743,məişət avadanlığı alışı,18.68,1147.0,1,Bəli,Xeyr,Təsdiqlənib,Müştərinin gəliri və krediti təsdiqləndi | Yoxlayıcı_ID: 183
26199224,Aydan Sultanova,17/08/2005,,Magistr,Tələbə,141,Təhsil krediti,1589,dövriyyə vəsaitlərinin artırılması - Biznes krediti,11.48,603.0,1,Xeyr,Xeyr,Təsdiqlənib,Bütün sənədlər qaydasındadır
70904439,Tural Nəsirov,1986-09-11,,Bakalavr,Sahibkar,4500,Mikro kredit,51193,əsas vəsaitlərin alınması - Biznes krediti,17.52,1242.0,7,Bəli,Xeyr,Təsdiqlənib,Bütün sənədlər qaydasındadır
90184463,Məhəmməd Vəliyev,08-05-04, kişi ,Magistr,Tələbə,285 AZN,Təhsil krediti,2792,əsas vəsaitlərin alınması - Biznes krediti,19.74,373.0,1,Bəli,Xeyr,Rədd edilib,Aşağı kredit reytinqi
45835392,Emin Tağıyev,1989-02-10, kişi ,Bakalavr,İşləyən,2254,Avtomobil krediti,23204,tibbi xərclər,13.06,505.0,2,Xeyr,Xeyr,Təsdiqlənib,Müştərinin gəliri və krediti təsdiqləndi
60044390,Əli Abdullayev,1974-01-26,K,Magistr,İşləyən,826,Nağd istehlak krediti,7152,toy xərcləri,24.17,688.0,0,,Xeyr,Təsdiqlənib,Bütün sənədlər qaydasındadır
98618114, Cavid Rüstəmov ,1977-05-11, kişi ,Orta məktəb,İşsiz,376,Nağd istehlak krediti,422,toy xərcləri,23.43,361.0,1,Bəli,Xeyr,Rədd edilib,Aşağı kredit reytinqi
65745581,Orxan Quliyev,02-28-85,K,Orta məktəb,İşsiz,315,Nağd istehlak krediti,602,toy xərcləri,24.03,127.0,1,Xeyr,Xeyr,Rədd edilib,Aşağı kredit reytinqi
89683553,Səbinə Babayeva,01-20-91,,Bakalavr tehsili,İşləyən,2078,Nağd istehlak krediti,12577,tibbi xərclər,24.15,624.0,0,,Xeyr,Təsdiqlənib,Müştərinin gəliri və krediti təsdiqləndi
68371098,Əli Tağıyev,17/07/1975,,Bakalavr tehsili,İşləyən,3512,Nağd istehlak krediti,6573,toy xərcləri,23.08,1580.0,3,Xeyr,Xeyr,Təsdiqlənib,Gəlir çatışmazlığı
96371456,Nihat Səfərov,1993-11-20, kişi ,Bakalavr,İşləyən,3112,Avtomobil krediti,11212,şəxsi istehlak məqsədi,14.7,1110.0,2,Bəli,Xeyr,Təsdiqlənib,Bütün sənədlər qaydasındadır
54947931,Nərmin Əhmədova,04-08-90,Q,Magistr,İşləyən,1629,Avtomobil krediti,16467,toy xərcləri,21.53,696.0,2,Bəli,Xeyr,Təsdiqlənib,Bütün sənədlər qaydasındadır
32949041,Yusif İbrahimov,07-18-62,,Orta məktəb,İşsiz,117,Nağd istehlak krediti,330,təmir,24.41,596.0,0,,Xeyr,Təsdiqlənib,Müştərinin gəliri və krediti təsdiqləndi
50816048,Məryəm Babayeva,09-20-77,,Bakalavr,İşləyən,3877,Nağd istehlak krediti,2495,təmir,23.12,1044.0,0,Bəli,Xeyr,Təsdiqlənib,Müştərinin gəliri və krediti təsdiqləndi | Yoxlayıcı_ID: 835
28404829,Zeynəb Rəhimova,13/03/1990,,Magistr,İşləyən,3930,Nağd istehlak krediti,1210,toy xərcləri,22.51,833.0,3,Bəli,Xeyr,Təsdiqlənib,Bütün sənədlər qaydasındadır
27625522,Sahil Qasımov,10/11/2002,K,Bakalavr tehsili,Tələbə,244,Təhsil krediti,2401,əsas vəsaitlərin alınması - Biznes krediti,24.44,796.0,0,,Xeyr,Təsdiqlənib,İş stajı yetərsizdir
28284240,Günel Vəliyeva,22/12/1991,qadin,Magistr,İşləyən,,Avtomobil krediti,"35,750",toy xərcləri,22.43,1356.0,4,Xeyr,Xeyr,Təsdiqlənib,Müştərinin gəliri və krediti təsdiqləndi | Yoxlayıcı_ID: 785
81310158,Yusif Səfərov,06-02-83,,Bakalavr tehsili,İşləyən,"3,050",Nağd istehlak krediti,12401,məişət avadanlığı alışı,15.47,,1,Bəli,Xeyr,Təsdiqlənib,Bütün sənədlər qaydasındadır
99136757,Murad Rəhimov,1991-08-19,K,Bakalavr,İşləyən,3904,Nağd istehlak krediti,16118,tibbi xərclər,22.44,850.0,3,Bəli,Xeyr,Təsdiqlənib,Bütün sənədlər qaydasındadır
64368803, Anar Rzayev ,12-07-02,,Bakalavr,Tələbə,237,Təhsil krediti,1418,Biznes krediti,14.73,733.0,1,Xeyr,Xeyr,Təsdiqlənib,Bütün sənədlər qaydasındadır
13973606,Kamal Vəliyev,29/05/1986,K,Bakalavr tehsili,İşləyən,3294,Nağd istehlak krediti,13697,tibbi xərclər,13.21,1072.0,4,Xeyr,Xeyr,Təsdiqlənib,Bütün sənədlər qaydasındadır
61135692,Tural Rəhimov,04-06-82,K,Orta məktəb,İşsiz,186,Nağd istehlak krediti,831,tibbi xərclər,22.9,323.0,1,Xeyr,Xeyr,Rədd edilib,Aşağı kredit reytinqi | Yoxlayıcı_ID: 245
61703635, Emin Hüseynov ,1979-06-13,Kişi,Bakalavr,İşləyən,1656,Avtomobil krediti,30151,tibbi xərclər,16.93,1569.0,1,Xeyr,Xeyr,Təsdiqlənib,Müştərinin gəliri və krediti təsdiqləndi
58211578,Günel Abdullayeva,03-20-96,Qadın,Bakalavr tehsili,İşləyən,2165,Avtomobil krediti,38497,məişət avadanlığı alışı,12.38,522.0,2,Xeyr,Xeyr,Təsdiqlənib,Müştərinin gəliri və krediti təsdiqləndi
36530721,Rəna İsmayılova,1995-07-20,Q,Bakalavr,Sahibkar,6259,Mikro kredit,20845,Biznes krediti,14.21,1347.0,2,Xeyr,Xeyr,Təsdiqlənib,Müştərinin gəliri və krediti təsdiqləndi
41610894,Uğur Rəhimov,1972-01-07,K,Magistr,İşləyən,2049,Nağd istehlak krediti,3368,məişət avadanlığı alışı,23.49,1064.0,3,Bəli,Xeyr,Təsdiqlənib,Bütün sənədlər qaydasındadır
40632973,Aylin Qasımova,03-12-96,,Bakalavr tehsili,İşləyən,3724,Nağd istehlak krediti,14860,təmir,24.45,475.0,1,Bəli,Xeyr,Rədd edilib,Aşağı kredit reytinqi
22708297,Emin Məmmədov,08-23-04,K,Bakalavr,Tələbə,248,Təhsil krediti,1289,əsas vəsaitlərin alınması - Biznes krediti,17.93,224.0,1,Xeyr,Xeyr,Rədd edilib,Aşağı kredit reytinqi
86029894,Rzayeva Zülfiyyə,02-13-62,qadin,Orta məktəb,İşsiz,317,Nağd istehlak kriditi,730,toy xərcləri,13.38,139.0,1,Bəli,Xeyr,Rədd edilib,Aşağı kredit reytinqi
58783649,Kamal Vəliyev,12-14-90, kişi ,Bakalavr tehsili,Sahibkar,5145,Mikro kredit,9006,əsas vəsaitlərin alınması - Biznes krediti,12.63,1328.0,7,Xeyr,Xeyr,Təsdiqlənib,Müştərinin gəliri və krediti təsdiqləndi
11428290,Nərmin Cəfərova,18/03/1980,Q,Bakalavr tehsili,İşləyən,3837 AZN,Nağd istehlak krediti,10733,təmir,15.56,854.0,3,Xeyr,Bəli,Rədd edilib,'Qara siyahı'da olmaq | Yoxlayıcı_ID: 223
68732291,Hüseyn Qasımov,1960-11-14, kişi ,Orta məktəb,İşsiz,167,Nağd istehlak krediti,638,toy xərcləri,18.63,534.0,2,Bəli,Bəli,Rədd edilib,'Qara siyahı'da olmaq
25324927,Rauf Tağıyev,22/10/1985,Kişi,Bakalavr tehsili,Sahibkar,7544,Mikro kredit,9673,dövriyyə vəsaitlərinin artırılması - Biznes krediti,22.41,1461.0,6,Xeyr,Xeyr,Təsdiqlənib,Müştərinin gəliri və krediti təsdiqləndi
39468254,Elvin Babayev,05-17-71,,Magistr,Sahibkar,3575,Mikro kredit,88270,dövriyyə vəsaitlərinin artırılması - Biznes krediti,15.68,1416.0,8,Xeyr,Xeyr,Rədd edilib,Gəlir çatışmazlığı | Yoxlayıcı_ID: 183
64055558,Rəşad İsmayılov,1966-04-04,,Bakalavr,Sahibkar,8193,Mikro kredit,32785,dövriyyə vəsaitlərinin artırılması - Biznes krediti,12.14,800.0,6,Bəli,Xeyr,Təsdiqlənib,Müştərinin gəliri və krediti təsdiqləndi
20804653,Aylin Babayeva,10/02/1979,Q,Bakalavr tehsili,Sahibkar,4087,Mikro kredit,25004,Biznes krediti,24.08,1395.0,4,Bəli,Xeyr,Təsdiqlənib,Bütün sənədlər qaydasındadır
19934648,Ramin Cəfərov,08-17-04,Kişi,Bakalavr tehsili,Tələbə,464535,Təhsil krediti,1471,dövriyyə vəsaitlərinin artırılması - Biznes krediti,10.9,342.0,1,Xeyr,Xeyr,Rədd edilib,Aşağı kredit reytinqi
59914666,Murad Vəliyev,11-24-73, kişi ,Magistr,İşləyən,3762,Nağd istehlak krediti,10766,şəxsi istehlak məqsədi,12.59,1569.0,4,Xeyr,Xeyr,Təsdiqlənib,Bütün sənədlər qaydasındadır
74126878,Sahil Vəliyev,05-05-00,K,Bakalavr,İşləyən,3489,Nağd istehlak krediti,"12,916",məişət avadanlığı alışı,21.63,784.0,0,,Xeyr,Təsdiqlənib,Bütün sənədlər qaydasındadır
89357863,Ləman Qasımova,1990-11-22,Qadın,Bakalavr tehsili,İşləyən,3865,Nağd istehlak krediti,7785,şəxsi istehlak məqsədi,16.02,992.0,2,Xeyr,Xeyr,Təsdiqlənib,Müştərinin gəliri və krediti təsdiqləndi
70369120,Orxan Tağıyev,07/10/1975,,Magistr,İşləyən,2834,Nağd istehlak krediti,4978,təmir,23.45,980.0,1,Xeyr,Xeyr,Təsdiqlənib,Bütün sənədlər qaydasındadır | Yoxlayıcı_ID: 297
92995319,anar i̇smayılov,1996-03-24,,Magistr,İşləyən,1738,Nağd istehlak krediti,14211,təmir,22.57,1134.0,3,Bəli,Xeyr,Təsdiqlənib,Bütün sənədlər qaydasındadır
91646412,Samir Əhmədov,04-07-06, kişi ,Bakalavr tehsili,Tələbə,269,Təhsil krediti,1260,dövriyyə vəsaitlərinin artırılması - Biznes krediti,21.53,608.0,1,Bəli,Xeyr,Təsdiqlənib,Bütün sənədlər qaydasındadır | Yoxlayıcı_ID: 817
12148523,Zəhra Məmmədova,16/04/1998,,Bakalavr,İşləyən,1382,Nağd istehlak krediti,19892,şəxsi istehlak məqsədi,14.02,1423.0,0,,Xeyr,Təsdiqlənib,Müştərinin gəliri və krediti təsdiqləndi
61028860,Nigar Əhmədova,1971-09-18,,Bakalavr,İşləyən,2980,Avtomobil krediti,13436,şəxsi istehlak məqsədi,24.31,486.0,3,Xeyr,Xeyr,Rədd edilib,Aşağı kredit reytinqi
72758465,Ramin Əliyev,2004-06-30, kişi ,Bakalavr tehsili,Tələbə,253,Təhsil krediti,2073,əsas vəsaitlərin alınması - Biznes krediti,14.89,686.0,0,,Xeyr,Təsdiqlənib,Bütün sənədlər qaydasındadır
29590769,Nigar Babayeva,1990-10-04,qadin,Bakalavr tehsili,İşləyən,2646,Nağd istehlak krediti,1529,şəxsi istehlak məqsədi,13.27,1516.0,3,Xeyr,Xeyr,Təsdiqlənib,Bütün sənədlər qaydasındadır
53969241,Emin Hüseynov,11-06-04,K,Bakalavr,Tələbə,249,Təhsil krediti,1200,dövriyyə vəsaitlərinin artırılması - Biznes krediti,12.94,755.0,0,,Xeyr,Təsdiqlənib,Müştərinin gəliri və krediti təsdiqləndi | Yoxlayıcı_ID: 680
44803674,Anar Cəfərov,2000-01-15,K,Bakalavr,İşləyən,1755,Nağd istehlak krediti,10283,tibbi xərclər,13.84,1562.0,1,Xeyr,Xeyr,Təsdiqlənib,Bütün sənədlər qaydasındadır | Yoxlayıcı_ID: 427
32410749, Şəbnəm Tağıyeva ,30/11/1966,,Bakalavr,Sahibkar,5634,Mikro kredit,51868,dövriyyə vəsaitlərinin artırılması - Biznes krediti,11.96,1230.0,5,Xeyr,Xeyr,Təsdiqlənib,Bütün sənədlər qaydasındadır
78274945,Yusif Tağıyev,1964-09-10,Kişi,Orta məktəb,İşsiz,356,Nağd istehlak krediti,393,toy xərcləri,21.44,431.0,2,Bəli,Xeyr,Rədd edilib,Aşağı kredit reytinqi
78871055,Cavid Qasımov,1980-05-04,Kişi,Magistr,İşləyən,3850,Nağd istehlak krediti,2143,tibbi xərclər,18.2,651.0,1,Bəli,Xeyr,Təsdiqlənib,Bütün sənədlər qaydasındadır
90917648,Ramin Məmmədov,10-21-75,,Magistr,Sahibkar,6141 manat,Mikro kredit,40605,dövriyyə vəsaitlərinin artırılması - Biznes krediti,12.33,1120.0,4,Xeyr,Xeyr,Təsdiqlənib,Zaminlik məsələləri
52559706,Kəmalə Babayeva,13/06/2005,qadin,Bakalavr,Tələbə,241,Təhsil krediti,2376,dövriyyə vəsaitlərinin artırılması - Biznes krediti,14.16,725.0,0,,Xeyr,Təsdiqlənib,Müştərinin gəliri və krediti təsdiqləndi
91170961,Zeynəb Əliyeva,1997-11-20,Q,Orta məktəb,İşsiz,134,Nağd istehlak krediti,778,məişət avadanlığı alışı,11.58,476.0,1,Xeyr,Xeyr,Rədd edilib,Aşağı kredit reytinqi
65226407, Günel Rəhimova ,09/10/1996,Qadın,Bakalavr tehsili,İşləyən,2856,Nağd istehlak krediti,17977,toy xərcləri,14.95,799.0,2,Xeyr,Xeyr,Təsdiqlənib,Müştərinin gəliri və krediti təsdiqləndi
77982722,Nərmin Babayeva,24/12/2002,qadin,Magistr,Tələbə,135,Təhsil krediti,769,Biznes krediti,15.27,615.0,0,,Xeyr,Təsdiqlənib,Bütün sənədlər qaydasındadır | Yoxlayıcı_ID: 134
51671835, Ləman Abdullayeva ,2006-03-19,qadin,Magistr,Tələbə,186,Təhsil krediti,1871,əsas vəsaitlərin alınması - Biznes krediti,11.85,549.0,1,Xeyr,Xeyr,Təsdiqlənib,Bütün sənədlər qaydasındadır
36059393,Sevinc Nəsirova,01/09/1967,,Orta məktəb,İşsiz,243,Nağd istehlak krediti,852,toy xərcləri,22.95,170.0,0,,Xeyr,Rədd edilib,Aşağı kredit reytinqi
23611561,Aylin Rəhimova,04-27-94,Qadın,Magistr,İşləyən,1135,Nağd istehlak krediti,18067,məişət avadanlığı alışı,19.64,1317.0,0,,Xeyr,Təsdiqlənib,Müştərinin gəliri və krediti təsdiqləndi
31234373,Tural Səfərov,2005-03-14,,Bakalavr,Tələbə,271,Təhsil krediti,1079,Biznes krediti,11.21,577.0,1,Xeyr,Xeyr,Təsdiqlənib,Müştərinin gəliri və krediti təsdiqləndi
90325030,Məryəm Nəsirova,01-09-82,qadin,Magistr,İşləyən,"1,305",Nağd istehlak krediti,9534,təmir,21.25,809.0,3,Bəli,Xeyr,Təsdiqlənib,Müştərinin gəliri və krediti təsdiqləndi
68717545,Nigar Rüstəmova,1973-03-25,Q,Magistr,İşləyən,,Nağd istehlak krediti,5114,məişət avadanlığı alışı,22.17,493.0,1,Xeyr,Xeyr,Rədd edilib,Aşağı kredit reytinqi
48718653,Lalə Əliyeva,2007-01-23,Qadın,Bakalavr,Tələbə,,Təhsil kriditi,1684,Biznes krediti,17.88,743.0,0,,Xeyr,Təsdiqlənib,Bütün sənədlər qaydasındadır
49445885,Məryəm Tağıyeva,1967-05-23,qadin,Orta məktəb,İşsiz,3,Nağd istehlak krediti,928,toy xərcləri,23.48,431.0,1,Xeyr,Xeyr,Rədd edilib,Aşağı kredit reytinqi
80542403,Lalə Əhmədova,06-09-93,Q,Magistr,İşləyən,,Avtomobil krediti,20837,toy xərcləri,21.47,424.0,1,Xeyr,Xeyr,Təsdiqlənib,Aşağı kredit reytinqi
62521594,Cavid Rzayev,09/11/2005, kişi ,Bakalavr tehsili,Tələbə,222,Təhsil krediti,"2,277",Biznes krediti,24.85,495.0,0,,Xeyr,Rədd edilib,Aşağı kredit reytinqi
77030786,Orxan Əliyev,25/11/1973,,Bakalavr,İşləyən,3899 AZN,Nağd istehlak krediti,15809,şəxsi istehlak məqsədi,18.36,787.0,2,Bəli,Xeyr,Təsdiqlənib,Bütün sənədlər qaydasındadır
65674852,Fərid Səfərov,09-10-74, kişi ,Orta məktəb,İşsiz,102,Nağd istehlak krediti,479,şəxsi istehlak məqsədi,18.49,531.0,1,Xeyr,Xeyr,Təsdiqlənib,Bütün sənədlər qaydasındadır | Yoxlayıcı_ID: 311
97056043,Cavid İbrahimov,11-04-89,,Magistr,İşləyən,3195,Nağd istehlak kriditi,15659 manat,məişət avadanlığı alışı,17.45,745.0,3,Bəli,Xeyr,Təsdiqlənib,Müştərinin gəliri və krediti təsdiqləndi | Yoxlayıcı_ID: 569
96715325,Ləman Quliyeva,1986-05-24,Qadın,Bakalavr,İşləyən,3351,Avtomobil krediti,35638,tibbi xərclər,11.66,806.0,3,Bəli,Xeyr,Təsdiqlənib,Bütün sənədlər qaydasındadır
94855778,Aydan Vəliyeva,1973-04-30,qadin,Magistr,Sahibkar,4905 manat,Mikro kredit,87119,Biznes krediti,22.67,1440.0,7,Xeyr,Xeyr,Təsdiqlənib,Bütün sənədlər qaydasındadır
82523606,Sahil Rzayev,16/03/1994,K,Bakalavr,İşləyən,1004,Nağd istehlak krediti,10531,şəxsi istehlak məqsədi,11.84,1455.0,4,Xeyr,Bəli,Rədd edilib,'Qara siyahı'da olmaq
13733261,Nihat Babayev,08-30-05,K,Bakalavr tehsili,Tələbə,146,Təhsil krediti,2227,dövriyyə vəsaitlərinin artırılması - Biznes krediti,15.41,552.0,1,Bəli,Xeyr,Təsdiqlənib,Bütün sənədlər qaydasındadır
31544276,Zeynəb Babayeva,1995-01-23,qadin,Bakalavr tehsili,Sahibkar,6190,Mikro kredit,60926,dövriyyə vəsaitlərinin artırılması - Biznes krediti,12.58,,3,Xeyr,Xeyr,Təsdiqlənib,Bütün sənədlər qaydasındadır
65246571,Ayan İbrahimova,1967-09-01,Q,Magistr,Sahibkar,3742,Mikro kredit,77193,Biznes krediti,20.79,1374.0,6,Bəli,Xeyr,Təsdiqlənib,Müştərinin gəliri və krediti təsdiqləndi
96414629,Sevinc Məmmədova,2004-04-04,qadin,Bakalavr tehsili,Tələbə,235,Təhsil krediti,1846,əsas vəsaitlərin alınması - Biznes krediti,18.37,310.0,0,,Xeyr,Rədd edilib,Aşağı kredit reytinqi
57143025,Rəşad Sultanov,19/02/2006,,Bakalavr,Tələbə,,Təhsil krediti,551,dövriyyə vəsaitlərinin artırılması - Biznes krediti,15.44,,1,Bəli,Xeyr,Təsdiqlənib,Müştərinin gəliri və krediti təsdiqləndi
74845846,Sultanov Ramin,31/07/1968, kişi ,Magistr,Sahibkar,3312,Mikro kredit,27920 manat,Biznes krediti,19.38,1655.0,2,Xeyr,Xeyr,Təsdiqlənib,Müştərinin gəliri və krediti təsdiqləndi
28253088,Ramin Cavadov,12/02/1991,,Bakalavr,İşləyən,3393,Nağd istehlak krediti,15368,məişət avadanlığı alışı,12.08,667.0,3,Xeyr,Xeyr,Təsdiqlənib,Müştərinin gəliri və krediti təsdiqləndi
61389141,Fidan Cavadova,12-02-76,Qadın,Bakalavr tehsili,İşləyən,1375,Nağd istehlak krediti,18794,təmir,19.18,1503.0,4,Bəli,Xeyr,Təsdiqlənib,Müştərinin gəliri və krediti təsdiqləndi
16848853,Vəliyev Məhəmməd,05/09/1974,,Bakalavr tehsili,Sahibkar,9687,Mikro kredit,29954,əsas vəsaitlərin alınması - Biznes krediti,22.97,1386.0,2,Xeyr,Xeyr,Təsdiqlənib,Səhv və ya natamam müraciət | Yoxlayıcı_ID: 229
95476978,Zəhra Əhmədova,28/03/2005,Q,Bakalavr tehsili,Tələbə,294,Təhsil krediti,1403,Biznes krediti,23.76,752.0,0,,Xeyr,Təsdiqlənib,Səhv və ya natamam müraciət
80957003,Əli Əhmədov,03/08/1999,Kişi,Bakalavr tehsili,İşləyən,2100,Nağd istehlak krediti,7988,tibbi xərclər,18.95,1188.0,4,Bəli,Xeyr,Təsdiqlənib,Bütün sənədlər qaydasındadır
28637861,Sevinc Tağıyeva,1994-09-12,,Bakalavr tehsili,İşləyən,2644,Avtomobil krediti,38485,tibbi xərclər,15.31,1534.0,1,Xeyr,Xeyr,Təsdiqlənib,Zaminlik məsələləri
77553537,Fərid Rzayev,07-30-92,,Bakalavr,İşləyən,2217,Nağd istehlak krediti,14958,tibbi xərclər,13.65,535.0,3,Bəli,Xeyr,Təsdiqlənib,Bütün sənədlər qaydasındadır
33471576,Zülfiyyə Hüseynova,07-17-72,,Bakalavr tehsili,İşləyən,2972,Nağd istehlak krediti,14060,şəxsi istehlak məqsədi,13.13,1084.0,2,Bəli,Xeyr,Təsdiqlənib,Bütün sənədlər qaydasındadır
98545927,Fidan Məmmədova,01-25-81,qadin,Bakalavr,İşləyən,3712,Nağd istehlak krediti,6567,tibbi xərclər,18.26,1185.0,0,,Xeyr,Təsdiqlənib,Bütün sənədlər qaydasındadır
52421948,Kamal Quliyev,1992-12-12,Kişi,Bakalavr,İşləyən,3021 manat,Avtomobil krediti,15008,təmir,18.66,857.0,1,Xeyr,Xeyr,Təsdiqlənib,Bütün sənədlər qaydasındadır
66430485,Emin Məmmədov,12-16-70,,Bakalavr tehsili,Sahibkar,6925,Mikro kredit,44473,dövriyyə vəsaitlərinin artırılması - Biznes krediti,10.95,1692.0,3,Bəli,Xeyr,Təsdiqlənib,Bütün sənədlər qaydasındadır
80935295,Zülfiyyə Qasımova,1984-07-28,Q,Bakalavr tehsili,İşləyən,2402,Avtomobil krediti,38963,təmir,14.67,1571.0,2,Xeyr,Xeyr,Təsdiqlənib,Müştərinin gəliri və krediti təsdiqləndi
96987138,Kamal Cavadov,02-04-89,K,Bakalavr,Sahibkar,3375,Mikro kredit,43931,dövriyyə vəsaitlərinin artırılması - Biznes krediti,21.33,1758.0,2,Bəli,Xeyr,Təsdiqlənib,Müştərinin gəliri və krediti təsdiqləndi
50139869,Fidan İsmayılova,28/05/1970,Qadın,Orta məktəb,İşsiz,133,Nağd istehlak krediti,686,şəxsi istehlak məqsədi,16.62,238.0,2,Xeyr,Xeyr,Rədd edilib,Aşağı kredit reytinqi
10254379,Tural Qasımov,1988-02-25, kişi ,Bakalavr tehsili,İşləyən,1519,Nağd istehlak krediti,3751,məişət avadanlığı alışı,10.91,,4,Bəli,Xeyr,Təsdiqlənib,Zaminlik məsələləri
50619750,Əli Rəhimov,28/09/2006, kişi ,Bakalavr tehsili,Tələbə,277,Təhsil krediti,1275,Biznes krediti,18.13,272.0,0,,Xeyr,Rədd edilib,Aşağı kredit reytinqi
65419209,Orxan Hüseynov,1973-05-30, kişi ,Bakalavr,İşləyən,2670,Nağd istehlak krediti,6888,tibbi xərclər,14.11,698.0,4,Bəli,Xeyr,Təsdiqlənib,Müştərinin gəliri və krediti təsdiqləndi
78419424,Nihat Hüseynov,1998-07-27,Kişi,Bakalavr tehsili,İşləyən,2411,Nağd istehlak krediti,12798,toy xərcləri,19.29,420.0,0,,Xeyr,Rədd edilib,Aşağı kredit reytinqi
62247889,Sevinc Rüstəmova,1991-10-12,,Magistr,İşləyən,3731,Nağd istehlak krediti,17631 manat,məişət avadanlığı alışı,22.9,1353.0,1,Xeyr,Xeyr,Təsdiqlənib,Bütün sənədlər qaydasındadır
26353264,Hüseyn Qasımov,10-18-79,,Magistr,Sahibkar,2719 manat,Mikro kredit,23572,əsas vəsaitlərin alınması - Biznes krediti,24.39,1450.0,4,Xeyr,Xeyr,Təsdiqlənib,Müştərinin gəliri və krediti təsdiqləndi
21031283,Fidan Səfərova,12-14-76,qadin,Bakalavr tehsili,İşləyən,2044,Nağd istehlak krediti,14782,tibbi xərclər,17.49,1334.0,0,,Xeyr,Təsdiqlənib,Müştərinin gəliri və krediti təsdiqləndi
21081364,Məmmədova Şəbnəm,1989-08-20,,Magistr,İşləyən,1272 manat,Avtomobil krediti,32172,təmir,20.27,1457.0,3,Bəli,Bəli,Təsdiqlənib,'Qara siyahı'da olmaq | Yoxlayıcı_ID: 471
99566911,Lalə Məmmədova,1970-08-27,Q,Orta məktəb,İşsiz,87,Nağd istehlak krediti,434,toy xərcləri,20.56,538.0,0,,Xeyr,Təsdiqlənib,Müştərinin gəliri və krediti təsdiqləndi
47094914,Nərmin Əhmədova,12-16-00,qadin,Magistr,İşləyən,1620,Nağd istehlak krediti,19391,məişət avadanlığı alışı,18.11,892.0,4,Xeyr,Xeyr,Təsdiqlənib,Müştərinin gəliri və krediti təsdiqləndi
97700502,Ayan Tağıyeva,26/12/1990,Q,Bakalavr,İşləyən,2753,Avtomobil krediti,37280,məişət avadanlığı alışı,14.16,695.0,1,Xeyr,Xeyr,Təsdiqlənib,Müştərinin gəliri və krediti təsdiqləndi
17587136,Kamal Quliyev,01-02-80,,Bakalavr,İşləyən,1738,Nağd istehlak krediti,4150,toy xərcləri,11.1,618.0,2,Bəli,Xeyr,Təsdiqlənib,Bütün sənədlər qaydasındadır
26368607,Rəna Rzayeva,1970-10-06,,Orta məktəb,İşsiz,46,Nağd istehlak krediti,881,şəxsi istehlak məqsədi,17.71,265.0,1,Bəli,Xeyr,Rədd edilib,Aşağı kredit reytinqi
24259360,Məryəm Rəhimova,27/02/1993,,Magistr,İşləyən,3747,Nağd istehlak krediti,6842,Təmir,22.4,830.0,2,Bəli,Xeyr,Təsdiqlənib,Bütün sənədlər qaydasındadır
35281371,Zeynəb Qasımova,21/10/1997,Q,Bakalavr,İşləyən,1128,Nağd istehlak krediti,1124,məişət avadanlığı alışı,13.97,1085.0,4,Bəli,Xeyr,Təsdiqlənib,Bütün sənədlər qaydasındadır
40690547,Orxan Məmmədov,1993-03-09,,Bakalavr tehsili,İşləyən,1034,Nağd istehlak krediti,17264,şəxsi istehlak məqsədi,23.31,1250.0,1,Bəli,Xeyr,Təsdiqlənib,Müştərinin gəliri və krediti təsdiqləndi | Yoxlayıcı_ID: 296
12859821,Elvin Səfərov,10-31-02,K,Bakalavr,Tələbə,222,Təhsil krediti,1046,əsas vəsaitlərin alınması - Biznes krediti,24.27,582.0,0,,Xeyr,Təsdiqlənib,Müştərinin gəliri və krediti təsdiqləndi | Yoxlayıcı_ID: 232
25990918,Kamal Cavadov,04-23-04,,Bakalavr,Tələbə,253,Təhsil krediti,593,əsas vəsaitlərin alınması - Biznes krediti,13.76,273.0,0,,Xeyr,Rədd edilib,Aşağı kredit reytinqi
48641235,Cavid Tağıyev,1996-01-09, kişi ,Bakalavr,İşləyən,3664,Avtomobil krediti,13091,şəxsi istehlak məqsədi,17.86,1499.0,2,Xeyr,Xeyr,Təsdiqlənib,Müştərinin gəliri və krediti təsdiqləndi
10225151,Aysel Rəhimova,1976-09-17,qadin,Bakalavr tehsili,İşləyən,3115,Nağd istehlak krediti,6372,məişət avadanlığı alışı,17.3,1548.0,2,Xeyr,Xeyr,Təsdiqlənib,Müştərinin gəliri və krediti təsdiqləndi
49663086,Fərid Rzayev,04-21-07,K,Bakalavr tehsili,Tələbə,183,Təhsil krediti,1627,əsas vəsaitlərin alınması - Biznes krediti,19.98,603.0,1,Xeyr,Xeyr,Təsdiqlənib,Müştərinin gəliri və krediti təsdiqləndi
49305190,Anar Qasımov,11-25-91,K,Bakalavr,İşləyən,2321,Nağd istehlak krediti,1691,toy xərcləri,21.91,400.0,4,Xeyr,Xeyr,Rədd edilib,Aşağı kredit reytinqi
39204030,Cavid Tağıyev,1991-01-16,K,Bakalavr,İşləyən,1359,Nağd istehlak krediti,15543,şəxsi istehlak məqsədi,19.46,1349.0,1,Bəli,Xeyr,Təsdiqlənib,Bütün sənədlər qaydasındadır
83265652,Rüstəmov Anar,04-15-97,Kişi,Bakalavr tehsili,İşləyən,,Nağd istehlak krediti,12451,şəxsi istehlak məqsədi,18.64,831.0,4,Bəli,Xeyr,Təsdiqlənib,Bütün sənədlər qaydasındadır
14353472,Kamal Rəhimov,1979-02-16, kişi ,Magistr,İşləyən,1836,Nağd istehlak krediti,2906,Təmir,16.14,1373.0,2,Xeyr,Xeyr,Təsdiqlənib,Müştərinin gəliri və krediti təsdiqləndi
46401081,Fərid Rüstəmov,09-05-79,K,Bakalavr,İşləyən,,Nağd istehlak krediti,1968,tibbi xərclər,11.76,1181.0,2,Bəli,Xeyr,Təsdiqlənib,Müştərinin gəliri və krediti təsdiqləndi
57856714,Şəbnəm Rüstəmova,05-11-06,,Bakalavr,Tələbə,286,Təhsil krediti,726,Biznes krediti,19.8,206.0,0,,Xeyr,Rədd edilib,Aşağı kredit reytinqi | Yoxlayıcı_ID: 678
92976813,Aydan Rzayeva,1981-07-16,Qadın,Orta məktəb,İşsiz,88,Nağd istehlak krediti,327,məişət avadanlığı alışı,17.41,400.0,1,Bəli,Bəli,Rədd edilib,'Qara siyahı'da olmaq | Yoxlayıcı_ID: 914
65278852,Aydan Tağıyeva,26/06/1983,Q,Bakalavr tehsili,İşləyən,3879,Nağd istehlak krediti,11847,məişət avadanlığı alışı,21.11,916.0,0,,Xeyr,Təsdiqlənib,Bütün sənədlər qaydasındadır
89631238,Fatimə Cəfərova,1990-10-11,Qadın,Orta məktəb,İşsiz,329,Nağd istehlak krediti,683,təmir,13.06,177.0,2,Bəli,Xeyr,Rədd edilib,Aşağı kredit reytinqi | Yoxlayıcı_ID: 535
40417922,Ayan Sultanova,09-01-78,,Bakalavr,İşləyən,2159,Nağd istehlak krediti,7459,şəxsi istehlak məqsədi,11.13,768.0,1,Xeyr,Xeyr,Təsdiqlənib,Bütün sənədlər qaydasındadır | Yoxlayıcı_ID: 107
11216010,Nigar İsmayılova,1992-10-06,Qadın,Bakalavr,İşləyən,3933,Nağd istehlak krediti,7236,məişət avadanlığı alışı,24.85,980.0,4,Bəli,Xeyr,Təsdiqlənib,Müştərinin gəliri və krediti təsdiqləndi
84156155,Səbinə Hüseynova,04-14-79,,Magistr,İşləyən,1364,Avtomobil krediti,14767,şəxsi istehlak məqsədi,11.21,1262.0,4,Bəli,Xeyr,Təsdiqlənib,Müştərinin gəliri və krediti təsdiqləndi
64196627,Rəna Cavadova,2007-07-06,Q,Bakalavr,Tələbə,208,Təhsil krediti,540,əsas vəsaitlərin alınması - Biznes krediti,23.38,331.0,0,,Xeyr,Rədd edilib,Aşağı kredit reytinqi | Yoxlayıcı_ID: 367
81065457,Zülfiyyə Cavadova,1993-03-02,Qadın,Bakalavr tehsili,İşləyən,1403,Nağd istehlak krediti,6172,məişət avadanlığı alışı,11.62,545.0,4,Bəli,Bəli,Rədd edilib,'Qara siyahı'da olmaq
97036580,Zəhra Hüseynova,1993-07-22,,Bakalavr tehsili,İşləyən,3038,Nağd istehlak krediti,9612,tibbi xərclər,11.97,916.0,2,Bəli,Xeyr,Təsdiqlənib,Müştərinin gəliri və krediti təsdiqləndi
21573615,Ramin Babayev,2005-11-03,K,Bakalavr tehsili,Tələbə,194,Təhsil krediti,753,əsas vəsaitlərin alınması - Biznes krediti,19.73,212.0,0,,Xeyr,Rədd edilib,Aşağı kredit reytinqi
80428778,Rəşad Rəhimov,1977-07-17,Kişi,Bakalavr,İşləyən,2313,Nağd istehlak krediti,6737,şəxsi istehlak məqsədi,14.56,806.0,4,Bəli,Xeyr,Təsdiqlənib,Bütün sənədlər qaydasındadır
49308617,Zülfiyyə Rzayeva,1978-05-19,Qadın,Magistr,Sahibkar,6162,Mikro kredit,8530,Biznes krediti,16.37,1485.0,2,Bəli,Xeyr,Təsdiqlənib,Müştərinin gəliri və krediti təsdiqləndi
47896151,Məryəm Qasımova,09-26-77,,Orta məktəb,İşsiz,342,Nağd istehlak krediti,450,tibbi xərclər,22.1,282.0,2,Bəli,Xeyr,Rədd edilib,Aşağı kredit reytinqi
18298294,Rauf Səfərov,2001-01-07,K,Bakalavr tehsili,İşləyən,2942,Nağd istehlak krediti,15810,məişət avadanlığı alışı,21.07,1419.0,4,Bəli,Xeyr,Təsdiqlənib,Bütün sənədlər qaydasındadır | Yoxlayıcı_ID: 971
28322955, Ayan Vəliyeva ,2005-09-27,,Magistr,Tələbə,281,Təhsil krediti,1721,əsas vəsaitlərin alınması - Biznes krediti,18.27,645.0,0,,Xeyr,Təsdiqlənib,Bütün sənədlər qaydasındadır
34817387,Ləman Əliyeva,1969-12-24,Q,Orta məktəb,İşsiz,319,Nağd istehlak krediti,835,təmir,23.86,343.0,1,Xeyr,Xeyr,Rədd edilib,Aşağı kredit reytinqi
51117931,Aysel Quliyeva,1978-05-20,qadin,Orta məktəb,İşsiz,180,Nağd istehlak krediti,318,məişət avadanlığı alışı,24.43,231.0,1,Xeyr,Xeyr,Rədd edilib,Aşağı kredit reytinqi
92458242,Əli Quliyev,12-03-94, kişi ,Magistr,İşləyən,1832,Nağd istehlak krediti,4554,məişət avadanlığı alışı,14.0,,3,Bəli,Xeyr,Təsdiqlənib,Müştərinin gəliri və krediti təsdiqləndi
41147006,Aylin Qasımova,1995-08-28,Qadın,Bakalavr tehsili,İşləyən,2145,Nağd istehlak krediti,15393,şəxsi istehlak məqsədi,21.26,546.0,3,Xeyr,Xeyr,Təsdiqlənib,Müştərinin gəliri və krediti təsdiqləndi | Yoxlayıcı_ID: 286
78727362,Rauf Abdullayev,2005-03-17,K,Bakalavr tehsili,Tələbə,226,Təhsil krediti,2560,Biznes krediti,16.82,434.0,0,,Xeyr,Rədd edilib,Aşağı kredit reytinqi
48319653,Uğur Babayev,1965-03-18,K,Orta məktəb,İşsiz,58,Nağd istehlak krediti,598,təmir,18.92,,1,Xeyr,Xeyr,Rədd edilib,Aşağı kredit reytinqi
65521908,Günel Abdullayeva,05/05/1996,qadin,Magistr,İşləyən,1716,Nağd istehlak krediti,13932,təmir,13.31,1166.0,2,Xeyr,Xeyr,Təsdiqlənib,Müştərinin gəliri və krediti təsdiqləndi
63085487,Rauf Sultanov,1984-02-21,K,Magistr,Sahibkar,9622,Mikro kredit,35366 AZN,Biznes krediti,23.4,1284.0,5,Xeyr,Xeyr,Təsdiqlənib,Bütün sənədlər qaydasındadır
78407365,Hüseyn Səfərov,1983-03-16,Kişi,Orta məktəb,İşsiz,200,Nağd istehlak krediti,653,şəxsi istehlak məqsədi,21.65,459.0,2,Xeyr,Xeyr,Təsdiqlənib,Aşağı kredit reytinqi
75112345,Aylin Tağıyeva,02/10/1975,qadin,Bakalavr,İşləyən,1217,Nağd istehlak krediti,17732,toy xərcləri,22.14,595.0,2,Bəli,Xeyr,Təsdiqlənib,Müştərinin gəliri və krediti təsdiqləndi
46403043,Hüseyn Səfərov,04-18-84,Kişi,Magistr,İşləyən,2639,Nağd istehlak krediti,14403,məişət avadanlığı alışı,20.04,967.0,1,Xeyr,Xeyr,Təsdiqlənib,Bütün sənədlər qaydasındadır
43631816,Rauf Nəsirov,01-19-91,K,Bakalavr tehsili,İşləyən,1235,Nağd istehlak krediti,15657,tibbi xərclər,13.51,775.0,4,Xeyr,Xeyr,Təsdiqlənib,Müştərinin gəliri və krediti təsdiqləndi
30283082,Zeynəb Rüstəmova,1972-11-14,,Magistr,İşləyən,1603,Nağd istehlak kriditi,10769,toy xərcləri,18.75,1457.0,2,Xeyr,Xeyr,Təsdiqlənib,Müştərinin gəliri və krediti təsdiqləndi
15355102,kamal əliyev,1969-08-13, kişi ,Orta məktəb,İşsiz,378,Nağd istehlak krediti,915,şəxsi istehlak məqsədi,22.24,135.0,2,Bəli,Bəli,Rədd edilib,'Qara siyahı'da olmaq
23765197,Nihat Abdullayev,1982-09-18,Kişi,Bakalavr,İşləyən,3873,Nağd istehlak krediti,16422,şəxsi istehlak məqsədi,18.06,847.0,4,Xeyr,Xeyr,Təsdiqlənib,Müştərinin gəliri və krediti təsdiqləndi
42619885,Fatimə Cavadova,26/09/1993,Qadın,Magistr,İşləyən,1905,Nağd istehlak krediti,1294,toy xərcləri,16.01,495.0,4,Bəli,Xeyr,Rədd edilib,Aşağı kredit reytinqi
77933827,şəbnəm abdullayeva,03-15-07,Q,Bakalavr tehsili,Tələbə,173,Təhsil krediti,"2,127",əsas vəsaitlərin alınması - Biznes krediti,18.08,330.0,0,,Xeyr,Rədd edilib,Aşağı kredit reytinqi
27666864,Şəbnəm Əliyeva,29/05/2004,,Bakalavr tehsili,Tələbə,249,Təhsil krediti,1369,Biznes krediti,11.7,369.0,0,,Xeyr,Rədd edilib,Aşağı kredit reytinqi
35425179,Aysel Cavadova,1983-09-27,Qadın,Bakalavr,İşləyən,2956,Nağd istehlak krediti,3738,tibbi xərclər,15.39,777.0,1,Bəli,Xeyr,Təsdiqlənib,Bütün sənədlər qaydasındadır
95177231,Məhəmməd Vəliyev,18/07/2000,Kişi,Orta məktəb,İşsiz,372,Nağd istehlak krediti,493,məişət avadanlığı alışı,17.71,256.0,1,Xeyr,Xeyr,Rədd edilib,Aşağı kredit reytinqi
51123846,Ləman Əhmədova,1980-01-05,Qadın,Orta məktəb,İşsiz,100,Nağd istehlak krediti,556,təmir,24.85,119.0,1,Xeyr,Xeyr,Rədd edilib,Aşağı kredit reytinqi | Yoxlayıcı_ID: 316
93583098,Nərmin Qasımova,2001-08-25,qadin,Bakalavr,İşləyən,3315,Nağd istehlak krediti,4131,məişət avadanlığı alışı,17.46,864.0,0,Bəli,Xeyr,Təsdiqlənib,Bütün sənədlər qaydasındadır
88638613,Lalə Sultanova,30/11/2005,,Bakalavr,Tələbə,188,Təhsil krediti,2522,dövriyyə vəsaitlərinin artırılması - Biznes krediti,17.91,717.0,0,,Xeyr,Təsdiqlənib,Bütün sənədlər qaydasındadır
48049091,Nihat İbrahimov,11/11/2006,Kişi,Bakalavr,Tələbə,144,Təhsil krediti,818,Biznes krediti,20.07,699.0,0,,Xeyr,Təsdiqlənib,Müştərinin gəliri və krediti təsdiqləndi
61804169,Lalə Əhmədova,07/11/1990,Q,Bakalavr tehsili,İşləyən,2786 manat,Nağd istehlak krediti,836,toy xərcləri,15.25,1318.0,4,Xeyr,Xeyr,Təsdiqlənib,Müştərinin gəliri və krediti təsdiqləndi
91254104,Nihat Rüstəmov,1974-06-05, kişi ,Bakalavr,Sahibkar,5644,Mikro kredit,22696,əsas vəsaitlərin alınması - Biznes krediti,13.45,1330.0,2,Bəli,Xeyr,Təsdiqlənib,Müştərinin gəliri və krediti təsdiqləndi
29279980,Hüseyn İsmayılov,01-07-95,K,Bakalavr,İşləyən,3545,Nağd istehlak krediti,15050,tibbi xərclər,14.78,962.0,4,Xeyr,Xeyr,Təsdiqlənib,Bütün sənədlər qaydasındadır
99609290,Hüseyn İsmayılov,03-11-88,K,Bakalavr,İşləyən,1087,Nağd istehlak krediti,15011,şəxsi istehlak məqsədi,11.16,633.0,2,Xeyr,Xeyr,Təsdiqlənib,Bütün sənədlər qaydasındadır
45781694,Fərid Rəhimov,04-30-85,K,Bakalavr,İşləyən,3199,Nağd istehlak krediti,13968 manat,tibbi xərclər,22.37,401.0,4,Xeyr,Xeyr,Rədd edilib,Aşağı kredit reytinqi
22252592,Zeynəb Nəsirova,30/01/1983,qadin,Bakalavr tehsili,İşləyən,,Nağd istehlak krediti,6299,şəxsi istehlak məqsədi,16.46,640.0,4,Bəli,Xeyr,Təsdiqlənib,Müştərinin gəliri və krediti təsdiqləndi
80801660,Məryəm Cəfərova,1990-09-08,Q,Orta məktəb,İşsiz,348,Nağd istehlak krediti,813,tibbi xərclər,15.84,300.0,2,Xeyr,Xeyr,Rədd edilib,Aşağı kredit reytinqi | Yoxlayıcı_ID: 772
70076071,Əli İbrahimov,1999-12-09,K,Magistr,İşləyən,2508,Nağd istehlak krediti,17024 AZN,məişət avadanlığı alışı,17.56,1161.0,4,Xeyr,Bəli,Rədd edilib,'Qara siyahı'da olmaq | Yoxlayıcı_ID: 995
89996846,Emin Rzayev,06-06-79,Kişi,Bakalavr tehsili,İşləyən,1250,Nağd istehlak krediti,9125,toy xərcləri,12.39,697.0,0,,Xeyr,Təsdiqlənib,Müştərinin gəliri və krediti təsdiqləndi
56084536,Məhəmməd Sultanov,2006-08-27, kişi ,Bakalavr tehsili,Tələbə,191,Təhsil krediti,2801,dövriyyə vəsaitlərinin artırılması - Biznes krediti,21.02,777.0,0,,Xeyr,Təsdiqlənib,Müştərinin gəliri və krediti təsdiqləndi
38763646,Fərid Hüseynov,1976-04-07,K,Bakalavr tehsili,Sahibkar,6121,Mikro kredit,33881,dövriyyə vəsaitlərinin artırılması - Biznes krediti,16.57,1330.0,4,Bəli,Xeyr,Təsdiqlənib,Müştərinin gəliri və krediti təsdiqləndi
51923273,Aylin Quliyeva,1993-04-23,,Bakalavr,Sahibkar,4466,Mikro kredit,89573,dövriyyə vəsaitlərinin artırılması - Biznes krediti,17.05,,4,Xeyr,Xeyr,Təsdiqlənib,Bütün sənədlər qaydasındadır
84613659,Orxan Tağıyev,25/09/1977,K,Bakalavr,İşləyən,1792,Nağd istehlak krediti,7916,şəxsi istehlak məqsədi,20.22,1359.0,4,Bəli,Xeyr,Təsdiqlənib,Müştərinin gəliri və krediti təsdiqləndi | Yoxlayıcı_ID: 814
67822367,Zeynəb Quliyeva,1995-12-18,Qadın,Bakalavr,İşləyən,1896,Nağd istehlak krediti,10258,toy xərcləri,16.4,1539.0,4,Xeyr,Xeyr,Təsdiqlənib,Müştərinin gəliri və krediti təsdiqləndi
43772301,Məhəmməd Rzayev,09-27-80,K,Orta məktəb,İşsiz,152,Nağd istehlak krediti,864,tibbi xərclər,24.65,495.0,0,,Xeyr,Rədd edilib,Aşağı kredit reytinqi
40008462,Rüstəmov Nihat,1977-10-23,K,Bakalavr tehsili,İşləyən,2170,Avtomobil krediti,20044,təmir,21.03,580.0,1,Xeyr,Xeyr,Təsdiqlənib,Bütün sənədlər qaydasındadır
78889625,Nərmin Babayeva,07/11/1989,,Magistr,Sahibkar,8312,Mikro kredit,81932,əsas vəsaitlərin alınması - Biznes krediti,19.37,1016.0,4,Xeyr,Xeyr,Təsdiqlənib,Müştərinin gəliri və krediti təsdiqləndi | Yoxlayıcı_ID: 491
31386252,Elvin Hüseynov,1983-07-05,,Magistr,İşləyən,2437,Avtomobil krediti,17115,şəxsi istehlak məqsədi,18.28,1330.0,1,Xeyr,Xeyr,Təsdiqlənib,Müştərinin gəliri və krediti təsdiqləndi
13154337,Sevinc Hüseynova,22/03/2003,,Magistr,Tələbə,175,Təhsil krediti,1088,əsas vəsaitlərin alınması - Biznes krediti,22.38,236.0,0,,Xeyr,Rədd edilib,Aşağı kredit reytinqi | Yoxlayıcı_ID: 445
70993554,Samir Məmmədov,07-01-07,,Bakalavr tehsili,Tələbə,139,Təhsil krediti,1929,əsas vəsaitlərin alınması - Biznes krediti,22.33,378.0,0,,Xeyr,Rədd edilib,Aşağı kredit reytinqi
64916022,Günel Cavadova,29/02/2000,Qadın,Bakalavr tehsili,İşləyən,3738,Nağd istehlak krediti,8897,toy xərcləri,15.26,1325.0,4,Bəli,Xeyr,Təsdiqlənib,Bütün sənədlər qaydasındadır | Yoxlayıcı_ID: 347
16616377,Nihat Qasımov,22/01/2007,,Bakalavr tehsili,Tələbə,211,Təhsil krediti,"1,577",dövriyyə vəsaitlərinin artırılması - Biznes krediti,23.19,318.0,0,,Xeyr,Rədd edilib,Aşağı kredit reytinqi
76182785,Lalə Nəsirova,1967-05-22,Q,Orta məktəb,İşsiz,206,Nağd istehlak krediti,694,təmir,17.54,571.0,1,Xeyr,Xeyr,Təsdiqlənib,Bütün sənədlər qaydasındadır | Yoxlayıcı_ID: 235
22143683,Babayeva Ayan,1995-04-25,,Bakalavr,İşləyən,2624,Nağd istehlak krediti,4480,toy xərcləri,16.49,1330.0,3,Bəli,Xeyr,Təsdiqlənib,Müştərinin gəliri və krediti təsdiqləndi
42669331,Cavid Rzayev,26/01/1986,Kişi,Bakalavr,Sahibkar,"5,235",Mikro kredit,51194,Biznes krediti,21.42,1404.0,6,Xeyr,Xeyr,Təsdiqlənib,Müştərinin gəliri və krediti təsdiqləndi
24921844,Aydan Quliyeva,03-06-79,,Orta məktəb,İşsiz,270,Nağd istehlak krediti,314,toy xərcləri,12.9,303.0,0,,Xeyr,Rədd edilib,Aşağı kredit reytinqi
65047791,Tural Nəsirov,17/09/1968,K,Magistr,Sahibkar,8453,Mikro kredit,86117,əsas vəsaitlərin alınması - Biznes krediti,24.73,916.0,3,Bəli,Xeyr,Təsdiqlənib,Bütün sənədlər qaydasındadır
94698496,Fidan Rzayeva,1988-11-03,,Bakalavr,İşləyən,1736,Nağd istehlak krediti,10436,məişət avadanlığı alışı,20.0,1251.0,3,Bəli,Xeyr,Təsdiqlənib,Müştərinin gəliri və krediti təsdiqləndi
95247096,Lalə Cəfərova,06-07-07,qadin,Bakalavr,Tələbə,276,Təhsil krediti,2250,əsas vəsaitlərin alınması - Biznes krediti,18.75,237.0,0,,Xeyr,Rədd edilib,Aşağı kredit reytinqi | Yoxlayıcı_ID: 329
45044013,Rəna Cəfərova,22/03/2002,Qadın,Bakalavr tehsili,İşləyən,2608,Nağd istehlak krediti,14473,toy xərcləri,15.56,488.0,2,Xeyr,Xeyr,Təsdiqlənib,Aşağı kredit reytinqi
32063883,Aydan Sultanova,2006-02-12,qadin,Magistr,Tələbə,192,Təhsil krediti,2275,Biznes krediti,21.22,255.0,0,,Xeyr,Rədd edilib,Aşağı kredit reytinqi
99981028,Anar Qasımov,20/04/1970,K,Bakalavr,Sahibkar,6592,Mikro kredit,18290,əsas vəsaitlərin alınması - Biznes krediti,16.18,1342.0,2,Bəli,Xeyr,Təsdiqlənib,Bütün sənədlər qaydasındadır
94806075,Məryəm Rüstəmova,09-23-81,Q,Bakalavr,İşləyən,2698,Nağd istehlak krediti,874,təmir,17.7,1593.0,0,,Xeyr,Təsdiqlənib,Gəlir çatışmazlığı | Yoxlayıcı_ID: 764
44899931,Yusif Səfərov,01/08/1968,,Orta məktəb,İşsiz,129,Nağd istehlak krediti,677,toy xərcləri,24.91,,1,Bəli,Xeyr,Rədd edilib,Aşağı kredit reytinqi
69380925,Kamal Əliyev,10/04/1983,,Magistr,İşləyən,2879,Nağd istehlak krediti,10333,toy xərcləri,16.85,871.0,2,Xeyr,Xeyr,Təsdiqlənib,Bütün sənədlər qaydasındadır | Yoxlayıcı_ID: 908
46548494,Kamal Cavadov,12-10-71, kişi ,Magistr,İşləyən,3142,Avtomobil krediti,17657,Təmir,12.36,1003.0,1,Xeyr,Xeyr,Təsdiqlənib,Bütün sənədlər qaydasındadır
26541452,Murad Vəliyev,05/05/1984,K,Magistr,İşləyən,3764,Nağd istehlak krediti,"3,211",şəxsi istehlak məqsədi,22.92,1383.0,3,Bəli,Xeyr,Təsdiqlənib,Bütün sənədlər qaydasındadır
52203598,Hüseyn Əliyev,06-07-84, kişi ,Bakalavr tehsili,İşləyən,2590,Avtomobil krediti,24947 manat,məişət avadanlığı alışı,23.83,598.0,3,Xeyr,Xeyr,Təsdiqlənib,Bütün sənədlər qaydasındadır
74096136,Nigar Rüstəmova,01-01-88,qadin,Orta məktəb,İşsiz,385,Nağd istehlak krediti,501,Təmir,17.72,326.0,1,Bəli,Bəli,Rədd edilib,'Qara siyahı'da olmaq
11716945,Ləman Rzayeva,07-09-03,Q,Magistr,Tələbə,276,Təhsil krediti,2808,dövriyyə vəsaitlərinin artırılması - Biznes krediti,19.08,701.0,1,Bəli,Xeyr,Təsdiqlənib,Səhv və ya natamam müraciət
80479891, Fidan Nəsirova ,01-18-93,qadin,Orta məktəb,İşsiz,134,Nağd istehlak krediti,986,toy xərcləri,24.98,324.0,2,Bəli,Xeyr,Rədd edilib,Aşağı kredit reytinqi | Yoxlayıcı_ID: 464
48282152, Sevinc Quliyeva ,12-28-05,Qadın,Magistr,Tələbə,175,Təhsil krediti,2647,dövriyyə vəsaitlərinin artırılması - Biznes krediti,20.34,387.0,0,,Xeyr,Rədd edilib,Aşağı kredit reytinqi
31183332,Ləman Hüseynova,10-09-83,Q,Orta məktəb,İşsiz,298,Nağd istehlak krediti,329,şəxsi istehlak məqsədi,11.23,277.0,1,Bəli,Xeyr,Rədd edilib,Aşağı kredit reytinqi
92652328,Səbinə Məmmədova,1990-02-06,Q,Bakalavr,İşləyən,"2,731",Nağd istehlak krediti,4170,şəxsi istehlak məqsədi,13.88,1549.0,0,,Xeyr,Təsdiqlənib,Müştərinin gəliri və krediti təsdiqləndi
69788118,Zülfiyyə Vəliyeva,2003-01-26,Qadın,Magistr,Tələbə,233,Təhsil krediti,2484 manat,dövriyyə vəsaitlərinin artırılması - Biznes krediti,13.17,391.0,0,,Xeyr,Rədd edilib,Aşağı kredit reytinqi
94316681,Zülfiyyə Səfərova,01-05-65,qadin,Orta məktəb,İşsiz,2,Nağd istehlak krediti,879,tibbi xərclər,12.84,596.0,2,Xeyr,Xeyr,Rədd edilib,Gəlir çatışmazlığı
40347987,Yusif Hüseynov,12-18-88,K,Orta məktəb,İşsiz,247,Nağd istehlak krediti,530,məişət avadanlığı alışı,17.48,355.0,2,Bəli,Xeyr,Təsdiqlənib,Aşağı kredit reytinqi
30768847,Aylin Rzayeva,01-02-82,Qadın,Magistr,İşləyən,3991,Nağd istehlak krediti,11825,tibbi xərclər,12.79,412.0,3,Bəli,Xeyr,Rədd edilib,Aşağı kredit reytinqi
71286789,Orxan Cavadov,03/10/2001,Kişi,Bakalavr tehsili,İşləyən,2863,Avtomobil krediti,32080,tibbi xərclər,21.08,1519.0,2,Bəli,Xeyr,Təsdiqlənib,Müştərinin gəliri və krediti təsdiqləndi
61039396,Məryəm Nəsirova,29/12/2004,Q,Magistr,Tələbə,195,Təhsil kriditi,1572,Biznes krediti,15.93,279.0,1,Xeyr,Xeyr,Rədd edilib,Aşağı kredit reytinqi
56949822,Aydan Vəliyeva,05-16-06,Q,Bakalavr,Tələbə,217,Təhsil krediti,2896,Biznes krediti,16.96,685.0,0,,Xeyr,Təsdiqlənib,Bütün sənədlər qaydasındadır
71995404,Nihat Əliyev,1983-12-03,K,Bakalavr,İşləyən,3198,Nağd istehlak krediti,7749,tibbi xərclər,24.09,440.0,4,Bəli,Xeyr,Rədd edilib,Aşağı kredit reytinqi
52247007,Zəhra Babayeva,1986-05-20,Q,Magistr,İşləyən,3811,Nağd istehlak krediti,19037 AZN,şəxsi istehlak məqsədi,12.77,1551.0,1,Bəli,Xeyr,Təsdiqlənib,Bütün sənədlər qaydasındadır
60300962,Əli İsmayılov,1979-05-21,Kişi,Magistr,İşləyən,3352,Nağd istehlak krediti,10132,toy xərcləri,19.32,828.0,2,Bəli,Xeyr,Təsdiqlənib,Bütün sənədlər qaydasındadır
39612117,Rəna İsmayılova,06-02-05,Q,Magistr,Tələbə,140,Təhsil krediti,1956 AZN,dövriyyə vəsaitlərinin artırılması - Biznes krediti,12.86,441.0,0,,Xeyr,Rədd edilib,Aşağı kredit reytinqi
58635434,Fatimə Quliyeva,04-22-01,qadin,Magistr,İşləyən,3291,Nağd istehlak krediti,7972,məişət avadanlığı alışı,15.64,937.0,4,Xeyr,Xeyr,Təsdiqlənib,Müştərinin gəliri və krediti təsdiqləndi | Yoxlayıcı_ID: 465
71393620,Şəbnəm Məmmədova,02/08/2006,qadin,Magistr,Tələbə,180,Təhsil krediti,2061,əsas vəsaitlərin alınması - Biznes krediti,15.3,270.0,0,,Xeyr,Rədd edilib,Aşağı kredit reytinqi
79524175, Murad Cəfərov ,10-19-71, kişi ,Magistr,İşləyən,2160,Nağd istehlak krediti,18181,toy xərcləri,18.43,740.0,2,Bəli,Xeyr,Təsdiqlənib,Müştərinin gəliri və krediti təsdiqləndi | Yoxlayıcı_ID: 708
48477949,Tural İsmayılov,26/12/2002,Kişi,Bakalavr tehsili,Tələbə,127,Təhsil krediti,1856 AZN,dövriyyə vəsaitlərinin artırılması - Biznes krediti,24.44,377.0,0,,Xeyr,Rədd edilib,Aşağı kredit reytinqi
74459406,kəmalə babayeva,2000-07-03,qadin,Bakalavr tehsili,İşləyən,3474,Nağd istehlak krediti,8368,toy xərcləri,24.21,509.0,1,Bəli,Xeyr,Təsdiqlənib,Bütün sənədlər qaydasındadır
70295936,Sevinc İbrahimova,09-28-03,qadin,Bakalavr tehsili,Tələbə,226,Təhsil krediti,1372,dövriyyə vəsaitlərinin artırılması - Biznes krediti,17.32,459.0,0,,Xeyr,Rədd edilib,Aşağı kredit reytinqi
63856384,Murad Cəfərov,1973-06-24,Kişi,Magistr,Sahibkar,3243,Mikro kredit,83424,dövriyyə vəsaitlərinin artırılması - Biznes krediti,17.0,1550.0,2,Xeyr,Xeyr,Rədd edilib,Gəlir çatışmazlığı
56769748,Kamal Sultanov,1995-10-21,Kişi,Orta məktəb,İşsiz,231,Nağd istehlak krediti,933,şəxsi istehlak məqsədi,16.05,395.0,2,Xeyr,Xeyr,Rədd edilib,Aşağı kredit reytinqi
62763755,Fatimə İsmayılova,30/12/1987,qadin,Magistr,Sahibkar,"5,794",Mikro kredit,14437,dövriyyə vəsaitlərinin artırılması - Biznes krediti,14.25,1223.0,4,Bəli,Xeyr,Təsdiqlənib,Müştərinin gəliri və krediti təsdiqləndi
34196373,Aydan Abdullayeva,1999-06-23,Qadın,Bakalavr tehsili,İşləyən,"3,832",Nağd istehlak kriditi,2962,tibbi xərclər,17.75,652.0,0,,Xeyr,Təsdiqlənib,Bütün sənədlər qaydasındadır | Yoxlayıcı_ID: 304
84423126,Şəbnəm Babayeva,2005-07-18,qadin,Magistr,Tələbə,299,Təhsil krediti,1754,dövriyyə vəsaitlərinin artırılması - Biznes krediti,17.62,,0,,Xeyr,Təsdiqlənib,Bütün sənədlər qaydasındadır | Yoxlayıcı_ID: 702
55702976,Zəhra Tağıyeva,1989-12-02,,Bakalavr tehsili,İşləyən,,Nağd istehlak krediti,13504,təmir,10.92,641.0,4,Bəli,Xeyr,Təsdiqlənib,Bütün sənədlər qaydasındadır
52034835,Fərid Tağıyev,01-06-06,K,Magistr,Tələbə,214,Təhsil krediti,614,Biznes krediti,18.43,679.0,0,,Xeyr,Təsdiqlənib,Bütün sənədlər qaydasındadır
10010538,Səbinə Səfərova,1962-09-22,Q,Orta məktəb,İşsiz,178,Nağd istehlak krediti,883,təmir,21.38,361.0,0,,Xeyr,Rədd edilib,Aşağı kredit reytinqi
55633746,Anar Vəliyev,1983-05-30,K,Magistr,İşləyən,1301,Nağd istehlak krediti,4762,təmir,21.53,1064.0,4,Xeyr,Xeyr,Təsdiqlənib,Müştərinin gəliri və krediti təsdiqləndi
14781026, Fatimə Cəfərova ,13/10/1985,,Bakalavr,İşləyən,1543,Nağd istehlak krediti,18787,şəxsi istehlak məqsədi,17.43,996.0,2,Bəli,Xeyr,Təsdiqlənib,Müştərinin gəliri və krediti təsdiqləndi | Yoxlayıcı_ID: 475
99529876,Məryəm Sultanova,1985-12-22,Q,Bakalavr tehsili,İşləyən,1663,Nağd istehlak krediti,4311,tibbi xərclər,15.24,630.0,0,,Xeyr,Təsdiqlənib,Bütün sənədlər qaydasındadır | Yoxlayıcı_ID: 683
11134614,Cavid Məmmədov,07/11/1968,,Bakalavr tehsili,Sahibkar,6103,Mikro kredit,39154,əsas vəsaitlərin alınması - Biznes krediti,14.86,1521.0,3,Xeyr,Xeyr,Təsdiqlənib,Müştərinin gəliri və krediti təsdiqləndi
68165027,Anar İbrahimov,05-26-06, kişi ,Bakalavr tehsili,Tələbə,240,Təhsil krediti,2834,dövriyyə vəsaitlərinin artırılması - Biznes krediti,11.41,,0,,Xeyr,Təsdiqlənib,Bütün sənədlər qaydasındadır
23995175,Rauf Cəfərov,29/06/1986,K,Bakalavr,Sahibkar,5629,Mikro kredit,96618,dövriyyə vəsaitlərinin artırılması - Biznes krediti,20.16,997.0,5,Bəli,Xeyr,Təsdiqlənib,Bütün sənədlər qaydasındadır
66462678,Kamal Rzayev,1977-06-17,Kişi,Magistr,İşləyən,2629,Avtomobil krediti,21555,toy xərcləri,18.57,915.0,2,Bəli,Xeyr,Təsdiqlənib,Bütün sənədlər qaydasındadır
60450600,Aylin Cəfərova,1966-03-16,Q,Bakalavr tehsili,Sahibkar,6621,Mikro kredit,89175,əsas vəsaitlərin alınması - Biznes krediti,18.08,1239.0,8,Bəli,Xeyr,Təsdiqlənib,Bütün sənədlər qaydasındadır
17564702, Məhəmməd Cavadov ,03-24-78,,Bakalavr,İşləyən,1073,Avtomobil krediti,15528,tibbi xərclər,24.8,796.0,1,Xeyr,Xeyr,Təsdiqlənib,Bankın kredit şərtlərinə uyğun deyil
41199383,Fərid Quliyev,21/03/1995,,Orta məktəb,İşsiz,266,Nağd istehlak krediti,569,şəxsi istehlak məqsədi,22.57,437.0,1,Xeyr,Xeyr,Rədd edilib,Aşağı kredit reytinqi
45645311,Günel Qasımova,05-20-95,qadin,Bakalavr tehsili,İşləyən,2263,Avtomobil krediti,19375 AZN,təmir,11.53,582.0,4,Xeyr,Xeyr,Təsdiqlənib,Bütün sənədlər qaydasındadır
18724643,Aylin Sultanova,25/05/1998,,Magistr,İşləyən,2542,Nağd istehlak krediti,17665,məişət avadanlığı alışı,13.61,1074.0,2,Xeyr,Xeyr,Təsdiqlənib,Müştərinin gəliri və krediti təsdiqləndi
67682008,Zülfiyyə Cavadova,04-29-71,Qadın,Bakalavr,İşləyən,1440,Avtomobil krediti,32459,məişət avadanlığı alışı,23.37,1092.0,1,Bəli,Xeyr,Təsdiqlənib,Bankın kredit şərtlərinə uyğun deyil
82611948,Ayan Vəliyeva,02-17-87,Q,Bakalavr tehsili,İşləyən,3919,Nağd istehlak krediti,10826,tibbi xərclər,11.96,1400.0,4,Bəli,Xeyr,Təsdiqlənib,Müştərinin gəliri və krediti təsdiqləndi | Yoxlayıcı_ID: 815
18666109,Sevinc Vəliyeva,1998-07-29,qadin,Bakalavr tehsili,İşləyən,2395,Avtomobil krediti,13080,tibbi xərclər,17.78,595.0,2,Bəli,Xeyr,Təsdiqlənib,Müştərinin gəliri və krediti təsdiqləndi
32992282,Əli İsmayılov,1995-07-14,,Bakalavr tehsili,İşləyən,1561,Avtomobil krediti,20119,toy xərcləri,16.74,1485.0,4,Bəli,Xeyr,Təsdiqlənib,Bütün sənədlər qaydasındadır | Yoxlayıcı_ID: 859
36137453,Murad İsmayılov,1994-06-06, kişi ,Bakalavr tehsili,Sahibkar,5358,Mikro kredit,56975,Biznes krediti,13.28,912.0,8,Bəli,Xeyr,Təsdiqlənib,Müştərinin gəliri və krediti təsdiqləndi
57676371,Məryəm Tağıyeva,09-16-05,Qadın,Magistr,Tələbə,272 manat,Təhsil krediti,809,Biznes krediti,11.95,698.0,0,,Xeyr,Təsdiqlənib,Bütün sənədlər qaydasındadır
25795661,Nigar Hüseynova,11-05-03,qadin,Magistr,Tələbə,249,Təhsil krediti,1270,əsas vəsaitlərin alınması - Biznes krediti,11.47,245.0,0,,Xeyr,Rədd edilib,Aşağı kredit reytinqi
92472506,Əli Vəliyev,1981-08-11,,Bakalavr tehsili,Sahibkar,5705,Mikro kredit,7109,əsas vəsaitlərin alınması - Biznes krediti,22.95,1182.0,8,Xeyr,Xeyr,Təsdiqlənib,Bütün sənədlər qaydasındadır | Yoxlayıcı_ID: 511
78974496,Lalə Rzayeva,22/07/1980,Qadın,Magistr,İşləyən,1061,Nağd istehlak krediti,11095,təmir,24.58,548.0,4,Xeyr,Xeyr,Təsdiqlənib,Müştərinin gəliri və krediti təsdiqləndi | Yoxlayıcı_ID: 384
83475889,Emin Cavadov,1996-08-11, kişi ,Bakalavr tehsili,İşləyən,1630,Nağd istehlak krediti,2720,toy xərcləri,16.35,1121.0,1,Bəli,Xeyr,Təsdiqlənib,Bütün sənədlər qaydasındadır
55875891,Emin Məmmədov,09-29-73,,Bakalavr,İşləyən,890,Nağd istehlak krediti,4514,təmir,21.07,1527.0,4,Xeyr,Xeyr,Təsdiqlənib,Bütün sənədlər qaydasındadır
42811546,Kəmalə Cavadova,07-27-83,Qadın,Bakalavr,İşləyən,3538 manat,Avtomobil krediti,38958,tibbi xərclər,23.14,1540.0,3,Bəli,Bəli,Rədd edilib,'Qara siyahı'da olmaq | Yoxlayıcı_ID: 642
13479327,Ayan Cavadova,06/07/2005,,Bakalavr,Tələbə,145,Təhsil krediti,2783,Biznes krediti,14.13,390.0,0,,Xeyr,Rədd edilib,Aşağı kredit reytinqi | Yoxlayıcı_ID: 598
48902812, Zülfiyyə İsmayılova ,1990-12-27,qadin,Bakalavr tehsili,İşləyən,893,Nağd istehlak krediti,13685,tibbi xərclər,22.58,1205.0,3,Bəli,Xeyr,Təsdiqlənib,Müştərinin gəliri və krediti təsdiqləndi
50551576,Ləman Əliyeva,15/12/2003,qadin,Bakalavr,Tələbə,194,Təhsil krediti,"1,233",əsas vəsaitlərin alınması - Biznes krediti,18.87,341.0,1,Xeyr,Xeyr,Rədd edilib,Aşağı kredit reytinqi
66615252,Cavid Cavadov,23/05/1999, kişi ,Orta məktəb,İşsiz,210,Nağd istehlak krediti,899,şəxsi istehlak məqsədi,22.54,461.0,0,,Xeyr,Rədd edilib,Aşağı kredit reytinqi | Yoxlayıcı_ID: 460
40451393,Cavid Hüseynov,14/09/1999,,Bakalavr,İşləyən,1952,Nağd istehlak krediti,6711,şəxsi istehlak məqsədi,22.12,1504.0,3,Bəli,Xeyr,Təsdiqlənib,Bütün sənədlər qaydasındadır
32153641,Qasımova Aydan,03-02-96,,Bakalavr tehsili,İşləyən,1088,Nağd istehlak krediti,5936,məişət avadanlığı alışı,13.0,612.0,2,Xeyr,Xeyr,Təsdiqlənib,Bütün sənədlər qaydasındadır
88082279,Uğur Nəsirov,09-19-83,,Orta məktəb,İşsiz,380 AZN,Nağd istehlak krediti,334,toy xərcləri,19.66,317.0,1,Bəli,Xeyr,Rədd edilib,Aşağı kredit reytinqi
47410209,Fatimə İsmayılova,07/05/2005,qadin,Bakalavr,Tələbə,128,Təhsil krediti,1247,Biznes krediti,13.82,,0,,Xeyr,Rədd edilib,Aşağı kredit reytinqi | Yoxlayıcı_ID: 143
92739097,Ayan Quliyeva,1994-09-22,Q,Bakalavr,Sahibkar,3175,Mikro kredit,69352,dövriyyə vəsaitlərinin artırılması - Biznes krediti,18.39,1183.0,5,Bəli,Xeyr,Təsdiqlənib,Müştərinin gəliri və krediti təsdiqləndi
93876139,Zülfiyyə İsmayılova,05-07-70,qadin,Bakalavr tehsili,Sahibkar,2923,Mikro kredit,10943,Biznes krediti,11.01,1156.0,7,Xeyr,Xeyr,Təsdiqlənib,Bütün sənədlər qaydasındadır
88323591,Kəmalə Abdullayeva,2003-05-08,Qadın,Bakalavr,Tələbə,284,Təhsil krediti,1710,Biznes krediti,22.0,690.0,0,,Xeyr,Təsdiqlənib,Bankın kredit şərtlərinə uyğun deyil
66017369,Məryəm Hüseynova,1977-05-22,Q,Bakalavr,İşləyən,3855,Nağd istehlak krediti,14627,təmir,14.63,920.0,2,Xeyr,Xeyr,Təsdiqlənib,Müştərinin gəliri və krediti təsdiqləndi
40347532,Rauf Cavadov,1987-05-30,Kişi,Bakalavr,İşləyən,2977,Nağd istehlak krediti,14780,şəxsi istehlak məqsədi,20.96,,1,Xeyr,Xeyr,Rədd edilib,Aşağı kredit reytinqi | Yoxlayıcı_ID: 429
91190829,Fatimə Səfərova,01/08/1994,,Magistr,İşləyən,1412 AZN,Nağd istehlak krediti,12936,şəxsi istehlak məqsədi,18.61,655.0,4,Bəli,Xeyr,Təsdiqlənib,Müştərinin gəliri və krediti təsdiqləndi
40544147,Günel Əhmədova,10/07/2003,Q,Magistr,Tələbə,262,Təhsil krediti,2520,əsas vəsaitlərin alınması - Biznes krediti,21.09,506.0,0,,Xeyr,Təsdiqlənib,Bütün sənədlər qaydasındadır
44868046,Zəhra Sultanova,1975-06-13,Qadın,Bakalavr,İşləyən,3511,Nağd istehlak krediti,14335,təmir,18.05,1465.0,3,Bəli,Xeyr,Təsdiqlənib,Müştərinin gəliri və krediti təsdiqləndi
31427749,Sevinc Quliyeva,06/11/2000,Qadın,Bakalavr tehsili,İşləyən,894,Avtomobil krediti,18897,təmir,11.88,1332.0,1,Bəli,Xeyr,Təsdiqlənib,Bütün sənədlər qaydasındadır
98240373,Sahil Vəliyev,08-23-97, kişi ,Magistr,İşləyən,3097,Nağd istehlak krediti,17616,şəxsi istehlak məqsədi,19.96,578.0,3,Bəli,Xeyr,Təsdiqlənib,Bütün sənədlər qaydasındadır | Yoxlayıcı_ID: 290
16113753,Hüseyn İsmayılov,07/12/1974,,Orta məktəb,İşsiz,43,Nağd istehlak krediti,808,məişət avadanlığı alışı,17.45,372.0,0,,Xeyr,Rədd edilib,Aşağı kredit reytinqi
13196480,Uğur İbrahimov,19/03/1977, kişi ,Bakalavr tehsili,Sahibkar,4061,Mikro kredit,37873,Biznes krediti,16.09,1358.0,3,Xeyr,Xeyr,Təsdiqlənib,Bütün sənədlər qaydasındadır
80125090,Səbinə İbrahimova,02/09/1966,Qadın,Magistr,Sahibkar,3256,Mikro kredit,87028,Biznes krediti,17.26,1498.0,5,Bəli,Xeyr,Rədd edilib,Gəlir çatışmazlığı
91872127,Fatimə Cəfərova,04-28-82,Q,Bakalavr,İşləyən,1469,Nağd istehlak krediti,17023,şəxsi istehlak məqsədi,11.47,852.0,3,Bəli,Xeyr,Təsdiqlənib,Bütün sənədlər qaydasındadır
40846027,Rəşad Vəliyev,1986-11-04,K,Bakalavr,İşləyən,1642,Nağd istehlak krediti,14246,təmir,21.8,801.0,2,Bəli,Xeyr,Təsdiqlənib,Müştərinin gəliri və krediti təsdiqləndi
99677134,Şəbnəm Əliyeva,09-04-04,qadin,Magistr,Tələbə,275 manat,Təhsil krediti,1542,dövriyyə vəsaitlərinin artırılması - Biznes krediti,24.87,517.0,1,Xeyr,Xeyr,Təsdiqlənib,Bütün sənədlər qaydasındadır | Yoxlayıcı_ID: 659
77688486,Ramin Səfərov,1979-06-25, kişi ,Bakalavr tehsili,İşləyən,3656,Nağd istehlak krediti,2612,şəxsi istehlak məqsədi,13.57,492.0,4,Xeyr,Xeyr,Rədd edilib,Aşağı kredit reytinqi
29287308,Zəhra Rəhimova,06-05-07,qadin,Bakalavr,Tələbə,220,Təhsil kriditi,1051,dövriyyə vəsaitlərinin artırılması - Biznes krediti,17.33,213.0,0,,Xeyr,Rədd edilib,Aşağı kredit reytinqi | Yoxlayıcı_ID: 321
88993764, Aydan Tağıyeva ,14/06/2006,,Bakalavr,Tələbə,205,Təhsil krediti,2978,dövriyyə vəsaitlərinin artırılması - Biznes krediti,23.68,363.0,0,,Xeyr,Rədd edilib,Aşağı kredit reytinqi
59705874,Ləman Cəfərova,1974-06-29,,Magistr,İşləyən,2535,Nağd istehlak krediti,16032,toy xərcləri,20.01,1234.0,0,,Xeyr,Təsdiqlənib,Bütün sənədlər qaydasındadır
89033840,Aydan Məmmədova,07-29-81,Qadın,Magistr,İşləyən,3047 AZN,Nağd istehlak krediti,6809,məişət avadanlığı alışı,15.96,1165.0,3,Xeyr,Xeyr,Təsdiqlənib,Müştərinin gəliri və krediti təsdiqləndi
20851303,Murad İbrahimov,1995-07-28, kişi ,Bakalavr tehsili,İşləyən,1325,Nağd istehlak kriditi,11153,toy xərcləri,22.13,936.0,0,,Xeyr,Təsdiqlənib,Bütün sənədlər qaydasındadır
95559734,Səbinə İsmayılova,03/12/1991,,Bakalavr,İşləyən,1787 AZN,Nağd istehlak krediti,7321,toy xərcləri,21.91,1522.0,4,Xeyr,Xeyr,Təsdiqlənib,Müştərinin gəliri və krediti təsdiqləndi
49586966,Aydan Rzayeva,15/05/1993,,Magistr,İşləyən,2057,Nağd istehlak krediti,19157,toy xərcləri,14.63,1228.0,1,Bəli,Xeyr,Təsdiqlənib,Müştərinin gəliri və krediti təsdiqləndi
69755654,Cavid İbrahimov,29/06/1998,K,Orta məktəb,İşsiz,30,Nağd istehlak krediti,412,şəxsi istehlak məqsədi,13.99,254.0,0,,Xeyr,Rədd edilib,Aşağı kredit reytinqi | Yoxlayıcı_ID: 294
92303685,Fatimə Sultanova,13/07/1987,Qadın,Magistr,İşləyən,2368,Nağd istehlak krediti,10005,şəxsi istehlak məqsədi,17.32,825.0,4,Xeyr,Xeyr,Təsdiqlənib,Müştərinin gəliri və krediti təsdiqləndi
67857847,Samir Rzayev,1977-08-09, kişi ,Magistr,İşləyən,"1,147",Nağd istehlak krediti,19273,toy xərcləri,14.77,,2,Bəli,Xeyr,Təsdiqlənib,Müştərinin gəliri və krediti təsdiqləndi
55917924,Şəbnəm Tağıyeva,04-14-97,Q,Bakalavr tehsili,İşləyən,3280,Nağd istehlak krediti,892,toy xərcləri,17.95,1131.0,0,,Xeyr,Təsdiqlənib,Bütün sənədlər qaydasındadır
19435738,Nihat Rüstəmov,2002-01-12,Kişi,Bakalavr tehsili,İşləyən,3976,Nağd istehlak krediti,1371,məişət avadanlığı alışı,15.29,497.0,4,Bəli,Xeyr,Rədd edilib,Aşağı kredit reytinqi
91554301,Rəna Sultanova,2000-01-14,,Bakalavr tehsili,İşləyən,3600,Nağd istehlak krediti,10674,təmir,11.32,845.0,0,,Xeyr,Təsdiqlənib,Bütün sənədlər qaydasındadır
12882861,Orxan Cavadov,05-21-86,K,Magistr,İşləyən,2607,Nağd istehlak krediti,6680,tibbi xərclər,24.69,983.0,3,Xeyr,Xeyr,Təsdiqlənib,Bütün sənədlər qaydasındadır
12651394,Yusif Nəsirov,23/08/1971,Kişi,Magistr,Sahibkar,,Mikro kredit,51752,Biznes krediti,24.0,1572.0,3,Xeyr,Xeyr,Təsdiqlənib,Müştərinin gəliri və krediti təsdiqləndi
98273515,Hüseyn Tağıyev,1992-11-03,K,Bakalavr,İşləyən,,Nağd istehlak krediti,13646,toy xərcləri,14.32,554.0,1,Bəli,Xeyr,Təsdiqlənib,Bütün sənədlər qaydasındadır
80826371,Ramin Qasımov,1973-07-13,K,Magistr,Sahibkar,3329,Mikro kredit,64941,əsas vəsaitlərin alınması - Biznes krediti,16.09,1402.0,7,Xeyr,Xeyr,Təsdiqlənib,Müştərinin gəliri və krediti təsdiqləndi
85676796,Nərmin Məmmədova,10-22-78,,Bakalavr,Sahibkar,9296,Mikro kredit,34565,Biznes krediti,21.7,1173.0,8,Xeyr,Xeyr,Təsdiqlənib,Müştərinin gəliri və krediti təsdiqləndi
71776518, Emin Hüseynov ,1979-03-07,K,Bakalavr tehsili,Sahibkar,5877,Mikro kredit,57784,Biznes krediti,23.97,971.0,6,Bəli,Xeyr,Təsdiqlənib,Bütün sənədlər qaydasındadır
64672270,Günel Əhmədova,16/04/2002,Qadın,Bakalavr tehsili,İşləyən,3613,Avtomobil krediti,29671,tibbi xərclər,17.7,1128.0,3,Xeyr,Xeyr,Təsdiqlənib,Müştərinin gəliri və krediti təsdiqləndi
18520436,rəşad abdullayev,03-09-97,K,Bakalavr,İşləyən,869,Nağd istehlak krediti,7330,şəxsi istehlak məqsədi,23.88,560.0,3,Bəli,Xeyr,Təsdiqlənib,Müştərinin gəliri və krediti təsdiqləndi
11808705,Ayan Rüstəmova,1989-10-13,,Magistr,İşləyən,1582,Nağd istehlak kriditi,7398,toy xərcləri,12.79,625.0,0,,Xeyr,Təsdiqlənib,Müştərinin gəliri və krediti təsdiqləndi
28483215,Yusif İsmayılov,2003-05-05,Kişi,Bakalavr tehsili,Tələbə,118,Təhsil krediti,2904,əsas vəsaitlərin alınması - Biznes krediti,16.3,649.0,0,,Xeyr,Rədd edilib,Gəlir çatışmazlığı
71264556,Rauf Cavadov,1993-01-29,Kişi,Bakalavr,İşləyən,2452,Nağd istehlak krediti,"3,061",toy xərcləri,18.3,1136.0,3,Xeyr,Xeyr,Təsdiqlənib,Müştərinin gəliri və krediti təsdiqləndi
66465876,Zülfiyyə Rəhimova,1970-11-22,Qadın,Bakalavr tehsili,İşləyən,2106,Nağd istehlak krediti,523,toy xərcləri,16.86,910.0,4,Bəli,Xeyr,Təsdiqlənib,Müştərinin gəliri və krediti təsdiqləndi | Yoxlayıcı_ID: 486
68652611,Zeynəb Sultanova,1996-11-26,Q,Bakalavr tehsili,İşləyən,1325,Nağd istehlak krediti,13696,məişət avadanlığı alışı,21.3,599.0,1,Xeyr,Xeyr,Təsdiqlənib,Bütün sənədlər qaydasındadır
76578403,Murad İbrahimov,2001-01-14,,Bakalavr,İşləyən,2338,Nağd istehlak krediti,17309 manat,şəxsi istehlak məqsədi,19.54,654.0,3,Xeyr,Xeyr,Təsdiqlənib,Müştərinin gəliri və krediti təsdiqləndi | Yoxlayıcı_ID: 717
70695023, Məryəm Qasımova ,2006-09-01,,Bakalavr tehsili,Tələbə,172,Təhsil krediti,2708,dövriyyə vəsaitlərinin artırılması - Biznes krediti,20.02,660.0,1,Bəli,Xeyr,Təsdiqlənib,Bütün sənədlər qaydasındadır
97568777,Hüseyn Cəfərov,12-19-92,,Bakalavr tehsili,Sahibkar,9704,Mikro kredit,74369,dövriyyə vəsaitlərinin artırılması - Biznes krediti,17.68,1266.0,6,Bəli,Xeyr,Təsdiqlənib,Bütün sənədlər qaydasındadır
99486028,Hüseyn Hüseynov,08-29-67,,Orta məktəb,İşsiz,186,Nağd istehlak krediti,900,toy xərcləri,15.18,192.0,1,Xeyr,Bəli,Rədd edilib,'Qara siyahı'da olmaq | Yoxlayıcı_ID: 795
11189850,tural cavadov,25/11/1993,,Bakalavr,İşləyən,1301,Nağd istehlak krediti,18818,təmir,15.37,1515.0,4,Bəli,Xeyr,Təsdiqlənib,Bütün sənədlər qaydasındadır
55833950,Aysel Əliyeva,25/09/1980,,Magistr,Sahibkar,8439,Mikro kredit,6640,dövriyyə vəsaitlərinin artırılması - Biznes krediti,11.15,884.0,8,Bəli,Xeyr,Təsdiqlənib,Müştərinin gəliri və krediti təsdiqləndi
85944024,Ləman Abdullayeva,08/12/1988,Q,Orta məktəb,İşsiz,40,Nağd istehlak krediti,617,şəxsi istehlak məqsədi,15.47,140.0,0,,Xeyr,Rədd edilib,Aşağı kredit reytinqi
89450347,Samir Cəfərov,12-08-80,K,Bakalavr tehsili,İşləyən,2111,Nağd istehlak krediti,16976,tibbi xərclər,22.18,596.0,3,Xeyr,Xeyr,Təsdiqlənib,Müştərinin gəliri və krediti təsdiqləndi
90164459,Zəhra Qasımova,24/04/2007,qadin,Bakalavr tehsili,Tələbə,171,Təhsil krediti,1718,dövriyyə vəsaitlərinin artırılması - Biznes krediti,18.03,452.0,0,,Xeyr,Rədd edilib,Aşağı kredit reytinqi
80867971,zəhra əhmədova,11-23-81,,Magistr,İşləyən,2717,Nağd istehlak krediti,4718,təmir,20.9,1312.0,4,Xeyr,Xeyr,Təsdiqlənib,Bütün sənədlər qaydasındadır
58361874,Məryəm Sultanova,1984-01-20,,Orta məktəb,İşsiz,68,Nağd istehlak krediti,964,tibbi xərclər,23.01,552.0,2,Bəli,Xeyr,Təsdiqlənib,Müştərinin gəliri və krediti təsdiqləndi
91031902,Elvin Əliyev,06-01-89,K,Bakalavr tehsili,İşləyən,2393 AZN,Nağd istehlak krediti,1581,toy xərcləri,17.37,694.0,4,Bəli,Xeyr,Təsdiqlənib,Müştərinin gəliri və krediti təsdiqləndi
73320645,Qasımova Ayan,13/02/1973,,Bakalavr tehsili,İşləyən,3914,Avtomobil krediti,9361,tibbi xərclər,13.14,990.0,3,Bəli,Xeyr,Təsdiqlənib,Müştərinin gəliri və krediti təsdiqləndi
94031238,Sahil Cavadov,2006-07-21,Kişi,Magistr,Tələbə,210,Təhsil krediti,2866,dövriyyə vəsaitlərinin artırılması - Biznes krediti,13.14,568.0,0,,Xeyr,Təsdiqlənib,Səhv və ya natamam müraciət | Yoxlayıcı_ID: 709
86941673,İbrahimov Murad,2004-12-17,K,Magistr,Tələbə,221,Təhsil krediti,1958,əsas vəsaitlərin alınması - Biznes krediti,12.19,337.0,0,,Xeyr,Rədd edilib,Aşağı kredit reytinqi
81707290,Aydan Rəhimova,04-23-04,Qadın,Bakalavr,Tələbə,277,Təhsil krediti,992,əsas vəsaitlərin alınması - Biznes krediti,15.82,778.0,0,Bəli,Xeyr,Təsdiqlənib,Bütün sənədlər qaydasındadır
66580150,Ramin İsmayılov,1982-09-29, kişi ,Bakalavr,Sahibkar,4832,Mikro kredit,83543,əsas vəsaitlərin alınması - Biznes krediti,15.24,1014.0,2,Xeyr,Xeyr,Təsdiqlənib,Bütün sənədlər qaydasındadır
42988270,Samir Əhmədov,04-21-87,K,Bakalavr tehsili,İşləyən,3730,Avtomobil krediti,15318,təmir,20.04,1580.0,4,Bəli,Xeyr,Təsdiqlənib,Müştərinin gəliri və krediti təsdiqləndi | Yoxlayıcı_ID: 517
40153522,Aysel Rəhimova,1983-10-31,,Bakalavr tehsili,İşləyən,1373,Nağd istehlak krediti,7462,şəxsi istehlak məqsədi,22.14,900.0,0,,Xeyr,Təsdiqlənib,Müştərinin gəliri və krediti təsdiqləndi
20672752,Rəna İsmayılova,1998-12-24,,Bakalavr tehsili,İşləyən,2615,Nağd istehlak krediti,8382,tibbi xərclər,13.78,1460.0,1,Xeyr,Xeyr,Təsdiqlənib,Müştərinin gəliri və krediti təsdiqləndi
71661734,Yusif Vəliyev,18/07/1998,,Orta məktəb,İşsiz,292,Nağd istehlak krediti,419,şəxsi istehlak məqsədi,18.9,347.0,2,Xeyr,Xeyr,Rədd edilib,Aşağı kredit reytinqi
33835090,Samir Tağıyev,1984-04-28,,Bakalavr,İşləyən,3972,Nağd istehlak krediti,681,təmir,22.06,1093.0,4,Xeyr,Xeyr,Təsdiqlənib,Müştərinin gəliri və krediti təsdiqləndi
68481518,rəşad abdullayev,1985-03-25, kişi ,Bakalavr,İşləyən,1088,Nağd istehlak krediti,14995 manat,şəxsi istehlak məqsədi,12.45,1006.0,0,,Xeyr,Təsdiqlənib,Müştərinin gəliri və krediti təsdiqləndi | Yoxlayıcı_ID: 689
58244627,Yusif Rəhimov,28/10/1972, kişi ,Magistr,İşləyən,2016,Nağd istehlak krediti,12422,məişət avadanlığı alışı,23.34,619.0,1,Xeyr,Xeyr,Təsdiqlənib,Bütün sənədlər qaydasındadır
95917216,Samir Vəliyev,2002-04-20, kişi ,Magistr,İşləyən,3129,Nağd istehlak krediti,2254,toy xərcləri,24.8,742.0,1,Xeyr,Xeyr,Təsdiqlənib,Müştərinin gəliri və krediti təsdiqləndi
10923921,Kamal Rüstəmov,16/05/1975,Kişi,Magistr,İşləyən,1779 AZN,Nağd istehlak krediti,18134,təmir,14.8,1285.0,4,Bəli,Xeyr,Təsdiqlənib,Bütün sənədlər qaydasındadır
95443382,Aysel Sultanova,21/07/1975,Q,Bakalavr tehsili,İşləyən,3235,Nağd istehlak krediti,19098,məişət avadanlığı alışı,22.58,1083.0,4,Xeyr,Xeyr,Təsdiqlənib,Müştərinin gəliri və krediti təsdiqləndi
94928808,Samir Babayev,10-09-83,Kişi,Bakalavr tehsili,İşləyən,2919,Nağd istehlak krediti,16707,məişət avadanlığı alışı,15.58,596.0,0,,Bəli,Rədd edilib,'Qara siyahı'da olmaq
56607645,Nihat Abdullayev,2003-05-14,Kişi,Bakalavr,Tələbə,174,Təhsil krediti,1053,Biznes krediti,19.33,665.0,1,Bəli,Xeyr,Təsdiqlənib,Bütün sənədlər qaydasındadır
55096458,Rəşad Babayev,11-02-84, kişi ,Magistr,Sahibkar,7875,Mikro kredit,43745,əsas vəsaitlərin alınması - Biznes krediti,20.54,912.0,8,Bəli,Xeyr,Təsdiqlənib,Müştərinin gəliri və krediti təsdiqləndi
91957008,Günel İbrahimova,1994-11-17,Qadın,Orta məktəb,İşsiz,244,Nağd istehlak krediti,765,toy xərcləri,22.7,506.0,1,Xeyr,Xeyr,Təsdiqlənib,Bütün sənədlər qaydasındadır
82315888,Fidan Rzayeva,28/09/1989,Qadın,Magistr,İşləyən,3491,Avtomobil krediti,16969,şəxsi istehlak məqsədi,24.26,518.0,3,Bəli,Xeyr,Təsdiqlənib,Bütün sənədlər qaydasındadır
14015303,Samir Babayev,04/11/1966,K,Magistr,Sahibkar,9379,Mikro kredit,36468,əsas vəsaitlərin alınması - Biznes krediti,22.82,1102.0,8,Bəli,Xeyr,Təsdiqlənib,İş stajı yetərsizdir
12341042,Orxan Hüseynov,1982-03-11,,Magistr,İşləyən,1915,Nağd istehlak krediti,6697,şəxsi istehlak məqsədi,13.85,875.0,3,Bəli,Bəli,Rədd edilib,'Qara siyahı'da olmaq
42460430,Anar Sultanov,1996-12-25,K,Bakalavr tehsili,İşləyən,2259,Avtomobil krediti,39929,şəxsi istehlak məqsədi,14.04,818.0,2,Xeyr,Xeyr,Təsdiqlənib,Bütün sənədlər qaydasındadır
52499316,Cavid Hüseynov,05-14-93,,Orta məktəb,İşsiz,52,Nağd istehlak krediti,620,tibbi xərclər,14.24,505.0,1,Bəli,Xeyr,Təsdiqlənib,Bütün sənədlər qaydasındadır | Yoxlayıcı_ID: 816
17155472,Fatimə Qasımova,05/02/1963,qadin,Orta məktəb,İşsiz,259,Nağd istehlak krediti,970,toy xərcləri,19.79,574.0,1,Bəli,Xeyr,Təsdiqlənib,Müştərinin gəliri və krediti təsdiqləndi
57532282, Kəmalə Rüstəmova ,2000-03-15,qadin,Magistr,İşləyən,906,Nağd istehlak krediti,16789,şəxsi istehlak məqsədi,11.37,761.0,3,Xeyr,Xeyr,Təsdiqlənib,Müştərinin gəliri və krediti təsdiqləndi | Yoxlayıcı_ID: 887
31014034,Cavid Hüseynov,1988-02-04,Kişi,Magistr,İşləyən,3592,Nağd istehlak krediti,4638,Təmir,24.17,678.0,1,Bəli,Xeyr,Təsdiqlənib,Bütün sənədlər qaydasındadır
79603084,Fidan İsmayılova,2002-12-01,Q,Bakalavr,Tələbə,198,Təhsil krediti,1279,Biznes krediti,21.73,744.0,0,,Xeyr,Təsdiqlənib,Bütün sənədlər qaydasındadır | Yoxlayıcı_ID: 850
96937274,Uğur Cəfərov,2005-04-12,K,Bakalavr,Tələbə,253,Təhsil krediti,2157,Biznes krediti,19.93,215.0,0,,Xeyr,Rədd edilib,Aşağı kredit reytinqi
72500828,Nihat Məmmədov,08/06/1985, kişi ,Magistr,İşləyən,3361,Nağd istehlak krediti,2135,məişət avadanlığı alışı,23.63,1191.0,1,Xeyr,Xeyr,Təsdiqlənib,Müştərinin gəliri və krediti təsdiqləndi
66916937,Elvin Cavadov,26/06/1997,Kişi,Bakalavr tehsili,İşləyən,2141 AZN,Avtomobil krediti,24649,tibbi xərclər,12.82,839.0,1,Xeyr,Xeyr,Təsdiqlənib,Bütün sənədlər qaydasındadır
96960468,Uğur Sultanov,2006-04-04,,Bakalavr tehsili,Tələbə,169,Təhsil krediti,2030,əsas vəsaitlərin alınması - Biznes krediti,21.75,249.0,0,,Xeyr,Rədd edilib,Aşağı kredit reytinqi | Yoxlayıcı_ID: 855
14956732,Zeynəb Rəhimova,03-30-67,Qadın,Bakalavr tehsili,Sahibkar,9076,Mikro kredit,21994,Biznes krediti,20.28,1060.0,3,Bəli,Xeyr,Təsdiqlənib,Müştərinin gəliri və krediti təsdiqləndi | Yoxlayıcı_ID: 349
91730659,Kəmalə Vəliyeva,03-19-88,Qadın,Bakalavr,İşləyən,1837,Nağd istehlak krediti,17682,məişət avadanlığı alışı,13.88,1218.0,4,Xeyr,Xeyr,Təsdiqlənib,Müştərinin gəliri və krediti təsdiqləndi
27817968,Kamal İsmayılov,1971-08-27,,Bakalavr,İşləyən,1147,Nağd istehlak krediti,10074,şəxsi istehlak məqsədi,23.89,1178.0,4,Xeyr,Xeyr,Təsdiqlənib,Bütün sənədlər qaydasındadır
71924465,Nihat Tağıyev,04-07-86, kişi ,Orta məktəb,İşsiz,340,Nağd istehlak krediti,712,tibbi xərclər,14.48,456.0,1,Bəli,Xeyr,Rədd edilib,Aşağı kredit reytinqi
49700142,Məhəmməd Vəliyev,06/05/1998,K,Bakalavr,İşləyən,1804,Nağd istehlak krediti,2815,tibbi xərclər,10.99,1153.0,0,,Xeyr,Təsdiqlənib,Bütün sənədlər qaydasındadır
40024345,Anar Əhmədov,20/01/1998, kişi ,Magistr,İşləyən,"2,871",Avtomobil krediti,15153,təmir,16.44,1183.0,1,Bəli,Xeyr,Təsdiqlənib,Səhv və ya natamam müraciət
75150666,Kəmalə Tağıyeva,1969-12-14,Qadın,Magistr,Sahibkar,4644,Mikro kredit,13398,əsas vəsaitlərin alınması - Biznes krediti,20.35,1585.0,4,Bəli,Xeyr,Təsdiqlənib,Bütün sənədlər qaydasındadır
76980530,Hüseyn Cavadov,15/07/2003,K,Magistr,Tələbə,117,Təhsil krediti,2682,əsas vəsaitlərin alınması - Biznes krediti,21.23,589.0,0,,Xeyr,Təsdiqlənib,Bütün sənədlər qaydasındadır
37026546,Elvin İsmayılov,05/05/1999, kişi ,Orta məktəb,İşsiz,115,Nağd istehlak krediti,983,məişət avadanlığı alışı,23.78,106.0,2,Bəli,Xeyr,Rədd edilib,Aşağı kredit reytinqi
10402450,lalə vəliyeva,1993-01-04,,Bakalavr,Sahibkar,7200,Mikro kredit,55399,dövriyyə vəsaitlərinin artırılması - Biznes krediti,15.82,1782.0,7,Xeyr,Xeyr,Təsdiqlənib,Aşağı kredit reytinqi | Yoxlayıcı_ID: 232
58241310,Kamal İsmayılov,01-30-78,K,Bakalavr tehsili,İşləyən,2662,Nağd istehlak krediti,2794,məişət avadanlığı alışı,24.18,1316.0,3,Xeyr,Xeyr,Təsdiqlənib,İş stajı yetərsizdir | Yoxlayıcı_ID: 632
92311915,Tural Səfərov,1986-09-24,K,Magistr,İşləyən,1865,Avtomobil krediti,33582 manat,şəxsi istehlak məqsədi,11.58,1287.0,1,Bəli,Xeyr,Təsdiqlənib,İş stajı yetərsizdir
90865733,Rauf Rüstəmov,22/09/1990,Kişi,Magistr,İşləyən,1102,Nağd istehlak krediti,2569,məişət avadanlığı alışı,12.32,603.0,0,,Bəli,Rədd edilib,'Qara siyahı'da olmaq
42139000,Nigar Məmmədova,12-26-71,Qadın,Magistr,İşləyən,3812,Avtomobil krediti,37460,təmir,21.78,660.0,1,Bəli,Xeyr,Təsdiqlənib,Bütün sənədlər qaydasındadır
20461563,Tural Rüstəmov,2004-01-17,,Bakalavr tehsili,Tələbə,103,Təhsil krediti,959,Biznes krediti,18.53,766.0,0,,Xeyr,Təsdiqlənib,Müştərinin gəliri və krediti təsdiqləndi
31586773,Şəbnəm İbrahimova,05-21-88,Qadın,Bakalavr,İşləyən,3026,Nağd istehlak krediti,13056,məişət avadanlığı alışı,11.11,800.0,1,Xeyr,Xeyr,Təsdiqlənib,Bütün sənədlər qaydasındadır
62962216,Sahil Səfərov,11-13-86,Kişi,Magistr,Sahibkar,9168,Mikro kredit,86766,dövriyyə vəsaitlərinin artırılması - Biznes krediti,21.86,1508.0,2,Bəli,Xeyr,Təsdiqlənib,Bütün sənədlər qaydasındadır | Yoxlayıcı_ID: 473
60820617,Anar Əliyev,1993-11-14,K,Bakalavr tehsili,İşləyən,1831,Nağd istehlak krediti,9939,məişət avadanlığı alışı,23.53,1540.0,3,Xeyr,Xeyr,Təsdiqlənib,Müştərinin gəliri və krediti təsdiqləndi
32060022,Elvin Əliyev,09-01-03, kişi ,Magistr,Tələbə,209,Təhsil krediti,2481,dövriyyə vəsaitlərinin artırılması - Biznes krediti,14.08,565.0,0,,Xeyr,Təsdiqlənib,Bütün sənədlər qaydasındadır
60942565,Zeynəb Məmmədova,10-20-71,Q,Magistr,Sahibkar,8275 manat,Mikro kredit,66146,Biznes krediti,18.1,1344.0,4,Bəli,Xeyr,Təsdiqlənib,Bütün sənədlər qaydasındadır
97852499,Elvin Qasımov,05-07-87, kişi ,Orta məktəb,İşsiz,129,Nağd istehlak krediti,770,məişət avadanlığı alışı,18.68,151.0,1,Bəli,Xeyr,Rədd edilib,Aşağı kredit reytinqi
93621286,Məryəm Cavadova,1991-08-27,qadin,Bakalavr,Sahibkar,7368,Mikro kredit,84942,dövriyyə vəsaitlərinin artırılması - Biznes krediti,23.69,1637.0,8,Bəli,Xeyr,Təsdiqlənib,Müştərinin gəliri və krediti təsdiqləndi
97219560,Nihat Quliyev,19/03/1995,K,Bakalavr,İşləyən,,Nağd istehlak krediti,10803,məişət avadanlığı alışı,16.7,758.0,4,Bəli,Xeyr,Təsdiqlənib,Müştərinin gəliri və krediti təsdiqləndi
64159213,Anar Cavadov,14/12/1990,Kişi,Bakalavr,İşləyən,2848,Nağd istehlak krediti,7746,şəxsi istehlak məqsədi,11.14,1582.0,4,Bəli,Xeyr,Təsdiqlənib,Müştərinin gəliri və krediti təsdiqləndi
23469005,Məryəm Vəliyeva,2000-10-06,qadin,Magistr,İşləyən,1220,Avtomobil krediti,11210,şəxsi istehlak məqsədi,22.1,1348.0,1,Bəli,Xeyr,Təsdiqlənib,Bütün sənədlər qaydasındadır
21766763,Ramin Hüseynov,1989-04-26,,Orta məktəb,İşsiz,197,Nağd istehlak krediti,431,şəxsi istehlak məqsədi,17.36,165.0,2,Xeyr,Xeyr,Rədd edilib,Aşağı kredit reytinqi
28814466,Samir Vəliyev,04-25-00,,Magistr,İşləyən,1216,Nağd istehlak krediti,5435,təmir,19.25,1188.0,4,Bəli,Xeyr,Təsdiqlənib,Bütün sənədlər qaydasındadır
75745360,Emin Sultanov,2001-01-19,Kişi,Bakalavr tehsili,İşləyən,1058,Nağd istehlak krediti,"14,727",tibbi xərclər,16.89,804.0,0,,Xeyr,Təsdiqlənib,'Qara siyahı'da olmaq | Yoxlayıcı_ID: 213
54514376,Nihat Babayev,1990-09-18, kişi ,Magistr,İşləyən,2187,Nağd istehlak krediti,4874,təmir,15.29,470.0,4,Bəli,Xeyr,Rədd edilib,Aşağı kredit reytinqi
29459858,Lalə Vəliyeva,09-28-83,qadin,Bakalavr tehsili,İşləyən,1441,Nağd istehlak krediti,7876,şəxsi istehlak məqsədi,23.85,927.0,3,Bəli,Xeyr,Təsdiqlənib,Bütün sənədlər qaydasındadır | Yoxlayıcı_ID: 529
41074023,Əli Babayev,1994-09-28,,Bakalavr tehsili,Sahibkar,8790,Mikro kredit,41589,Biznes krediti,15.48,985.0,3,Xeyr,Xeyr,Təsdiqlənib,Bütün sənədlər qaydasındadır
36889711,Zeynəb Quliyeva,11-21-76,,Bakalavr,İşləyən,1461,Nağd istehlak krediti,15181,məişət avadanlığı alışı,15.3,1403.0,3,Bəli,Xeyr,Təsdiqlənib,Müştərinin gəliri və krediti təsdiqləndi
27312727,Tural Nəsirov,19/10/2002,Kişi,Bakalavr,İşləyən,2701,Nağd istehlak krediti,13533,tibbi xərclər,21.62,1263.0,2,Xeyr,Xeyr,Təsdiqlənib,Müştərinin gəliri və krediti təsdiqləndi | Yoxlayıcı_ID: 669
65254807,Rauf Cəfərov,2006-03-21,Kişi,Bakalavr tehsili,Tələbə,294,Təhsil krediti,2268,Biznes krediti,15.29,222.0,0,,Xeyr,Rədd edilib,Aşağı kredit reytinqi
91091965,Günel Abdullayeva,23/03/2005,Qadın,Bakalavr tehsili,Tələbə,288,Təhsil krediti,2552,əsas vəsaitlərin alınması - Biznes krediti,24.79,,1,Xeyr,Xeyr,Rədd edilib,Aşağı kredit reytinqi
78311466,Sevinc Rəhimova,1985-06-26,Qadın,Bakalavr tehsili,İşləyən,2814,Nağd istehlak krediti,15430,tibbi xərclər,12.46,1358.0,2,Bəli,Xeyr,Təsdiqlənib,Bütün sənədlər qaydasındadır
40551399,Aysel Əliyeva,1993-07-29,,Magistr,İşləyən,1964,Nağd istehlak krediti,2943,təmir,19.08,685.0,0,,Xeyr,Təsdiqlənib,Bütün sənədlər qaydasındadır
97996668,Səfərov Emin,12/09/2007,,Bakalavr,Tələbə,193,Təhsil krediti,859,əsas vəsaitlərin alınması - Biznes krediti,17.89,673.0,0,,Xeyr,Təsdiqlənib,Bütün sənədlər qaydasındadır
84526722,Anar Cavadov,1976-12-27, kişi ,Bakalavr tehsili,Sahibkar,3444,Mikro kredit,52253,dövriyyə vəsaitlərinin artırılması - Biznes krediti,20.31,1207.0,2,Bəli,Xeyr,Təsdiqlənib,Müştərinin gəliri və krediti təsdiqləndi
39319580,Ayan Əhmədova,17/06/1980,,Magistr,İşləyən,3833,Nağd istehlak krediti,17520,toy xərcləri,24.99,857.0,0,,Xeyr,Təsdiqlənib,Müştərinin gəliri və krediti təsdiqləndi
63876324,Emin Səfərov,16/06/1990,Kişi,Bakalavr tehsili,Sahibkar,5505,Mikro kredit,5710 AZN,dövriyyə vəsaitlərinin artırılması - Biznes krediti,14.76,,4,Bəli,Xeyr,Təsdiqlənib,Müştərinin gəliri və krediti təsdiqləndi
33216342,Nihat Quliyev,2006-01-02,,Magistr,Tələbə,244,Təhsil krediti,1310,əsas vəsaitlərin alınması - Biznes krediti,23.31,713.0,0,,Xeyr,Təsdiqlənib,Müştərinin gəliri və krediti təsdiqləndi | Yoxlayıcı_ID: 440
15282398,Kəmalə Nəsirova,09-14-81,Qadın,Orta məktəb,İşsiz,227,Nağd istehlak krediti,841,toy xərcləri,12.34,274.0,1,Xeyr,Xeyr,Rədd edilib,Aşağı kredit reytinqi
11499179,Lalə Tağıyeva,1975-02-12,Q,Orta məktəb,İşsiz,305,Nağd istehlak krediti,974,təmir,23.16,369.0,2,Xeyr,Xeyr,Rədd edilib,Aşağı kredit reytinqi
75395087,Hüseyn Babayev,1971-05-08,Kişi,Magistr,İşləyən,3561,Nağd istehlak krediti,12556,təmir,16.02,760.0,0,,Xeyr,Təsdiqlənib,Bütün sənədlər qaydasındadır | Yoxlayıcı_ID: 479
34018395,Elvin Tağıyev,1997-10-20, kişi ,Orta məktəb,İşsiz,85,Nağd istehlak krediti,847 AZN,şəxsi istehlak məqsədi,15.85,458.0,1,Bəli,Xeyr,Rədd edilib,Aşağı kredit reytinqi
17719451,Elvin Tağıyev,09-23-81, kişi ,Bakalavr tehsili,İşləyən,1082,Nağd istehlak krediti,12469,təmir,16.04,1156.0,1,Xeyr,Xeyr,Təsdiqlənib,Bütün sənədlər qaydasındadır
18064976,Rauf Vəliyev,2002-04-26,Kişi,Magistr,İşləyən,1023,Nağd istehlak krediti,13187,tibbi xərclər,19.83,961.0,1,Xeyr,Xeyr,Təsdiqlənib,Bütün sənədlər qaydasındadır
26785761,Məhəmməd Rüstəmov,1980-12-07,Kişi,Magistr,İşləyən,1490,Nağd istehlak krediti,9951,məişət avadanlığı alışı,24.52,1117.0,4,Xeyr,Xeyr,Təsdiqlənib,Bütün sənədlər qaydasındadır
36843164,Hüseyn Sultanov,1986-06-17,K,Magistr,İşləyən,1448,Nağd istehlak krediti,18019,toy xərcləri,22.5,614.0,3,Bəli,Xeyr,Təsdiqlənib,Bütün sənədlər qaydasındadır
18005800,Səbinə Hüseynova,06/09/1975,Qadın,Magistr,İşləyən,1976,Nağd istehlak krediti,18742,təmir,18.77,886.0,3,Xeyr,Xeyr,Təsdiqlənib,Müştərinin gəliri və krediti təsdiqləndi
50263319,Nigar İbrahimova,01-31-03,Qadın,Magistr,Tələbə,395724,Təhsil krediti,2326 AZN,dövriyyə vəsaitlərinin artırılması - Biznes krediti,12.08,339.0,0,Bəli,Xeyr,Rədd edilib,Aşağı kredit reytinqi
39456786,Cavid Babayev,23/02/1975,Kişi,Bakalavr tehsili,İşləyən,2816,Nağd istehlak krediti,11860,təmir,17.75,1206.0,0,,Xeyr,Təsdiqlənib,Bütün sənədlər qaydasındadır
97858396,Sevinc Cavadova,02-06-75,Qadın,Magistr,İşləyən,2022,Nağd istehlak krediti,10939,şəxsi istehlak məqsədi,23.67,736.0,1,Xeyr,Xeyr,Təsdiqlənib,Bütün sənədlər qaydasındadır | Yoxlayıcı_ID: 788
85785005,Kamal Rzayev,09/10/1984, kişi ,Orta məktəb,İşsiz,117,Nağd istehlak krediti,449,təmir,21.77,321.0,1,Xeyr,Xeyr,Rədd edilib,Aşağı kredit reytinqi
89987965,Sevinc Rüstəmova,09-24-85,,Orta məktəb,İşsiz,287,Nağd istehlak krediti,815,məişət avadanlığı alışı,18.35,552.0,2,Xeyr,Xeyr,Təsdiqlənib,Müştərinin gəliri və krediti təsdiqləndi | Yoxlayıcı_ID: 685
63864534,Məhəmməd Məmmədov,1995-10-08,,Bakalavr,Sahibkar,3776,Mikro kredit,20438,dövriyyə vəsaitlərinin artırılması - Biznes krediti,13.42,1580.0,6,Xeyr,Xeyr,Təsdiqlənib,Bütün sənədlər qaydasındadır | Yoxlayıcı_ID: 320
96111061,Rəşad Rüstəmov,1989-03-09,K,Magistr,İşləyən,3056,Nağd istehlak krediti,18160,məişət avadanlığı alışı,23.11,1481.0,3,Xeyr,Xeyr,Təsdiqlənib,Bütün sənədlər qaydasındadır | Yoxlayıcı_ID: 307
77697797,Lalə Cəfərova,1975-08-09,qadin,Bakalavr tehsili,İşləyən,1858,Avtomobil krediti,"18,488",məişət avadanlığı alışı,11.7,1590.0,0,,Xeyr,Təsdiqlənib,Müştərinin gəliri və krediti təsdiqləndi
91582360,Nihat Babayev,06/09/1984,,Bakalvar,İşləyən,2014,Nağd istehlak krediti,5611,şəxsi istehlak məqsədi,17.49,729.0,4,Bəli,Xeyr,Təsdiqlənib,Bütün sənədlər qaydasındadır
67850788,Fərid Əhmədov,22/01/1979,K,Orta məktəb,İşsiz,35,Nağd istehlak krediti,793,toy xərcləri,15.83,575.0,0,,Bəli,Rədd edilib,'Qara siyahı'da olmaq
28741163,Elvin Hüseynov,06/11/2002,Kişi,Bakalavr,Tələbə,131,Təhsil kriditi,1783,əsas vəsaitlərin alınması - Biznes krediti,15.63,257.0,0,,Xeyr,Rədd edilib,Aşağı kredit reytinqi
55286031,Aysel Cavadova,13/02/1988,qadin,Bakalavr tehsili,İşləyən,,Nağd istehlak krediti,3272 manat,məişət avadanlığı alışı,18.88,463.0,4,Bəli,Xeyr,Rədd edilib,Aşağı kredit reytinqi | Yoxlayıcı_ID: 706
54261441,Murad Sultanov,02-10-07, kişi ,Bakalavr,Tələbə,172,Təhsil krediti,679,dövriyyə vəsaitlərinin artırılması - Biznes krediti,14.0,345.0,0,,Xeyr,Rədd edilib,Aşağı kredit reytinqi | Yoxlayıcı_ID: 308
67099485,Fatimə Quliyeva,12/12/1992,Q,Bakalvar,İşləyən,1349,Nağd istehlak krediti,10863 manat,tibbi xərclər,22.56,757.0,4,Bəli,Xeyr,Təsdiqlənib,Bütün sənədlər qaydasındadır
34857819,Günel Vəliyeva,10-09-85,Q,Bakalavr tehsili,Sahibkar,6108,Mikro kredit,52602,dövriyyə vəsaitlərinin artırılması - Biznes krediti,16.9,1709.0,5,Bəli,Xeyr,Təsdiqlənib,Müştərinin gəliri və krediti təsdiqləndi
80425417, Lalə Məmmədova ,10-22-97,,Orta məktəb,İşsiz,165,Nağd istehlak krediti,849 AZN,təmir,23.52,180.0,2,Xeyr,Bəli,Rədd edilib,'Qara siyahı'da olmaq
34911191,Kamal Tağıyev,1973-03-02, kişi ,Bakalavr,İşləyən,1914,Nağd istehlak krediti,6992,şəxsi istehlak məqsədi,10.95,1385.0,3,Bəli,Xeyr,Təsdiqlənib,Bütün sənədlər qaydasındadır
33107754,Rauf Hüseynov,05/03/2003,Kişi,Bakalavr tehsili,Tələbə,,Təhsil krediti,2448,Biznes krediti,17.56,443.0,0,,Xeyr,Rədd edilib,Aşağı kredit reytinqi
24542258,Ayan Babayeva,1987-11-17,qadin,Bakalavr,İşləyən,3020,Avtomobil krediti,26321,təmir,20.64,1600.0,4,Bəli,Xeyr,Təsdiqlənib,Bütün sənədlər qaydasındadır
25529596,Nərmin Cavadova,05/05/1988,Q,Bakalavr tehsili,İşləyən,1589,Nağd istehlak krediti,986,təmir,15.01,664.0,1,Bəli,Xeyr,Təsdiqlənib,Bütün sənədlər qaydasındadır
53413723,Rauf Hüseynov,14/08/2006,K,Bakalavr tehsili,Tələbə,228,Təhsil krediti,2960,əsas vəsaitlərin alınması - Biznes krediti,11.25,604.0,0,,Xeyr,Təsdiqlənib,Bütün sənədlər qaydasındadır
42183244,Sahil Qasımov,1975-04-25, kişi ,Magistr,İşləyən,2666,Nağd istehlak krediti,"11,827",təmir,19.71,1374.0,1,Bəli,Xeyr,Təsdiqlənib,Bütün sənədlər qaydasındadır
33712370,Sevinc Quliyeva,02-17-03,,Bakalavr,Tələbə,201,Təhsil krediti,2967,dövriyyə vəsaitlərinin artırılması - Biznes krediti,11.95,324.0,0,,Xeyr,Rədd edilib,Aşağı kredit reytinqi
84747709,Zülfiyyə Tağıyeva,07-10-88,,Bakalavr,İşləyən,1181,Avtomobil krediti,33974,təmir,13.9,1265.0,1,Bəli,Xeyr,Rədd edilib,Gəlir çatışmazlığı | Yoxlayıcı_ID: 308
17721915,Orxan Rüstəmov,1993-03-02,,Orta məktəb,İşsiz,249 AZN,Nağd istehlak krediti,515,şəxsi istehlak məqsədi,12.25,367.0,0,,Xeyr,Rədd edilib,Aşağı kredit reytinqi
65984986,Rauf İsmayılov,1981-08-15,K,Bakalavr,İşləyən,2737,Nağd istehlak krediti,8375,məişət avadanlığı alışı,23.08,1422.0,2,Bəli,Xeyr,Təsdiqlənib,Bütün sənədlər qaydasındadır
67916540,Nihat Əhmədov,05-01-06,Kişi,Magistr,Tələbə,219,Təhsil krediti,1491 AZN,əsas vəsaitlərin alınması - Biznes krediti,24.25,433.0,0,,Xeyr,Rədd edilib,Aşağı kredit reytinqi
85406488,Orxan İbrahimov,1992-02-25, kişi ,Bakalavr tehsili,İşləyən,3664,Avtomobil krediti,25004,toy xərcləri,21.36,1494.0,4,Bəli,Xeyr,Təsdiqlənib,Bütün sənədlər qaydasındadır
34115209,Anar Məmmədov,1970-03-31,,Orta məktəb,İşsiz,206,Nağd istehlak krediti,523 manat,toy xərcləri,18.5,325.0,1,Bəli,Xeyr,Rədd edilib,Aşağı kredit reytinqi
10040404,Fidan Qasımova,06-12-06,Q,Magistr,Tələbə,136,Təhsil krediti,2578,əsas vəsaitlərin alınması - Biznes krediti,21.0,595.0,1,Xeyr,Xeyr,Təsdiqlənib,Müştərinin gəliri və krediti təsdiqləndi
97446469,Fərid Rüstəmov,1980-08-17, kişi ,Bakalavr,İşləyən,3191,Nağd istehlak krediti,10786,toy xərcləri,15.26,920.0,3,Bəli,Xeyr,Təsdiqlənib,Bütün sənədlər qaydasındadır
27986063,Nərmin Babayeva,23/09/1990,qadin,Bakalavr,İşləyən,3365,Avtomobil krediti,27856,təmir,12.46,1509.0,3,Xeyr,Xeyr,Təsdiqlənib,Müştərinin gəliri və krediti təsdiqləndi
97568369,Fatimə Babayeva,22/09/1977,Q,Bakalvar tehsili,Sahibkar,3046,Mikro kredit,82228,Təmir,21.56,1330.0,6,Bəli,Xeyr,Rədd edilib,Gəlir çatışmazlığı
13671919,Nigar Əliyeva,1994-07-25,Q,Bakalavr,İşləyən,2476,Avtomobil krediti,17115,şəxsi istehlak məqsədi,14.46,1477.0,1,Bəli,Bəli,Rədd edilib,'Qara siyahı'da olmaq
17125523,Ramin İsmayılov,08-15-74,,Orta məktəb,İşsiz,173,Nağd istehlak krediti,608,şəxsi istehlak məqsədi,21.02,522.0,1,Bəli,Xeyr,Təsdiqlənib,Müştərinin gəliri və krediti təsdiqləndi
62039309,Aysel İsmayılova,1987-06-12,Qadın,Bakalavr,İşləyən,3942,Nağd istehlak krediti,5423,təmir,19.36,1418.0,2,Xeyr,Bəli,Rədd edilib,'Qara siyahı'da olmaq | Yoxlayıcı_ID: 492
22134468,Hüseynova Aydan,08/08/2004,qadin,Magistr,Tələbə,298,Təhsil krediti,2734,əsas vəsaitlərin alınması - Biznes krediti,15.67,419.0,0,,Xeyr,Rədd edilib,Aşağı kredit reytinqi
67157086,Məhəmməd Nəsirov,24/05/1986,K,Bakalavr,Sahibkar,4645 manat,Mikro kredit,57196,dövriyyə vəsaitlərinin artırılması - Biznes krediti,16.08,1395.0,3,Xeyr,Xeyr,Təsdiqlənib,Bütün sənədlər qaydasındadır
51350499,Elvin Cəfərov,1998-11-04,,Bakalavr,İşləyən,2295,Avtomobil krediti,17508,toy xərcləri,17.88,688.0,1,Bəli,Xeyr,Təsdiqlənib,Müştərinin gəliri və krediti təsdiqləndi
92122219,Zeynəb Qasımova,07/07/1989,qadin,Bakalavr,İşləyən,3777,Avtomobil krediti,35566,toy xərcləri,13.46,1445.0,4,Xeyr,Xeyr,Təsdiqlənib,Müştərinin gəliri və krediti təsdiqləndi
53584704,Rauf Tağıyev,1975-08-29,Kişi,Magistr,İşləyən,822 AZN,Nağd istehlak krediti,9810,məişət avadanlığı alışı,19.42,524.0,1,Xeyr,Xeyr,Təsdiqlənib,Bütün sənədlər qaydasındadır | Yoxlayıcı_ID: 161
20578623,Rauf Əliyev,30/03/2003,Kişi,Magistr,Tələbə,277,Təhsil krediti,1475,əsas vəsaitlərin alınması - Biznes krediti,22.71,693.0,0,,Xeyr,Təsdiqlənib,Bütün sənədlər qaydasındadır
79224226,Hüseyn Səfərov,2004-08-10,,Bakalavr tehsili,Tələbə,200,Təhsil krediti,1080,əsas vəsaitlərin alınması - Biznes krediti,15.96,409.0,0,,Xeyr,Rədd edilib,Aşağı kredit reytinqi
13776523,Məhəmməd Rəhimov,18/07/1998,,Magistr,İşləyən,2598,Nağd istehlak krediti,"2,799",toy xərcləri,14.25,975.0,0,,Xeyr,Təsdiqlənib,Bütün sənədlər qaydasındadır | Yoxlayıcı_ID: 743
31958229,Fərid Abdullayev,04-25-03,,Bakalavr tehsili,Tələbə,270,Təhsil krediti,1706,dövriyyə vəsaitlərinin artırılması - Biznes krediti,14.5,323.0,0,,Xeyr,Rədd edilib,Aşağı kredit reytinqi
27375502,Əliyeva Günel,07/12/1980,Q,Magistr,İşləyən,1743,Nağd istehlak krediti,5261,məişət avadanlığı alışı,21.18,1443.0,2,Bəli,Xeyr,Təsdiqlənib,Müştərinin gəliri və krediti təsdiqləndi
84472137,Aysel Vəliyeva,17/01/1980,Qadın,Magistr,İşləyən,2999,Nağd istehlak krediti,500,təmir,23.96,697.0,0,,Xeyr,Təsdiqlənib,Bütün sənədlər qaydasındadır
87803131,Əli Babayev,06/10/1988,K,Bakalavr tehsili,Sahibkar,"2,527",Mikro kredit,72577,dövriyyə vəsaitlərinin artırılması - Biznes krediti,11.54,1214.0,8,Bəli,Xeyr,Rədd edilib,Gəlir çatışmazlığı
49532375,Ayan Hüseynova,05-10-98,Qadın,Bakalavr tehsili,İşləyən,1441,Nağd istehlak krediti,1178 manat,şəxsi istehlak məqsədi,11.8,898.0,3,Xeyr,Xeyr,Təsdiqlənib,Bütün sənədlər qaydasındadır
78497260,Uğur Rəhimov,1988-11-07,,Bakalavr,İşləyən,3218,Nağd istehlak krediti,1447,toy xərcləri,18.36,1497.0,0,,Xeyr,Təsdiqlənib,Bütün sənədlər qaydasındadır
59471405,Nigar Babayeva,1999-02-17,Qadın,Bakalavr tehsili,İşləyən,3023,Nağd istehlak krediti,14578,məişət avadanlığı alışı,12.1,866.0,2,Bəli,Xeyr,Təsdiqlənib,Müştərinin gəliri və krediti təsdiqləndi
96998643,Aydan Sultanova,1984-03-12,Qadın,Bakalavr tehsili,İşləyən,3405,Nağd istehlak krediti,3531,tibbi xərclər,11.64,789.0,3,Bəli,Xeyr,Təsdiqlənib,Müştərinin gəliri və krediti təsdiqləndi
92607071,Məhəmməd Məmmədov,1984-12-02,,Bakalavr tehsili,Sahibkar,3703,Mikro kredit,"83,451",Biznes krediti,11.68,1146.0,2,Xeyr,Xeyr,Təsdiqlənib,Müştərinin gəliri və krediti təsdiqləndi
56127791,Zeynəb Cavadova,10/01/1993,qadin,Bakalavr tehsili,Sahibkar,3834,Mikro kredit,56428,əsas vəsaitlərin alınması - Biznes krediti,23.33,954.0,8,Bəli,Xeyr,Təsdiqlənib,Səhv və ya natamam müraciət | Yoxlayıcı_ID: 777
44040610,Aydan Qasımova,16/02/2000,Qadın,Orta məktəb,İşsiz,61,Nağd istehlak krediti,729,şəxsi istehlak məqsədi,21.39,190.0,1,Bəli,Xeyr,Rədd edilib,Aşağı kredit reytinqi
64725157,Elvin İsmayılov,17/04/1993,,Bakalavr tehsili,İşləyən,970,Nağd istehlak krediti,15845,tibbi xərclər,17.28,1574.0,3,Bəli,Xeyr,Təsdiqlənib,Bütün sənədlər qaydasındadır | Yoxlayıcı_ID: 512
16118658,Günel Tağıyeva,1972-08-03,qadin,Bakalavr tehsili,İşləyən,2279,Nağd istehlak krediti,14821,məişət avadanlığı alışı,20.23,1057.0,4,Bəli,Bəli,Rədd edilib,'Qara siyahı'da olmaq
35988560,Yusif Nəsirov,2006-11-29,Kişi,Magistr,Tələbə,347020,Təhsil krediti,1154,Biznes krediti,24.07,762.0,0,,Xeyr,Təsdiqlənib,Bütün sənədlər qaydasındadır
10833757,Rəşad İsmayılov,01/06/2007,K,Magistr,Tələbə,243,Təhsil krediti,1956,əsas vəsaitlərin alınması - Biznes krediti,12.52,434.0,0,,Xeyr,Rədd edilib,Aşağı kredit reytinqi
65228201,Aylin Rüstəmova,1979-04-06,Q,Magistr,İşləyən,1141,Nağd istehlak krediti,9580,tibbi xərclər,13.01,1048.0,2,Xeyr,Xeyr,Təsdiqlənib,Müştərinin gəliri və krediti təsdiqləndi
92311915,Rəna Rəhimova,31/12/2004,Qadın,Bakalavr,Tələbə,146 AZN,Təhsil krediti,2461,əsas vəsaitlərin alınması - Biznes krediti,21.08,666.0,0,,Xeyr,Təsdiqlənib,Bütün sənədlər qaydasındadır | Yoxlayıcı_ID: 903
71149271,Səbinə Abdullayeva,04/05/2000,Q,Magistr,İşləyən,,Nağd istehlak krediti,3635,məişət avadanlığı alışı,12.71,569.0,4,Xeyr,Xeyr,Təsdiqlənib,Bütün sənədlər qaydasındadır
15190118,Uğur Babayev,12/08/1971,,Orta məktəb,İşsiz,162,Nağd istehlak krediti,640,şəxsi istehlak məqsədi,19.26,305.0,1,Xeyr,Bəli,Rədd edilib,'Qara siyahı'da olmaq
26827531,Ləman Əhmədova,01-04-82,qadin,Bakalavr tehsili,İşləyən,2868,Nağd istehlak krediti,15211,şəxsi istehlak məqsədi,22.88,911.0,4,Bəli,Xeyr,Təsdiqlənib,Bütün sənədlər qaydasındadır
88895747, Ramin Əhmədov ,2003-02-12, kişi ,Bakalavr,Tələbə,175,Təhsil krediti,2259,əsas vəsaitlərin alınması - Biznes krediti,24.35,651.0,0,,Xeyr,Təsdiqlənib,Müştərinin gəliri və krediti təsdiqləndi | Yoxlayıcı_ID: 840
93041432,Samir Qasımov,27/03/1990,K,Magistr,İşləyən,3566,Nağd istehlak krediti,3464,tibbi xərclər,11.73,1157.0,4,Xeyr,Xeyr,Təsdiqlənib,Müştərinin gəliri və krediti təsdiqləndi
47175080,Ramin Əliyev,1987-04-19, kişi ,Orta məktəb,İşsiz,23,Nağd istehlak krediti,550,təmir,17.06,593.0,0,,Bəli,Rədd edilib,'Qara siyahı'da olmaq
78849252, Nigar Rzayeva ,01-10-97,qadin,Bakalavr,İşləyən,3834 AZN,Nağd istehlak krediti,6571,tibbi xərclər,22.2,849.0,4,Xeyr,Xeyr,Təsdiqlənib,Bütün sənədlər qaydasındadır | Yoxlayıcı_ID: 804
91899307,Sevinc Cavadova,1967-09-21,Qadın,Bakalavr,Sahibkar,"2,755",Mikro kredit,58344 AZN,dövriyyə vəsaitlərinin artırılması - Biznes krediti,12.0,1052.0,6,Bəli,Xeyr,Təsdiqlənib,Bütün sənədlər qaydasındadır
17481671,Hüseyn Tağıyev,25/03/1975,,Orta məktəb,İşsiz,222,Nağd istehlak krediti,945,tibbi xərclər,20.29,275.0,2,Bəli,Bəli,Rədd edilib,'Qara siyahı'da olmaq | Yoxlayıcı_ID: 831
28544224,Aysel Məmmədova,1976-02-20,qadin,Bakalavr tehsili,İşləyən,2005,Nağd istehlak krediti,1278,toy xərcləri,13.43,1450.0,4,Bəli,Xeyr,Təsdiqlənib,Bütün sənədlər qaydasındadır | Yoxlayıcı_ID: 748
12807145,Samir Cəfərov,1999-03-21, kişi ,Bakalavr,İşləyən,3303,Nağd istehlak krediti,5926,təmir,23.09,1223.0,1,Bəli,Xeyr,Təsdiqlənib,Bütün sənədlər qaydasındadır
82282166,Murad İsmayılov,1976-04-27,Kişi,Bakalavr tehsili,İşləyən,1623,Nağd istehlak krediti,14163,şəxsi istehlak məqsədi,11.1,436.0,1,Xeyr,Xeyr,Rədd edilib,Aşağı kredit reytinqi | Yoxlayıcı_ID: 603
45502635,Zeynəb Rüstəmova,11-03-79,Q,Bakalavr,İşləyən,2587,Avtomobil krediti,25804,təmir,11.37,1355.0,0,,Xeyr,Təsdiqlənib,Bütün sənədlər qaydasındadır | Yoxlayıcı_ID: 968
66687948,Rəna Sultanova,1991-11-11,Q,Bakalavr,İşləyən,1287,Nağd istehlak krediti,17107,tibbi xərclər,23.71,1377.0,2,Bəli,Xeyr,Təsdiqlənib,Müştərinin gəliri və krediti təsdiqləndi
53850129,Nərmin Qasımova,28/02/1970,Q,Orta məktəb,İşsiz,312,Nağd istehlak krediti,411,təmir,15.7,561.0,1,Bəli,Xeyr,Təsdiqlənib,Bütün sənədlər qaydasındadır
60909102,Ramin Quliyev,24/05/2001,K,Bakalavr tehsili,İşləyən,,Nağd istehlak krediti,9732,şəxsi istehlak məqsədi,22.6,1296.0,3,Bəli,Xeyr,Təsdiqlənib,Bütün sənədlər qaydasındadır | Yoxlayıcı_ID: 952
33168279,Zeynəb İbrahimova,2000-12-25,qadin,Bakalavr tehsili,İşləyən,2206,Nağd istehlak krediti,14170,tibbi xərclər,21.23,885.0,2,Xeyr,Xeyr,Təsdiqlənib,Bütün sənədlər qaydasındadır
62980866,Qasımova Nərmin,23/01/1988,qadin,Magistr,İşləyən,3642,Nağd istehlak krediti,1224,məişət avadanlığı alışı,19.27,1500.0,4,Xeyr,Xeyr,Təsdiqlənib,Bütün sənədlər qaydasındadır
47147221,Ayan Səfərova,07-18-73,qadin,Bakalavr tehsili,İşləyən,3897,Nağd istehlak krediti,6809,Təmir,17.26,457.0,1,Xeyr,Bəli,Rədd edilib,'Qara siyahı'da olmaq
91478143,Fərid Nəsirov,2007-08-27,Kişi,Magistr,Tələbə,243,Təhsil krediti,1034,Biznes krediti,23.71,611.0,0,,Xeyr,Təsdiqlənib,Bütün sənədlər qaydasındadır
44570576,Ramin Sultanov,1983-10-20,K,Bakalavr,İşləyən,2806,Nağd istehlak krediti,9569,məişət avadanlığı alışı,16.76,795.0,4,Xeyr,Xeyr,Təsdiqlənib,Müştərinin gəliri və krediti təsdiqləndi
77030243,Ramin Səfərov,1983-12-31,,Bakalavr tehsili,İşləyən,3935,Nağd istehlak krediti,16460,toy xərcləri,22.78,1237.0,2,Bəli,Xeyr,Təsdiqlənib,Bütün sənədlər qaydasındadır
19987182,Tural Abdullayev,08-14-88,,Bakalavr tehsili,Sahibkar,8912,Mikro kredit,99238 manat,Biznes krediti,13.97,863.0,6,Bəli,Xeyr,Təsdiqlənib,Müştərinin gəliri və krediti təsdiqləndi
27348252,Anar Hüseynov,1973-01-11,Kişi,Magistr,Sahibkar,6774,Mikro kredit,76052,Biznes krediti,21.56,1551.0,8,Bəli,Bəli,Rədd edilib,'Qara siyahı'da olmaq
90690153,Məhəmməd Abdullayev,06-29-75,Kişi,Bakalavr,İşləyən,1865,Nağd istehlak krediti,1490,toy xərcləri,15.22,1247.0,0,,Xeyr,Təsdiqlənib,Müştərinin gəliri və krediti təsdiqləndi
34417945,Yusif Qasımov,07-10-75,Kişi,Bakalavr,İşləyən,1412 manat,Nağd istehlak krediti,14814,şəxsi istehlak məqsədi,24.59,612.0,4,Xeyr,Xeyr,Təsdiqlənib,Bütün sənədlər qaydasındadır | Yoxlayıcı_ID: 224
69349788,Fidan Rəhimova,1968-08-30,Qadın,Orta məktəb,İşsiz,225,Nağd istehlak krediti,363,toy xərcləri,11.02,323.0,0,,Bəli,Rədd edilib,'Qara siyahı'da olmaq
34350247, Zəhra İsmayılova ,1998-03-10,Q,Bakalavr,İşləyən,2725,Nağd istehlak krediti,10966,təmir,15.85,1161.0,1,Xeyr,Xeyr,Təsdiqlənib,Müştərinin gəliri və krediti təsdiqləndi
53138153,Fidan Səfərova,2003-10-19,Qadın,Magistr,Tələbə,283,Təhsil krediti,1623,Biznes krediti,18.96,764.0,1,Xeyr,Xeyr,Təsdiqlənib,Bütün sənədlər qaydasındadır
86102674,Fərid Rzayev,1996-03-27, kişi ,Orta məktəb,İşsiz,32,Nağd istehlak krediti,926,toy xərcləri,23.5,562.0,2,Xeyr,Xeyr,Rədd edilib,Gəlir çatışmazlığı
45218615,Məryəm Cavadova,03-29-04,,Bakalavr,Tələbə,203323,Təhsil krediti,2982,Biznes krediti,11.94,422.0,0,,Xeyr,Rədd edilib,Aşağı kredit reytinqi
41235547,Sahil Nəsirov,2005-04-18,,Bakalavr,Tələbə,217,Təhsil krediti,1068,Biznes krediti,16.0,627.0,0,,Xeyr,Təsdiqlənib,Bütün sənədlər qaydasındadır
86401179,yusif rzayev,1976-01-30,K,Orta məktəb,İşsiz,130 manat,Nağd istehlak krediti,608,toy xərcləri,20.08,165.0,1,Xeyr,Xeyr,Rədd edilib,Aşağı kredit reytinqi | Yoxlayıcı_ID: 130
45222083,Səbinə Hüseynova,19/05/2004,Qadın,Bakalavr tehsili,Tələbə,198,Təhsil krediti,2109,əsas vəsaitlərin alınması - Biznes krediti,23.62,427.0,0,,Xeyr,Rədd edilib,Aşağı kredit reytinqi | Yoxlayıcı_ID: 115
40330301,Zülfiyyə Sultanova,2000-01-23,Qadın,Orta məktəb,İşsiz,327,Nağd istehlak krediti,524,təmir,21.49,379.0,1,Xeyr,Xeyr,Rədd edilib,Aşağı kredit reytinqi
49452724,Kəmalə İbrahimova,1974-10-29,Qadın,Bakalavr,İşləyən,1211,Nağd istehlak krediti,4025,toy xərcləri,11.02,1002.0,2,Bəli,Xeyr,Təsdiqlənib,Müştərinin gəliri və krediti təsdiqləndi | Yoxlayıcı_ID: 959
93828354,Rəşad Hüseynov,08/07/2005,K,Bakalavr tehsili,Tələbə,280,Təhsil krediti,1130,əsas vəsaitlərin alınması - Biznes krediti,23.54,311.0,1,Xeyr,Xeyr,Rədd edilib,Aşağı kredit reytinqi
86513626,Anar Əhmədov,2005-05-25, kişi ,Bakalavr,Tələbə,126,Təhsil krediti,706,dövriyyə vəsaitlərinin artırılması - Biznes krediti,15.48,255.0,1,Xeyr,Xeyr,Rədd edilib,Aşağı kredit reytinqi | Yoxlayıcı_ID: 380
10658437,Günel Cavadova,1967-01-08,Qadın,Orta məktəb,İşsiz,12,Nağd istehlak krediti,715,təmir,23.13,212.0,2,Xeyr,Xeyr,Rədd edilib,Aşağı kredit reytinqi | Yoxlayıcı_ID: 549
59426499,Nigar Sultanova,1981-05-04,Q,Magistr,İşləyən,2269,Nağd istehlak krediti,3643 AZN,təmir,12.72,1449.0,1,Bəli,Xeyr,Təsdiqlənib,Bütün sənədlər qaydasındadır
50035816,Aysel Sultanova,10-03-06,Qadın,Bakalavr,Tələbə,178 manat,Təhsil krediti,2068,dövriyyə vəsaitlərinin artırılması - Biznes krediti,20.3,590.0,0,,Xeyr,Təsdiqlənib,Bütün sənədlər qaydasındadır | Yoxlayıcı_ID: 845
55966111,Tural Cəfərov,10-29-04, kişi ,Magistr,Tələbə,295,Təhsil krediti,1526,əsas vəsaitlərin alınması - Biznes krediti,20.56,729.0,0,,Xeyr,Təsdiqlənib,Bütün sənədlər qaydasındadır
57169904,Zeynəb Tağıyeva,2007-04-23,qadin,Bakalavr,Tələbə,220,Təhsil krediti,1289,əsas vəsaitlərin alınması - Biznes krediti,15.81,321.0,1,Xeyr,Xeyr,Rədd edilib,Aşağı kredit reytinqi | Yoxlayıcı_ID: 746
77818465,Zeynəb Səfərova,1993-09-11,Qadın,Bakalavr,Sahibkar,6972,Mikro kredit,56123,Biznes krediti,22.84,1168.0,6,Bəli,Xeyr,Təsdiqlənib,Bütün sənədlər qaydasındadır | Yoxlayıcı_ID: 788
25371615,Ayan Babayeva,1995-09-28,,Orta məktəb,İşsiz,16,Nağd istehlak krediti,623,təmir,24.08,517.0,0,,Xeyr,Rədd edilib,Gəlir çatışmazlığı
82954212,Samir Babayev,23/06/1972,K,Bakalavr,İşləyən,1554,Nağd istehlak krediti,6116,məişət avadanlığı alışı,19.35,1551.0,2,Bəli,Xeyr,Təsdiqlənib,Bütün sənədlər qaydasındadır | Yoxlayıcı_ID: 846
35924182,Lalə Rəhimova,1988-07-13,,Bakalavr tehsili,İşləyən,,Nağd istehlak krediti,"4,483",tibbi xərclər,21.76,695.0,0,,Xeyr,Təsdiqlənib,Müştərinin gəliri və krediti təsdiqləndi | Yoxlayıcı_ID: 954
54833632,Günel Rəhimova,1966-10-12,qadin,Bakalvar tehsili,Sahibkar,4234,Mikro kredit,56173,əsas vəsaitlərin alınması - Biznes krediti,14.87,1406.0,8,Xeyr,Xeyr,Təsdiqlənib,Bütün sənədlər qaydasındadır | Yoxlayıcı_ID: 576
38077738,Cavid Rüstəmov,2001-11-11,K,Bakalavr tehsili,İşləyən,1474,Nağd istehlak krediti,8801,tibbi xərclər,23.18,569.0,1,Bəli,Xeyr,Təsdiqlənib,Bütün sənədlər qaydasındadır
69332152,Nihat Hüseynov,27/11/2001,K,Magistr,İşləyən,2416,Avtomobil krediti,16024,tibbi xərclər,22.76,1162.0,1,Xeyr,Xeyr,Təsdiqlənib,Müştərinin gəliri və krediti təsdiqləndi
16914154,Məryəm Rüstəmova,12-25-68,Q,Orta məktəb,İşsiz,200,Nağd istehlak krediti,559,təmir,16.26,371.0,0,,Xeyr,Rədd edilib,Aşağı kredit reytinqi
91487403,Zeynəb Rüstəmova,2004-11-03,,Bakalavr tehsili,Tələbə,149,Təhsil krediti,1991,əsas vəsaitlərin alınması - Biznes krediti,21.87,,0,,Xeyr,Rədd edilib,Aşağı kredit reytinqi
30221694,Elvin İbrahimov,1982-10-17,,Magistr,İşləyən,3295,Nağd istehlak krediti,3851 AZN,məişət avadanlığı alışı,13.62,1516.0,4,Xeyr,Xeyr,Təsdiqlənib,Bütün sənədlər qaydasındadır
64551133,Aysel İbrahimova,31/01/1981,,Magistr,İşləyən,928,Nağd istehlak krediti,19034,məişət avadanlığı alışı,12.85,1155.0,3,Xeyr,Xeyr,Təsdiqlənib,Bütün sənədlər qaydasındadır | Yoxlayıcı_ID: 880
31405099,Səbinə Qasımova,07-18-88,Qadın,Bakalavr,İşləyən,2805,Nağd istehlak krediti,7977,təmir,21.24,1476.0,4,Bəli,Xeyr,Təsdiqlənib,Bütün sənədlər qaydasındadır
96728487,Kamal Əhmədov,17/08/1971,Kişi,Bakalavr tehsili,İşləyən,1311,Nağd istehlak krediti,8741,məişət avadanlığı alışı,11.31,1587.0,0,,Xeyr,Təsdiqlənib,Bütün sənədlər qaydasındadır | Yoxlayıcı_ID: 287
19852091,Zəhra Babayeva,10-26-90,Q,Bakalavr,İşləyən,2239,Nağd istehlak krediti,14790,təmir,22.74,549.0,3,Bəli,Bəli,Rədd edilib,'Qara siyahı'da olmaq
86234430,Nərmin Rzayeva,18/09/2003,qadin,Bakalavr tehsili,Tələbə,174,Təhsil krediti,1289,Biznes krediti,15.98,266.0,1,Bəli,Xeyr,Rədd edilib,Aşağı kredit reytinqi
30226089,Şəbnəm Əhmədova,01-11-01,Q,Bakalavr tehsili,İşləyən,1473,Nağd istehlak krediti,8216,toy xərcləri,23.18,1067.0,0,,Xeyr,Təsdiqlənib,Müştərinin gəliri və krediti təsdiqləndi
93313431,Nərmin Əliyeva,11-09-70,qadin,Bakalavr tehsili,Sahibkar,2583,Mikro kredit,92986,Biznes krediti,23.72,1173.0,2,Xeyr,Xeyr,Rədd edilib,Gəlir çatışmazlığı | Yoxlayıcı_ID: 215
10668894,Məhəmməd İbrahimov,03-02-92, kişi ,Bakalavr tehsili,İşləyən,3117,Nağd istehlak krediti,618,təmir,15.41,1142.0,4,Xeyr,Xeyr,Təsdiqlənib,Müştərinin gəliri və krediti təsdiqləndi
84378214,Fərid Babayev,1988-07-16, kişi ,Bakalavr,İşləyən,"1,907",Avtomobil krediti,16474,şəxsi istehlak məqsədi,22.08,515.0,2,Xeyr,Xeyr,Təsdiqlənib,Müştərinin gəliri və krediti təsdiqləndi
64669727,Rəna Cavadova,08-18-83,Q,Magistr,İşləyən,2347,Nağd istehlak krediti,14336,təmir,15.63,1236.0,1,Bəli,Xeyr,Təsdiqlənib,Müştərinin gəliri və krediti təsdiqləndi
67475484,Cavid Qasımov,2003-03-31, kişi ,Magistr,Tələbə,265,Təhsil krediti,2968,dövriyyə vəsaitlərinin artırılması - Biznes krediti,24.64,326.0,0,,Xeyr,Rədd edilib,Aşağı kredit reytinqi
57144667,Rəşad Rüstəmov,18/07/1978, kişi ,Bakalavr tehsili,İşləyən,2293,Nağd istehlak krediti,11033,toy xərcləri,18.78,642.0,4,Bəli,Xeyr,Təsdiqlənib,Müştərinin gəliri və krediti təsdiqləndi
97665270,Zəhra Tağıyeva,2003-08-22,Q,Bakalavr tehsili,Tələbə,229 manat,Təhsil krediti,1474,Biznes krediti,16.68,638.0,0,,Xeyr,Təsdiqlənib,Bütün sənədlər qaydasındadır
74066323,Rauf Səfərov,19/03/1976, kişi ,Bakalavr tehsili,İşləyən,,Nağd istehlak krediti,18935,məişət avadanlığı alışı,23.61,1420.0,4,Xeyr,Xeyr,Təsdiqlənib,Müştərinin gəliri və krediti təsdiqləndi
51604119,Rəna Əliyeva,07-04-04,,Bakalavr tehsili,Tələbə,,Təhsil krediti,1485,dövriyyə vəsaitlərinin artırılması - Biznes krediti,16.22,471.0,0,,Xeyr,Rədd edilib,Aşağı kredit reytinqi | Yoxlayıcı_ID: 634
66962359,Məryəm Babayeva,07-06-92,Q,Bakalavr,İşləyən,2598,Nağd istehlak krediti,11566,tibbi xərclər,17.78,1412.0,0,,Xeyr,Təsdiqlənib,Müştərinin gəliri və krediti təsdiqləndi
50022312,Rəna İbrahimova,2004-01-09,,Bakalavr tehsili,Tələbə,264,Təhsil krediti,2890,əsas vəsaitlərin alınması - Biznes krediti,15.91,399.0,0,,Xeyr,Rədd edilib,Aşağı kredit reytinqi
14597328,Zeynəb Sultanova,01-29-69,qadin,Orta məktəb,İşsiz,5,Nağd istehlak krediti,877,şəxsi istehlak məqsədi,12.27,507.0,0,,Xeyr,Rədd edilib,Gəlir çatışmazlığı | Yoxlayıcı_ID: 202
95938366,Aysel Qasımova,12-06-90,Qadın,Magistr,İşləyən,2399,Nağd istehlak krediti,14032,tibbi xərclər,19.35,1089.0,0,,Xeyr,Təsdiqlənib,Bütün sənədlər qaydasındadır | Yoxlayıcı_ID: 406
36374885,Günel Cəfərova,06-21-76,Qadın,Magistr,İşləyən,3822 AZN,Nağd istehlak krediti,13284,tibbi xərclər,15.29,1202.0,3,Xeyr,Xeyr,Təsdiqlənib,Bütün sənədlər qaydasındadır | Yoxlayıcı_ID: 527
20218001,Fərid Məmmədov,04-10-76,Kişi,Magistr,İşləyən,1042,Nağd istehlak krediti,18169,toy xərcləri,12.01,1385.0,4,Xeyr,Xeyr,Təsdiqlənib,Müştərinin gəliri və krediti təsdiqləndi | Yoxlayıcı_ID: 351
49379559,Lalə Abdullayeva,1992-12-21,,Magistr,İşləyən,3618,Nağd istehlak krediti,"12,099",toy xərcləri,23.12,847.0,0,,Xeyr,Təsdiqlənib,Bütün sənədlər qaydasındadır
38283076,Ayan Sultanova,04/06/1983,qadin,Bakalavr,İşləyən,2974,Nağd istehlak krediti,17196 AZN,məişət avadanlığı alışı,18.87,657.0,4,Bəli,Xeyr,Təsdiqlənib,Müştərinin gəliri və krediti təsdiqləndi
91883383,Günel Nəsirova,31/08/1986,Q,Bakalavr,İşləyən,2515 AZN,Nağd istehlak krediti,5094,şəxsi istehlak məqsədi,15.89,715.0,3,Bəli,Xeyr,Təsdiqlənib,Bütün sənədlər qaydasındadır
47417838,Lalə Cəfərova,1992-09-04,qadin,Bakalavr tehsili,İşləyən,2630,Nağd istehlak krediti,3569,məişət avadanlığı alışı,17.64,,3,Xeyr,Xeyr,Təsdiqlənib,Bütün sənədlər qaydasındadır
19911535,Sahil Cavadov,03/08/1968,Kişi,Orta məktəb,İşsiz,26,Nağd istehlak krediti,373,tibbi xərclər,12.7,317.0,1,Bəli,Xeyr,Rədd edilib,Aşağı kredit reytinqi
51239846,Murad Nəsirov,05-01-92,Kişi,Orta məktəb,İşsiz,389,Nağd istehlak krediti,944,təmir,16.19,441.0,1,Xeyr,Xeyr,Rədd edilib,Aşağı kredit reytinqi
68151737,Nigar Tağıyeva,08-31-79,,Orta məktəb,İşsiz,246,Nağd istehlak krediti,722,şəxsi istehlak məqsədi,13.83,206.0,0,,Xeyr,Rədd edilib,Aşağı kredit reytinqi | Yoxlayıcı_ID: 423
39421502,Sahil İsmayılov,1961-06-09,,Orta məktəb,İşsiz,,Nağd istehlak krediti,762,təmir,15.89,240.0,2,Bəli,Xeyr,Rədd edilib,Aşağı kredit reytinqi
22790881,Ramin Cavadov,04-09-73,,Bakalavr,İşləyən,819,Avtomobil krediti,35346,tibbi xərclər,18.02,1027.0,2,Xeyr,Xeyr,Rədd edilib,Gəlir çatışmazlığı
80561156,Nigar Əliyeva,30/05/1981,Q,Orta məktəb,İşsiz,220,Nağd istehlak krediti,796,tibbi xərclər,19.46,172.0,2,Bəli,Xeyr,Rədd edilib,Aşağı kredit reytinqi
49498365,Samir Rzayev,02-10-05,Kişi,Magistr,Tələbə,150,Təhsil krediti,1675,Biznes krediti,17.16,533.0,0,,Xeyr,Təsdiqlənib,İş stajı yetərsizdir
11073201,Uğur Cəfərov,09/07/2003,Kişi,Bakalavr tehsili,Tələbə,293,Təhsil krediti,1328,dövriyyə vəsaitlərinin artırılması - Biznes krediti,20.66,776.0,1,Xeyr,Xeyr,Təsdiqlənib,Müştərinin gəliri və krediti təsdiqləndi
92163753,Nihat Vəliyev,1990-03-02, kişi ,Bakalavr,İşləyən,3823,Nağd istehlak krediti,9368,şəxsi istehlak məqsədi,19.16,511.0,4,Bəli,Xeyr,Təsdiqlənib,Müştərinin gəliri və krediti təsdiqləndi
22640811,Məhəmməd Səfərov,1994-07-04,K,Bakalavr,Sahibkar,5338,Mikro kredit,38459,Biznes krediti,24.93,811.0,3,Xeyr,Xeyr,Təsdiqlənib,Müştərinin gəliri və krediti təsdiqləndi
65089068,Nihat Rəhimov,1978-11-15,K,Magistr,İşləyən,2922,Nağd istehlak krediti,16490,təmir,13.83,777.0,4,Bəli,Bəli,Rədd edilib,'Qara siyahı'da olmaq
60967628,Rauf Vəliyev,01-01-77,K,Orta məktəb,İşsiz,164,Nağd istehlak krediti,922 AZN,təmir,12.98,581.0,2,Bəli,Bəli,Təsdiqlənib,'Qara siyahı'da olmaq
41519962,Emin Rzayev,1988-08-08,K,Magistr,İşləyən,1242,Nağd istehlak krediti,14979,təmir,19.89,1436.0,2,Xeyr,Xeyr,Təsdiqlənib,Müştərinin gəliri və krediti təsdiqləndi
52440565,Fərid Tağıyev,2007-09-30,Kişi,Bakalavr tehsili,Tələbə,133,Təhsil kriditi,1697,dövriyyə vəsaitlərinin artırılması - Biznes krediti,12.47,265.0,0,,Xeyr,Rədd edilib,Aşağı kredit reytinqi
86559546,Ayan Babayeva,1990-11-04,qadin,Bakalavr tehsili,İşləyən,2352,Nağd istehlak krediti,1916,məişət avadanlığı alışı,14.46,573.0,3,Bəli,Xeyr,Təsdiqlənib,Müştərinin gəliri və krediti təsdiqləndi
86007577,Ramin Cəfərov,1979-04-08,,Magistr,İşləyən,2025,Nağd istehlak krediti,11467 AZN,təmir,16.2,629.0,0,,Xeyr,Təsdiqlənib,Müştərinin gəliri və krediti təsdiqləndi
35227645,Şəbnəm Cəfərova,2007-08-01,qadin,Bakalavr,Tələbə,270,Təhsil krediti,1806,əsas vəsaitlərin alınması - Biznes krediti,23.41,493.0,0,,Xeyr,Rədd edilib,Aşağı kredit reytinqi
52453578,Rauf Qasımov,2006-08-27, kişi ,Magistr,Tələbə,111,Təhsil krediti,1012,Biznes krediti,20.71,472.0,0,,Xeyr,Rədd edilib,Aşağı kredit reytinqi
77717828,Səbinə Sultanova,09/07/2006,,Bakalavr tehsili,Tələbə,242,Təhsil krediti,2538,Biznes krediti,11.34,349.0,1,Xeyr,Xeyr,Rədd edilib,Aşağı kredit reytinqi
62611508,Əli Tağıyev,1971-02-20,,Bakalavr,İşləyən,982,Nağd istehlak krediti,15716,tibbi xərclər,23.07,1192.0,0,,Xeyr,Təsdiqlənib,Bütün sənədlər qaydasındadır
54718545,Anar İsmayılov,08/07/2000, kişi ,Bakalavr tehsili,İşləyən,2133,Nağd istehlak krediti,4956,məişət avadanlığı alışı,19.37,1412.0,1,Bəli,Xeyr,Təsdiqlənib,Bütün sənədlər qaydasındadır
19999370,Ramin Əhmədov,12-28-87,,Bakalavr tehsili,Sahibkar,6908,Mikro kredit,50227,dövriyyə vəsaitlərinin artırılması - Biznes krediti,14.51,,8,Bəli,Xeyr,Təsdiqlənib,Müştərinin gəliri və krediti təsdiqləndi
15654643,Ləman Hüseynova,26/11/1976,Q,Bakalavr tehsili,İşləyən,2086,Nağd istehlak krediti,15389,məişət avadanlığı alışı,23.06,1109.0,4,Xeyr,Xeyr,Təsdiqlənib,Müştərinin gəliri və krediti təsdiqləndi
17120760,Aysel Quliyeva,08-04-91,Q,Bakalavr tehsili,Sahibkar,6193,Mikro kredit,73505,dövriyyə vəsaitlərinin artırılması - Biznes krediti,16.95,810.0,8,Bəli,Xeyr,Təsdiqlənib,Müştərinin gəliri və krediti təsdiqləndi
98232697,Tural Babayev,30/05/2004,Kişi,Bakalavr tehsili,Tələbə,286,Təhsil krediti,902,dövriyyə vəsaitlərinin artırılması - Biznes krediti,23.93,311.0,0,,Xeyr,Rədd edilib,Aşağı kredit reytinqi | Yoxlayıcı_ID: 933
92305517,Şəbnəm Cavadova,1987-01-16,Qadın,Bakalavr tehsili,İşləyən,960,Nağd istehlak krediti,8258,tibbi xərclər,21.28,1463.0,0,,Xeyr,Təsdiqlənib,Müştərinin gəliri və krediti təsdiqləndi
90992988,Fidan Sultanova,1975-04-21,,Bakalavr tehsili,Sahibkar,,Mikro kredit,62788,əsas vəsaitlərin alınması - Biznes krediti,16.68,1056.0,3,Bəli,Xeyr,Təsdiqlənib,Müştərinin gəliri və krediti təsdiqləndi
22828622,Sevinc Sultanova,12-24-03,Qadın,Magistr,Tələbə,225,Təhsil krediti,625,dövriyyə vəsaitlərinin artırılması - Biznes krediti,13.78,621.0,1,Xeyr,Xeyr,Təsdiqlənib,Müştərinin gəliri və krediti təsdiqləndi
57315784,Rəşad Rüstəmov,04/02/1989, kişi ,Bakalavr,İşləyən,2398,Nağd istehlak krediti,"2,862",təmir,18.45,1002.0,4,Xeyr,Xeyr,Təsdiqlənib,Müştərinin gəliri və krediti təsdiqləndi | Yoxlayıcı_ID: 311
71935975,lalə quliyeva,04-09-82,qadin,Magistr,İşləyən,1222,Nağd istehlak krediti,1611,tibbi xərclər,23.46,1549.0,4,Bəli,Xeyr,Təsdiqlənib,Bütün sənədlər qaydasındadır
35440640,Səbinə Sultanova,2006-05-07,,Magistr,Tələbə,144,Təhsil krediti,1628,əsas vəsaitlərin alınması - Biznes krediti,21.99,577.0,0,,Xeyr,Təsdiqlənib,Bütün sənədlər qaydasındadır
53219251,Fidan Əhmədova,18/01/1999,Q,Bakalavr tehsili,İşləyən,3795,Nağd istehlak krediti,892,məişət avadanlığı alışı,18.27,866.0,4,Bəli,Xeyr,Təsdiqlənib,Müştərinin gəliri və krediti təsdiqləndi | Yoxlayıcı_ID: 612
23526734,Aysel Rəhimova,1989-09-05,qadin,Bakalavr,İşləyən,1590,Nağd istehlak krediti,7417,şəxsi istehlak məqsədi,21.14,412.0,2,Xeyr,Xeyr,Rədd edilib,Aşağı kredit reytinqi
30815556,Rauf Quliyev,1995-06-01, kişi ,Orta məktəb,İşsiz,327,Nağd istehlak krediti,831,tibbi xərclər,21.9,465.0,1,Xeyr,Xeyr,Rədd edilib,Aşağı kredit reytinqi
36557763,Səbinə İbrahimova,12-22-90,qadin,Bakalavr,İşləyən,2715,Nağd istehlak krediti,5967,toy xərcləri,24.61,1326.0,3,Bəli,Xeyr,Təsdiqlənib,Bütün sənədlər qaydasındadır
14520047,Yusif Abdullayev,03-21-91,K,Magistr,İşləyən,1808,Nağd istehlak krediti,18767,məişət avadanlığı alışı,20.46,762.0,2,Bəli,Xeyr,Təsdiqlənib,Müştərinin gəliri və krediti təsdiqləndi
11005999,Fərid Quliyev,01-29-81, kişi ,Bakalavr,İşləyən,2601,Avtomobil krediti,19443,tibbi xərclər,13.68,739.0,1,Xeyr,Xeyr,Təsdiqlənib,Bütün sənədlər qaydasındadır
87974109, Rəşad Rəhimov ,01-31-06, kişi ,Bakalavr,Tələbə,224,Təhsil krediti,908 manat,Biznes krediti,15.89,267.0,0,,Xeyr,Rədd edilib,Aşağı kredit reytinqi
22466666,Orxan Əhmədov,16/02/1984,,Bakalavr tehsili,İşləyən,1547,Nağd istehlak krediti,11473,Təmir,22.41,634.0,4,Bəli,Xeyr,Təsdiqlənib,Bütün sənədlər qaydasındadır
75818148,Kəmalə Cavadova,01-31-82,Qadın,Magistr,Sahibkar,4290,Mikro kredit,43355,dövriyyə vəsaitlərinin artırılması - Biznes krediti,12.48,1250.0,4,Xeyr,Xeyr,Təsdiqlənib,Bütün sənədlər qaydasındadır | Yoxlayıcı_ID: 969
86861541, Cavid İsmayılov ,06-17-04,K,Bakalavr,Tələbə,138,Təhsil krediti,1751,dövriyyə vəsaitlərinin artırılması - Biznes krediti,15.05,239.0,1,Xeyr,Xeyr,Rədd edilib,Aşağı kredit reytinqi
94767750,Babayeva Səbinə,1979-09-02,qadin,Orta məktəb,İşsiz,367,Nağd istehlak krediti,368,tibbi xərclər,19.5,271.0,2,Bəli,Xeyr,Rədd edilib,Aşağı kredit reytinqi
23627155,Lalə Əhmədova,1982-12-26,Q,Magistr,İşləyən,3832,Nağd istehlak krediti,2379,təmir,15.34,797.0,1,Xeyr,Xeyr,Təsdiqlənib,Bütün sənədlər qaydasındadır
52069606,Sahil Sultanov,1976-09-10,K,Bakalavr,Sahibkar,3797,Mikro kredit,57724,əsas vəsaitlərin alınması - Biznes krediti,12.86,1758.0,8,Xeyr,Xeyr,Təsdiqlənib,Müştərinin gəliri və krediti təsdiqləndi
18611904,Elvin Qasımov,04/03/2003,K,Bakalavr tehsili,Tələbə,147,Təhsil krediti,2943,əsas vəsaitlərin alınması - Biznes krediti,18.42,382.0,1,Bəli,Xeyr,Rədd edilib,Aşağı kredit reytinqi
33168208,Rauf Hüseynov,04-12-85,Kişi,Bakalavr,İşləyən,1463,Nağd istehlak krediti,9766,şəxsi istehlak məqsədi,14.93,677.0,3,Bəli,Xeyr,Təsdiqlənib,Müştərinin gəliri və krediti təsdiqləndi
39832572,sahil rzayev,09-22-83,,Orta məktəb,İşsiz,323,Nağd istehlak krediti,690,təmir,23.99,209.0,1,Xeyr,Xeyr,Təsdiqlənib,Aşağı kredit reytinqi
13813104,Aylin Nəsirova,06-03-84,,Magistr,Sahibkar,7880,Mikro kredit,72824,əsas vəsaitlərin alınması - Biznes krediti,14.85,996.0,3,Bəli,Xeyr,Təsdiqlənib,Müştərinin gəliri və krediti təsdiqləndi
77086779,Məhəmməd Qasımov,1971-09-29,Kişi,Orta məktəb,İşsiz,323,Nağd istehlak krediti,319,şəxsi istehlak məqsədi,24.6,396.0,2,Bəli,Bəli,Rədd edilib,'Qara siyahı'da olmaq
55669704,Ləman Məmmədova,1982-07-24,qadin,Magistr,Sahibkar,5971,Mikro kredit,19974,Biznes krediti,20.81,1664.0,4,Bəli,Xeyr,Təsdiqlənib,Bütün sənədlər qaydasındadır
79178085,Zeynəb Cəfərova,12-07-73,qadin,Bakalavr tehsili,İşləyən,3208,Nağd istehlak krediti,11643,təmir,12.74,1329.0,4,Xeyr,Xeyr,Təsdiqlənib,Bütün sənədlər qaydasındadır
87081882,Tural İsmayılov,04/02/2001, kişi ,Bakalavr tehsili,İşləyən,1900 manat,Nağd istehlak krediti,6557,şəxsi istehlak məqsədi,11.79,1157.0,3,Xeyr,Bəli,Rədd edilib,'Qara siyahı'da olmaq
50182788,Sevinc Sultanova,20/01/1997,,Orta məktəb,İşsiz,119,Nağd istehlak krediti,671,təmir,19.46,524.0,2,Bəli,Xeyr,Təsdiqlənib,Müştərinin gəliri və krediti təsdiqləndi
86287274,Ayan Abdullayeva,1986-06-24,qadin,Bakalavr tehsili,Sahibkar,4634,Mikro kredit,21275,əsas vəsaitlərin alınması - Biznes krediti,24.69,1358.0,7,Xeyr,Xeyr,Təsdiqlənib,Müştərinin gəliri və krediti təsdiqləndi
18581887,məryəm i̇brahimova,19/05/2003,,Bakalavr tehsili,Tələbə,174,Təhsil krediti,1765,əsas vəsaitlərin alınması - Biznes krediti,23.66,331.0,1,Xeyr,Xeyr,Rədd edilib,Aşağı kredit reytinqi
24883024,Anar İsmayılov,05-15-07, kişi ,Bakalavr tehsili,Tələbə,111 manat,Təhsil krediti,1766,əsas vəsaitlərin alınması - Biznes krediti,17.02,435.0,0,,Xeyr,Rədd edilib,Aşağı kredit reytinqi
46314124,Yusif Səfərov,05-18-85,,Bakalavr tehsili,İşləyən,,Nağd istehlak krediti,12876,təmir,24.84,1566.0,3,Xeyr,Xeyr,Təsdiqlənib,Bütün sənədlər qaydasındadır
89328061,Tural Məmmədov,1993-04-09, kişi ,Orta məktəb,İşsiz,23,Nağd istehlak krediti,595,toy xərcləri,17.64,386.0,0,,Xeyr,Rədd edilib,Aşağı kredit reytinqi
60096423,Sevinc Vəliyeva,1987-10-01,Q,Magistr,Sahibkar,7042,Mikro kredit,69501,əsas vəsaitlərin alınması - Biznes krediti,14.48,1246.0,8,Xeyr,Xeyr,Təsdiqlənib,Müştərinin gəliri və krediti təsdiqləndi | Yoxlayıcı_ID: 952
30525020, Sahil Quliyev ,10-06-80, kişi ,Bakalavr tehsili,Sahibkar,8713,Mikro kredit,56203,əsas vəsaitlərin alınması - Biznes krediti,13.0,1783.0,4,Xeyr,Xeyr,Təsdiqlənib,Müştərinin gəliri və krediti təsdiqləndi
98296519,rəşad hüseynov,20/09/1971,,Bakalavr,İşləyən,2311,Nağd istehlak krediti,19032 AZN,məişət avadanlığı alışı,11.63,1165.0,1,Xeyr,Xeyr,Təsdiqlənib,Bütün sənədlər qaydasındadır
16810748,Məhəmməd Qasımov,02-14-99,K,Magistr,İşləyən,1731,Nağd istehlak krediti,2410,tibbi xərclər,17.88,544.0,2,Xeyr,Xeyr,Təsdiqlənib,Müştərinin gəliri və krediti təsdiqləndi | Yoxlayıcı_ID: 862
45799864,Cavid Hüseynov,13/11/1977,,Bakalavr tehsili,İşləyən,2353,Avtomobil krediti,38913,təmir,22.99,763.0,1,Bəli,Xeyr,Təsdiqlənib,Bütün sənədlər qaydasındadır
47582862,Nərmin Abdullayeva,06/06/1991,Q,Magistr,İşləyən,3606,Nağd istehlak krediti,12338,məişət avadanlığı alışı,23.88,1052.0,1,Bəli,Xeyr,Təsdiqlənib,Aşağı kredit reytinqi
43137574,Nərmin Əliyeva,07/08/1975,,Bakalavr tehsili,İşləyən,2160,Nağd istehlak krediti,6202,məişət avadanlığı alışı,21.07,1419.0,1,Xeyr,Xeyr,Təsdiqlənib,Müştərinin gəliri və krediti təsdiqləndi
27282073,Fərid Əhmədov,07/12/1992,Kişi,Magistr,Sahibkar,9963,Mikro kredit,95876,əsas vəsaitlərin alınması - Biznes krediti,14.23,1576.0,2,Xeyr,Xeyr,Təsdiqlənib,Bütün sənədlər qaydasındadır
61107800,Yusif Sultanov,09-23-78,K,Bakalavr tehsili,İşləyən,2038,Nağd istehlak krediti,19282,təmir,15.18,570.0,3,Xeyr,Xeyr,Təsdiqlənib,Müştərinin gəliri və krediti təsdiqləndi
96379616,Fərid Sultanov,04-13-91,K,Orta məktəb,İşsiz,288,Nağd istehlak krediti,922,şəxsi istehlak məqsədi,11.69,163.0,2,Xeyr,Xeyr,Rədd edilib,Aşağı kredit reytinqi
30554825,Sahil Hüseynov,02-16-79,K,Orta məktəb,İşsiz,70,Nağd istehlak krediti,896,təmir,13.66,466.0,2,Bəli,Xeyr,Rədd edilib,Aşağı kredit reytinqi
25307446, Samir Qasımov ,1995-12-14,,Bakalavr tehsili,İşləyən,1978,Nağd istehlak krediti,2013,şəxsi istehlak məqsədi,14.12,1499.0,2,Bəli,Xeyr,Təsdiqlənib,Bütün sənədlər qaydasındadır
33534589,Emin Səfərov,1975-10-19,,Magistr,İşləyən,1607,Avtomobil krediti,17274,təmir,22.82,,0,,Xeyr,Təsdiqlənib,Bütün sənədlər qaydasındadır
18175536,Məhəmməd Quliyev,05-04-03,K,Bakalavr,Tələbə,182,Təhsil krediti,824,dövriyyə vəsaitlərinin artırılması - Biznes krediti,13.0,572.0,1,Bəli,Xeyr,Təsdiqlənib,'Qara siyahı'da olmaq
74451109,Günel Qasımova,02/06/2002,,Bakalavr tehsili,İşləyən,2357,Nağd istehlak krediti,15903,məişət avadanlığı alışı,11.46,695.0,4,Xeyr,Xeyr,Təsdiqlənib,Müştərinin gəliri və krediti təsdiqləndi | Yoxlayıcı_ID: 168
60288615,Rəna Rüstəmova,2006-03-16,qadin,Magistr,Tələbə,183,Təhsil krediti,820,əsas vəsaitlərin alınması - Biznes krediti,18.99,781.0,0,,Xeyr,Təsdiqlənib,Müştərinin gəliri və krediti təsdiqləndi | Yoxlayıcı_ID: 805
62297474,Səbinə Rzayeva,12-06-99,Q,Bakalavr tehsili,İşləyən,3244,Nağd istehlak krediti,5130,toy xərcləri,19.97,1192.0,3,Xeyr,Xeyr,Təsdiqlənib,Müştərinin gəliri və krediti təsdiqləndi
80992769,Ləman Rüstəmova,11-12-91,,Orta məktəb,İşsiz,353,Nağd istehlak krediti,401,təmir,23.45,245.0,0,,Xeyr,Rədd edilib,Aşağı kredit reytinqi
19778221,Aysel Əhmədova,2007-06-03,Qadın,Magistr,Tələbə,234,Təhsil krediti,2787,dövriyyə vəsaitlərinin artırılması - Biznes krediti,19.64,297.0,0,,Xeyr,Rədd edilib,Aşağı kredit reytinqi
12012180,Əli Qasımov,26/04/1982,K,Bakalavr tehsili,Sahibkar,9180,Mikro kredit,62317,əsas vəsaitlərin alınması - Biznes krediti,20.6,1771.0,4,Xeyr,Xeyr,Təsdiqlənib,Bütün sənədlər qaydasındadır | Yoxlayıcı_ID: 353
13932000,Rauf Rəhimov,09-05-95,K,Bakalavr tehsili,Sahibkar,2615,Mikro kredit,93406,Biznes krediti,13.47,1617.0,3,Bəli,Xeyr,Rədd edilib,Gəlir çatışmazlığı
87059708,Elvin Quliyev,1977-12-09, kişi ,Magistr,İşləyən,1285,Avtomobil krediti,23811,məişət avadanlığı alışı,20.15,1400.0,1,Xeyr,Xeyr,Təsdiqlənib,Bütün sənədlər qaydasındadır | Yoxlayıcı_ID: 979
15392328,Məhəmməd Əhmədov,1990-03-13,Kişi,Magistr,İşləyən,3330,Avtomobil krediti,15530,tibbi xərclər,12.98,1481.0,1,Xeyr,Xeyr,Təsdiqlənib,Səhv və ya natamam müraciət
20003985,Səbinə Cəfərova,1976-07-11,Q,Magistr,İşləyən,2737,Nağd istehlak krediti,4427,şəxsi istehlak məqsədi,22.87,1438.0,0,,Xeyr,Təsdiqlənib,Müştərinin gəliri və krediti təsdiqləndi
25953200,Səbinə Quliyeva,1992-01-28,Q,Bakalavr,İşləyən,3095,Avtomobil krediti,19104,tibbi xərclər,14.27,1537.0,0,,Xeyr,Təsdiqlənib,Müştərinin gəliri və krediti təsdiqləndi | Yoxlayıcı_ID: 764
86400317,Uğur Rəhimov,11-17-83,,Bakalavr tehsili,İşləyən,1603,Nağd istehlak krediti,6700,tibbi xərclər,18.84,1205.0,0,,Xeyr,Təsdiqlənib,Müştərinin gəliri və krediti təsdiqləndi | Yoxlayıcı_ID: 650
10447433,samir əhmədov,18/08/1991,Kişi,Bakalavr tehsili,İşləyən,3671,Nağd istehlak krediti,10832,toy xərcləri,21.68,,1,Bəli,Xeyr,Təsdiqlənib,Müştərinin gəliri və krediti təsdiqləndi
42647840,Rauf Nəsirov,19/02/1984, kişi ,Bakalavr tehsili,İşləyən,1733,Nağd istehlak krediti,9568,tibbi xərclər,13.7,931.0,0,,Xeyr,Təsdiqlənib,Bütün sənədlər qaydasındadır
67955391,Aylin Əhmədova,05/02/2001,qadin,Magistr,İşləyən,2519,Nağd istehlak krediti,3314,toy xərcləri,15.9,483.0,3,Xeyr,Xeyr,Rədd edilib,Aşağı kredit reytinqi
89585390,Aylin İsmayılova,1969-07-15,Qadın,Orta məktəb,İşsiz,295,Nağd istehlak krediti,946,toy xərcləri,19.76,285.0,1,Bəli,Xeyr,Rədd edilib,Aşağı kredit reytinqi
70109362,Şəbnəm Sultanova,1995-03-13,,Bakalavr tehsili,İşləyən,1710,Nağd istehlak krediti,689,məişət avadanlığı alışı,16.9,1096.0,0,,Xeyr,Təsdiqlənib,Müştərinin gəliri və krediti təsdiqləndi
75954667,Uğur Rəhimov,03-04-78,Kişi,Bakalavr tehsili,İşləyən,"3,154",Nağd istehlak krediti,18887,şəxsi istehlak məqsədi,18.44,665.0,3,Xeyr,Xeyr,Təsdiqlənib,Müştərinin gəliri və krediti təsdiqləndi
19681757,Zeynəb Cəfərova,23/12/2002,,Magistr,Tələbə,165,Təhsil krediti,2376,dövriyyə vəsaitlərinin artırılması - Biznes krediti,14.08,773.0,0,,Xeyr,Təsdiqlənib,Bütün sənədlər qaydasındadır
77617176,Fərid Babayev,1974-04-01,K,Bakalavr tehsili,İşləyən,2117,Nağd istehlak krediti,10212 AZN,təmir,24.37,1231.0,1,Xeyr,Xeyr,Təsdiqlənib,Müştərinin gəliri və krediti təsdiqləndi
68335572,Aysel Sultanova,06-30-82,,Bakalavr tehsili,İşləyən,3159,Nağd istehlak krediti,18445 manat,məişət avadanlığı alışı,11.88,1594.0,0,,Xeyr,Təsdiqlənib,Bütün sənədlər qaydasındadır
22604380,Lalə Cavadova,12-04-96,Qadın,Magistr,İşləyən,2238,Nağd istehlak krediti,6010,toy xərcləri,19.72,769.0,3,Bəli,Xeyr,Təsdiqlənib,Bütün sənədlər qaydasındadır
15098406,Zəhra İsmayılova,08-19-07,qadin,Bakalavr,Tələbə,167,Təhsil krediti,2215,dövriyyə vəsaitlərinin artırılması - Biznes krediti,19.4,591.0,0,,Xeyr,Təsdiqlənib,Bütün sənədlər qaydasındadır | Yoxlayıcı_ID: 769
75000080,Murad Quliyev,1989-07-18, kişi ,Bakalavr tehsili,İşləyən,2069,Avtomobil krediti,33696,şəxsi istehlak məqsədi,20.84,,4,Bəli,Xeyr,Təsdiqlənib,Müştərinin gəliri və krediti təsdiqləndi
71907457,Tural Əliyev,1985-01-21, kişi ,Bakalavr tehsili,İşləyən,3469,Avtomobil krediti,33083,tibbi xərclər,21.12,1502.0,2,Bəli,Xeyr,Təsdiqlənib,Bütün sənədlər qaydasındadır
90465829,Nihat Nəsirov,09/09/1995, kişi ,Bakalavr,İşləyən,2244 AZN,Nağd istehlak krediti,10974,şəxsi istehlak məqsədi,12.47,1565.0,3,Bəli,Xeyr,Təsdiqlənib,Müştərinin gəliri və krediti təsdiqləndi
50886498,Ləman Hüseynova,08/10/2006,qadin,Bakalavr,Tələbə,217,Təhsil krediti,962,əsas vəsaitlərin alınması - Biznes krediti,22.18,583.0,0,,Xeyr,Təsdiqlənib,Müştərinin gəliri və krediti təsdiqləndi
50179528, Nihat Əhmədov ,01-09-03,,Bakalavr,Tələbə,237,Təhsil krediti,2378,əsas vəsaitlərin alınması - Biznes krediti,23.85,526.0,1,Xeyr,Xeyr,Təsdiqlənib,Bütün sənədlər qaydasındadır
53674678,Ləman Abdullayeva,04-18-05,Q,Magistr,Tələbə,289,Təhsil krediti,1131,dövriyyə vəsaitlərinin artırılması - Biznes krediti,14.05,729.0,0,,Xeyr,Təsdiqlənib,Bütün sənədlər qaydasındadır | Yoxlayıcı_ID: 781
77153847,Günel Tağıyeva,1976-09-25,qadin,Magistr,İşləyən,3447,Nağd istehlak krediti,705,məişət avadanlığı alışı,15.47,1290.0,2,Xeyr,Xeyr,Təsdiqlənib,Bütün sənədlər qaydasındadır | Yoxlayıcı_ID: 716
49458390,Səbinə Rəhimova,07-26-74,Q,Bakalavr,İşləyən,1764,Nağd istehlak krediti,9636,tibbi xərclər,13.92,1409.0,1,Xeyr,Xeyr,Təsdiqlənib,Müştərinin gəliri və krediti təsdiqləndi
23716090,Günel Nəsirova,1984-07-27,qadin,Bakalavr tehsili,İşləyən,1786,Nağd istehlak krediti,13713,məişət avadanlığı alışı,16.68,452.0,1,Bəli,Bəli,Rədd edilib,'Qara siyahı'da olmaq
66081296,Zülfiyyə Cəfərova,1979-05-20,Qadın,Bakalavr,İşləyən,993,Avtomobil krediti,10182,təmir,10.96,595.0,2,Bəli,Xeyr,Təsdiqlənib,İş stajı yetərsizdir
55895900,Tural Tağıyev,10-28-98,Kişi,Bakalavr tehsili,İşləyən,1682,Nağd istehlak krediti,4450,toy xərcləri,17.26,554.0,2,Bəli,Xeyr,Təsdiqlənib,Müştərinin gəliri və krediti təsdiqləndi
76717667,Rəna İbrahimova,29/12/2000,,Magistr,İşləyən,2189,Nağd istehlak krediti,9750,məişət avadanlığı alışı,13.11,,1,Bəli,Bəli,Rədd edilib,'Qara siyahı'da olmaq
77913481,Rəna Cavadova,1979-11-05,qadin,Bakalavr,İşləyən,3480,Nağd istehlak krediti,2206,təmir,19.58,1506.0,1,Xeyr,Xeyr,Təsdiqlənib,Bütün sənədlər qaydasındadır
21515641,Zəhra İbrahimova,15/03/1984,Qadın,Magistr,İşləyən,"3,322",Avtomobil krediti,36211,təmir,24.66,744.0,1,Xeyr,Xeyr,Təsdiqlənib,Bütün sənədlər qaydasındadır
16568651,Fatimə Əliyeva,07-15-90,qadin,Magistr,İşləyən,3485,Nağd istehlak krediti,3221 manat,tibbi xərclər,22.62,1481.0,0,,Xeyr,Təsdiqlənib,Müştərinin gəliri və krediti təsdiqləndi
13341302,ayan rüstəmova,02/11/2001,,Bakalavr,İşləyən,2004,Nağd istehlak krediti,10416,məişət avadanlığı alışı,23.22,405.0,0,,Xeyr,Rədd edilib,Aşağı kredit reytinqi
15083779,Sevinc Əliyeva,07-17-73,qadin,Bakalavr tehsili,Sahibkar,2670,Mikro kridit,84723,dövriyyə vəsaitlərinin artırılması - Biznes krediti,16.24,1659.0,6,Bəli,Xeyr,Rədd edilib,Gəlir çatışmazlığı
64147394,Nigar İsmayılova,1992-06-08,qadin,Bakalavr tehsili,İşləyən,2565,Nağd istehlak krediti,9933,təmir,17.05,1229.0,1,Bəli,Xeyr,Təsdiqlənib,Müştərinin gəliri və krediti təsdiqləndi
99802583,Zəhra Vəliyeva,05-31-64,Q,Orta məktəb,İşsiz,176,Nağd istehlak krediti,927,məişət avadanlığı alışı,18.62,181.0,1,Bəli,Bəli,Rədd edilib,'Qara siyahı'da olmaq
94128764,Məryəm Qasımova,11-22-95,qadin,Magistr,İşləyən,1437,Nağd istehlak krediti,5710 AZN,tibbi xərclər,13.95,539.0,4,Bəli,Xeyr,Təsdiqlənib,Bütün sənədlər qaydasındadır
47224592, Cavid Əliyev ,08-12-71, kişi ,Magistr,İşləyən,"2,417",Nağd istehlak krediti,6604,məişət avadanlığı alışı,15.06,1385.0,2,Xeyr,Xeyr,Təsdiqlənib,Müştərinin gəliri və krediti təsdiqləndi | Yoxlayıcı_ID: 536
61132782,Aysel İbrahimova,02-08-76,,Orta məktəb,İşsiz,279,Nağd istehlak krediti,668,toy xərcləri,10.91,347.0,2,Xeyr,Xeyr,Rədd edilib,Aşağı kredit reytinqi | Yoxlayıcı_ID: 457
87982682,Kəmalə İsmayılova,10-03-84,Qadın,Bakalavr tehsili,İşləyən,3695,Avtomobil krediti,34095,şəxsi istehlak məqsədi,16.6,972.0,1,Bəli,Xeyr,Təsdiqlənib,Bütün sənədlər qaydasındadır
30203866,Fidan Cavadova,1960-11-07,qadin,Orta məktəb,İşsiz,108,Nağd istehlak kriditi,591,təmir,19.53,596.0,1,Xeyr,Xeyr,Təsdiqlənib,'Qara siyahı'da olmaq | Yoxlayıcı_ID: 475
17770945,Aylin Sultanova,1978-11-16,,Bakalavr tehsili,İşləyən,3045,Nağd istehlak krediti,15452,təmir,11.57,441.0,2,Bəli,Xeyr,Rədd edilib,Aşağı kredit reytinqi
80918849,Hüseyn Qasımov,1994-02-27,,Bakalavr tehsili,İşləyən,1569,Nağd istehlak krediti,19004,toy xərcləri,20.3,791.0,0,,Xeyr,Təsdiqlənib,Müştərinin gəliri və krediti təsdiqləndi
67451224,Rəşad Qasımov,17/09/1997,Kişi,Bakalavr,İşləyən,,Nağd istehlak krediti,15254,məişət avadanlığı alışı,11.03,570.0,2,Xeyr,Xeyr,Təsdiqlənib,Müştərinin gəliri və krediti təsdiqləndi | Yoxlayıcı_ID: 756
18857215,Ramin Əhmədov,29/12/1992,,Bakalavr tehsili,Sahibkar,8149,Mikro kredit,38832,dövriyyə vəsaitlərinin artırılması - Biznes krediti,16.46,1011.0,7,Bəli,Xeyr,Təsdiqlənib,Bütün sənədlər qaydasındadır
11018684,Aydan Rüstəmova,2005-10-05,Q,Bakalavr tehsili,Tələbə,288,Təhsil krediti,1697,əsas vəsaitlərin alınması - Biznes krediti,17.74,632.0,1,Xeyr,Xeyr,Təsdiqlənib,Müştərinin gəliri və krediti təsdiqləndi
34029161,Hüseyn Səfərov,02-29-00,Kişi,Bakalvar tehsili,İşləyən,2322,Avtomobil krediti,31884,məişət avadanlığı alışı,12.32,1490.0,2,Xeyr,Xeyr,Təsdiqlənib,Bütün sənədlər qaydasındadır
44468336,Anar İsmayılov,1973-05-05,Kişi,Bakalavr tehsili,İşləyən,1418 manat,Avtomobil krediti,33784,şəxsi istehlak məqsədi,15.66,443.0,2,Xeyr,Bəli,Rədd edilib,'Qara siyahı'da olmaq | Yoxlayıcı_ID: 966
85378959,Nigar Qasımova,05-30-70,qadin,Orta məktəb,İşsiz,207,Nağd istehlak krediti,632,məişət avadanlığı alışı,24.57,405.0,1,Xeyr,Bəli,Rədd edilib,'Qara siyahı'da olmaq
72251293,Elvin Sultanov,07/10/1995, kişi ,Bakalavr,İşləyən,1382,Nağd istehlak krediti,7556,təmir,13.24,1006.0,4,Bəli,Xeyr,Təsdiqlənib,Müştərinin gəliri və krediti təsdiqləndi | Yoxlayıcı_ID: 276
11444193,Elvin Sultanov,1977-02-05,K,Bakalavr,İşləyən,967,Nağd istehlak krediti,18023,toy xərcləri,10.95,822.0,4,Xeyr,Xeyr,Təsdiqlənib,Müştərinin gəliri və krediti təsdiqləndi
55332465,Cavid Əliyev,23/08/1993,K,Orta məktəb,İşsiz,323,Nağd istehlak krediti,747,tibbi xərclər,11.23,217.0,1,Xeyr,Xeyr,Rədd edilib,Aşağı kredit reytinqi
25028415,Ləman Babayeva,1986-08-25,,Magistr,İşləyən,872,Nağd istehlak krediti,18146,toy xərcləri,11.37,992.0,3,Bəli,Xeyr,Təsdiqlənib,Müştərinin gəliri və krediti təsdiqləndi | Yoxlayıcı_ID: 379
22272339,Lalə Nəsirova,2007-06-08,Qadın,Bakalavr,Tələbə,149,Təhsil krediti,728,əsas vəsaitlərin alınması - Biznes krediti,15.05,736.0,0,,Xeyr,Təsdiqlənib,Bütün sənədlər qaydasındadır
53617246,Zeynəb Cavadova,11-23-79,,Bakalavr tehsili,İşləyən,3584,Nağd istehlak krediti,5162,toy xərcləri,21.67,606.0,2,Xeyr,Xeyr,Təsdiqlənib,Müştərinin gəliri və krediti təsdiqləndi
51379101,Məhəmməd Rzayev,07/02/1991,Kişi,Orta məktəb,İşsiz,315,Nağd istehlak krediti,985,məişət avadanlığı alışı,16.26,,1,Xeyr,Bəli,Rədd edilib,'Qara siyahı'da olmaq
31938122,Fatimə Səfərova,07-26-74,Q,Orta məktəb,İşsiz,144,Nağd istehlak krediti,383,şəxsi istehlak məqsədi,11.14,146.0,2,Bəli,Xeyr,Rədd edilib,Aşağı kredit reytinqi | Yoxlayıcı_ID: 599
99853945,Uğur İbrahimov,29/04/1991,,Orta məktəb,İşsiz,229 manat,Nağd istehlak krediti,732,toy xərcləri,21.0,278.0,2,Xeyr,Xeyr,Rədd edilib,Aşağı kredit reytinqi | Yoxlayıcı_ID: 679
42224230,Lalə Vəliyeva,01-18-06,qadin,Bakalavr,Tələbə,114,Təhsil krediti,1395,Biznes krediti,15.95,319.0,1,Xeyr,Xeyr,Rədd edilib,Aşağı kredit reytinqi
33649578,Ləman Cavadova,1980-03-31,qadin,Bakalavr,İşləyən,3565,Avtomobil krediti,21173,məişət avadanlığı alışı,19.1,521.0,4,Xeyr,Xeyr,Təsdiqlənib,Bütün sənədlər qaydasındadır
57793241,Zeynəb Cavadova,21/07/1976,qadin,Magistr,İşləyən,1182,Nağd istehlak krediti,11662,toy xərcləri,23.01,1460.0,0,,Xeyr,Təsdiqlənib,Gəlir çatışmazlığı
25268153,Sahil Rəhimov,01-13-73,K,Magistr,İşləyən,1309,Nağd istehlak krediti,6105,tibbi xərclər,12.89,856.0,2,Bəli,Xeyr,Təsdiqlənib,Müştərinin gəliri və krediti təsdiqləndi
85055978,Rauf Cavadov,1976-07-17, kişi ,Bakalavr,İşləyən,3317,Nağd istehlak krediti,7375,tibbi xərclər,11.54,1426.0,3,Bəli,Xeyr,Təsdiqlənib,Bütün sənədlər qaydasındadır
50915772,Fidan Tağıyeva,1978-04-08,,Magistr,İşləyən,1367,Nağd istehlak krediti,13991,tibbi xərclər,23.16,1089.0,3,Xeyr,Xeyr,Təsdiqlənib,Müştərinin gəliri və krediti təsdiqləndi
14818727,Nigar Rəhimova,11-03-90,Qadın,Bakalavr,Sahibkar,2965,Mikro kredit,94917,əsas vəsaitlərin alınması - Biznes krediti,17.88,1191.0,4,Xeyr,Xeyr,Rədd edilib,Gəlir çatışmazlığı | Yoxlayıcı_ID: 580
84535711,Sahil Abdullayev,03-12-81, kişi ,Bakalavr tehsili,İşləyən,1029,Nağd istehlak krediti,11670,Təmir,11.27,1334.0,0,,Xeyr,Təsdiqlənib,Bütün sənədlər qaydasındadır
73842124,Ləman Rzayeva,04-18-79,Qadın,Bakalavr tehsili,İşləyən,1705,Nağd istehlak krediti,6181,tibbi xərclər,19.73,,2,Bəli,Xeyr,Təsdiqlənib,Müştərinin gəliri və krediti təsdiqləndi
59449641,Samir Abdullayev,03/01/1992,,Bakalavr,İşləyən,2025,Nağd istehlak krediti,7562,şəxsi istehlak məqsədi,18.96,1496.0,3,Xeyr,Xeyr,Təsdiqlənib,Müştərinin gəliri və krediti təsdiqləndi
64562757,Şəbnəm Quliyeva,29/01/2004,Qadın,Bakalavr tehsili,Tələbə,285,Təhsil krediti,1381,Biznes krediti,20.05,751.0,0,,Xeyr,Təsdiqlənib,Müştərinin gəliri və krediti təsdiqləndi
46221695,Şəbnəm Vəliyeva,06-12-75,Qadın,Bakalavr tehsili,Sahibkar,9990,Mikro kredit,88586 AZN,dövriyyə vəsaitlərinin artırılması - Biznes krediti,17.37,1580.0,8,Bəli,Xeyr,Təsdiqlənib,Bütün sənədlər qaydasındadır
63623607,Murad Məmmədov,1990-07-14, kişi ,Bakalavr tehsili,Sahibkar,6515,Mikro kredit,12583,dövriyyə vəsaitlərinin artırılması - Biznes krediti,23.46,1668.0,5,Xeyr,Xeyr,Təsdiqlənib,Müştərinin gəliri və krediti təsdiqləndi
13004220,Emin Rüstəmov,12-17-06,K,Magistr,Tələbə,173,Təhsil krediti,2849,Biznes krediti,16.12,,0,,Xeyr,Rədd edilib,Aşağı kredit reytinqi
15600395,Aylin Əhmədova,1974-02-11,Q,Bakalavr,İşləyən,2462,Avtomobil krediti,9232,məişət avadanlığı alışı,24.83,1522.0,4,Bəli,Xeyr,Təsdiqlənib,Bütün sənədlər qaydasındadır
73886331,Sevinc Əliyeva,07-03-68,,Bakalavr,Sahibkar,8918 AZN,Mikro kredit,65079,Biznes krediti,13.67,1272.0,5,Bəli,Xeyr,Təsdiqlənib,Bütün sənədlər qaydasındadır
19672716,Kəmalə Cavadova,03-03-06,qadin,Bakalavr,Tələbə,225,Təhsil krediti,2856,dövriyyə vəsaitlərinin artırılması - Biznes krediti,23.32,774.0,0,,Xeyr,Təsdiqlənib,Bütün sənədlər qaydasındadır
38318532,Kəmalə Rüstəmova,28/07/1982,Qadın,Bakalavr tehsili,İşləyən,3373,Avtomobil krediti,32963,tibbi xərclər,23.66,489.0,0,,Xeyr,Rədd edilib,Aşağı kredit reytinqi
97829091,Rzayev Fərid,1976-02-28,K,Bakalavr,İşləyən,2284,Nağd istehlak krediti,10153,məişət avadanlığı alışı,12.4,1421.0,2,Bəli,Xeyr,Təsdiqlənib,Müştərinin gəliri və krediti təsdiqləndi
44662300,Rəna Sultanova,1982-07-05,Qadın,Magistr,Sahibkar,9633,Mikro kredit,52214,Biznes krediti,20.54,1110.0,4,Xeyr,Xeyr,Təsdiqlənib,Müştərinin gəliri və krediti təsdiqləndi | Yoxlayıcı_ID: 370
34964522,Lalə Rüstəmova,11/04/1998,Qadın,Bakalavr,İşləyən,990,Nağd istehlak krediti,10470,tibbi xərclər,12.49,636.0,4,Xeyr,Xeyr,Təsdiqlənib,Bütün sənədlər qaydasındadır
99821515,Rəşad Məmmədov,1982-01-06,K,Bakalavr tehsili,İşləyən,1111,Nağd istehlak krediti,873,təmir,19.91,712.0,2,Bəli,Bəli,Rədd edilib,'Qara siyahı'da olmaq
81406812,Murad Rəhimov,03-05-81,K,Magistr,İşləyən,2707,Nağd istehlak krediti,14482,məişət avadanlığı alışı,12.57,1161.0,3,Bəli,Xeyr,Təsdiqlənib,Bütün sənədlər qaydasındadır
11000944,Səbinə İsmayılova,11/10/1994,Q,Bakalavr tehsili,İşləyən,1169,Nağd istehlak krediti,19999,məişət avadanlığı alışı,15.79,563.0,1,Bəli,Xeyr,Təsdiqlənib,Bütün sənədlər qaydasındadır
89067140,Nigar Sultanova,1978-11-23,Q,Magistr,İşləyən,2749,Nağd istehlak krediti,8821,məişət avadanlığı alışı,15.0,790.0,4,Xeyr,Xeyr,Təsdiqlənib,Bütün sənədlər qaydasındadır
81765486,Orxan Rəhimov,03-19-96,,Orta məktəb,İşsiz,88,Nağd istehlak krediti,302,toy xərcləri,23.91,,0,,Xeyr,Təsdiqlənib,Müştərinin gəliri və krediti təsdiqləndi
10034667,Rəşad Quliyev,02-25-05, kişi ,Magistr,Tələbə,260,Təhsil krediti,2278,dövriyyə vəsaitlərinin artırılması - Biznes krediti,14.34,716.0,0,,Xeyr,Təsdiqlənib,Müştərinin gəliri və krediti təsdiqləndi
13061848,Nərmin Cavadova,1987-06-30,Q,Bakalavr,İşləyən,1495,Nağd istehlak krediti,7443,tibbi xərclər,20.41,1083.0,2,Xeyr,Xeyr,Təsdiqlənib,Bütün sənədlər qaydasındadır
34778650,Anar Qasımov,1994-11-03, kişi ,Magistr,Sahibkar,4914,Mikro kredit,50414,dövriyyə vəsaitlərinin artırılması - Biznes krediti,15.9,1783.0,7,Bəli,Xeyr,Təsdiqlənib,Müştərinin gəliri və krediti təsdiqləndi | Yoxlayıcı_ID: 317
83382780,Samir Əliyev,1971-03-26, kişi ,Magistr,Sahibkar,4390,Mikro kredit,23887,Biznes krediti,19.58,882.0,8,Bəli,Xeyr,Təsdiqlənib,Bütün sənədlər qaydasındadır | Yoxlayıcı_ID: 626
38772947,Ayan Rəhimova,06-02-72,qadin,Bakalavr tehsili,İşləyən,2802,Nağd istehlak krediti,2946,təmir,10.93,493.0,2,Xeyr,Xeyr,Rədd edilib,Aşağı kredit reytinqi
24138638,Zeynəb Rzayeva,24/12/1991,,Orta məktəb,İşsiz,30,Nağd istehlak krediti,580,toy xərcləri,11.99,424.0,1,Xeyr,Xeyr,Rədd edilib,Aşağı kredit reytinqi
11220014,Fidan Cavadova,11-22-04,Q,Magistr,Tələbə,243,Təhsil kriditi,1898,əsas vəsaitlərin alınması - Biznes krediti,21.12,584.0,0,,Xeyr,Təsdiqlənib,Bütün sənədlər qaydasındadır
69570044,Şəbnəm Babayeva,15/03/1993,qadin,Bakalavr,İşləyən,2601,Nağd istehlak krediti,6169,tibbi xərclər,24.8,1276.0,0,,Xeyr,Təsdiqlənib,Müştərinin gəliri və krediti təsdiqləndi
58221611,Məryəm Nəsirova,2000-08-01,qadin,Magistr,İşləyən,2889,Nağd istehlak krediti,16426,şəxsi istehlak məqsədi,23.74,1091.0,4,Bəli,Xeyr,Təsdiqlənib,Bütün sənədlər qaydasındadır | Yoxlayıcı_ID: 589
25395784,Emin İbrahimov,04-15-87,Kişi,Orta məktəb,İşsiz,6,Nağd istehlak krediti,399,təmir,14.89,298.0,1,Bəli,Xeyr,Rədd edilib,Aşağı kredit reytinqi
62354431,Məhəmməd Nəsirov,10/01/1998, kişi ,Orta məktəb,İşsiz,355,Nağd istehlak krediti,444,təmir,24.91,190.0,1,Bəli,Xeyr,Rədd edilib,Aşağı kredit reytinqi
12561028,Ramin Rzayev,15/11/2005, kişi ,Bakalavr,Tələbə,242,Təhsil krediti,1676 manat,əsas vəsaitlərin alınması - Biznes krediti,23.42,359.0,0,,Xeyr,Rədd edilib,Aşağı kredit reytinqi
94704778,Elvin Vəliyev,1998-09-16,,Bakalavr tehsili,İşləyən,2991,Nağd istehlak krediti,4387,şəxsi istehlak məqsədi,18.39,491.0,1,Xeyr,Xeyr,Rədd edilib,Aşağı kredit reytinqi
81329005,Məryəm Səfərova,2004-03-21,Qadın,Bakalavr tehsili,Tələbə,294,Təhsil krediti,2943 AZN,dövriyyə vəsaitlərinin artırılması - Biznes krediti,18.51,300.0,0,,Xeyr,Rədd edilib,Aşağı kredit reytinqi
51891070,Əli Səfərov,06-04-72,K,Magistr,Sahibkar,7503,Mikro kredit,82602,əsas vəsaitlərin alınması - Biznes krediti,12.22,1760.0,8,Xeyr,Xeyr,Təsdiqlənib,Bütün sənədlər qaydasındadır
49180900,Ayan Nəsirova,1984-05-05,,Bakalavr,Sahibkar,"7,766",Mikro kredit,67341,dövriyyə vəsaitlərinin artırılması - Biznes krediti,16.68,1301.0,3,Xeyr,Xeyr,Təsdiqlənib,Müştərinin gəliri və krediti təsdiqləndi
81946634,Uğur Babayev,05/06/1964,Kişi,Orta məktəb,İşsiz,295,Nağd istehlak krediti,716 AZN,məişət avadanlığı alışı,14.98,322.0,2,Bəli,Xeyr,Rədd edilib,Aşağı kredit reytinqi
76610171,Şəbnəm Sultanova,28/12/2002,qadin,Bakalavr tehsili,Tələbə,182,Təhsil krediti,2311,əsas vəsaitlərin alınması - Biznes krediti,13.49,259.0,0,,Xeyr,Rədd edilib,Aşağı kredit reytinqi
95801994,Ayan Əhmədova,1994-11-26,qadin,Bakalavr tehsili,Sahibkar,6992,Mikro kredit,13595,əsas vəsaitlərin alınması - Biznes krediti,19.19,872.0,5,Xeyr,Xeyr,Təsdiqlənib,Bütün sənədlər qaydasındadır
15298705,Ləman Quliyeva,12-01-03,Qadın,Magistr,Tələbə,253,Təhsil krediti,1451,əsas vəsaitlərin alınması - Biznes krediti,20.2,526.0,0,,Xeyr,Təsdiqlənib,Bütün sənədlər qaydasındadır
65979130,Kəmalə Məmmədova,01-30-85,,Bakalavr,Sahibkar,8562,Mikro kredit,70769,Biznes krediti,20.23,1677.0,5,Xeyr,Xeyr,Təsdiqlənib,Müştərinin gəliri və krediti təsdiqləndi
46708991,İsmayılov Yusif,02-01-73,,Bakalavr,Sahibkar,5300,Mikro kredit,59568,dövriyyə vəsaitlərinin artırılması - Biznes krediti,22.32,1619.0,8,Bəli,Xeyr,Təsdiqlənib,Bütün sənədlər qaydasındadır
48386526,Səfərova Ləman,1971-12-29,qadin,Magistr,Sahibkar,7926 manat,Mikro kredit,56607,dövriyyə vəsaitlərinin artırılması - Biznes krediti,22.81,879.0,6,Xeyr,Xeyr,Təsdiqlənib,Bütün sənədlər qaydasındadır
60119539,Ləman Abdullayeva,11-17-81,Qadın,Magistr,İşləyən,3555,Avtomobil krediti,26014,məişət avadanlığı alışı,20.48,1060.0,2,Bəli,Bəli,Rədd edilib,'Qara siyahı'da olmaq | Yoxlayıcı_ID: 992
75163000,Məhəmməd Əliyev,30/12/1981,K,Magistr,İşləyən,2373,Nağd istehlak krediti,12310,şəxsi istehlak məqsədi,16.61,1594.0,4,Xeyr,Bəli,Rədd edilib,'Qara siyahı'da olmaq
38366720,Fidan Rzayeva,02-17-86,,Bakalavr tehsili,Sahibkar,5808,Mikro kredit,35047 manat,əsas vəsaitlərin alınması - Biznes krediti,16.66,904.0,7,Bəli,Xeyr,Təsdiqlənib,Müştərinin gəliri və krediti təsdiqləndi | Yoxlayıcı_ID: 523
79797297,Məryəm Rüstəmova,2006-12-14,,Bakalavr,Tələbə,198,Təhsil krediti,2896,Biznes krediti,11.41,627.0,0,,Xeyr,Təsdiqlənib,Bütün sənədlər qaydasındadır
15886075,Şəbnəm Vəliyeva,09-11-06,,Bakalavr,Tələbə,227,Təhsil krediti,1959,əsas vəsaitlərin alınması - Biznes krediti,23.08,724.0,0,,Xeyr,Təsdiqlənib,Müştərinin gəliri və krediti təsdiqləndi
52688406,Kəmalə Rəhimova,1990-05-05,Q,Bakalavr tehsili,İşləyən,3174,Nağd istehlak krediti,18094,toy xərcləri,19.03,1234.0,1,Xeyr,Xeyr,Təsdiqlənib,Bütün sənədlər qaydasındadır
64145452,Əli Səfərov,1980-03-20,,Orta məktəb,İşsiz,168,Nağd istehlak krediti,897,tibbi xərclər,12.97,472.0,1,Xeyr,Xeyr,Rədd edilib,Aşağı kredit reytinqi
49293706,Məhəmməd Cəfərov,1982-11-18,K,Bakalavr tehsili,İşləyən,3842,Nağd istehlak krediti,8889,toy xərcləri,18.92,1131.0,0,,Xeyr,Təsdiqlənib,Müştərinin gəliri və krediti təsdiqləndi | Yoxlayıcı_ID: 469
53567741,İsmayılov Cavid,08/05/1976,Kişi,Bakalavr,Sahibkar,7114,Mikro kredit,69084,əsas vəsaitlərin alınması - Biznes krediti,21.07,1755.0,4,Bəli,Xeyr,Təsdiqlənib,Müştərinin gəliri və krediti təsdiqləndi
81363026,Murad Səfərov,2000-06-29,K,Orta məktəb,İşsiz,79,Nağd istehlak krediti,995,məişət avadanlığı alışı,23.75,400.0,1,Bəli,Xeyr,Rədd edilib,Aşağı kredit reytinqi
52895195,Səbinə Tağıyeva,20/12/2001,,Bakalavr tehsili,İşləyən,2907,Nağd istehlak krediti,6212,məişət avadanlığı alışı,19.09,839.0,4,Xeyr,Xeyr,Təsdiqlənib,Bütün sənədlər qaydasındadır | Yoxlayıcı_ID: 286
92452818,Rəna Tağıyeva,01-07-81,Qadın,Bakalavr,İşləyən,1974,Nağd istehlak krediti,4168,şəxsi istehlak məqsədi,14.74,833.0,0,,Xeyr,Təsdiqlənib,Bütün sənədlər qaydasındadır
67669773,Günel İsmayılova,23/04/1998,qadin,Bakalavr,İşləyən,2447,Nağd istehlak krediti,15682,təmir,17.67,1526.0,0,,Xeyr,Təsdiqlənib,Müştərinin gəliri və krediti təsdiqləndi | Yoxlayıcı_ID: 793
22883966,Emin Quliyev,1973-05-28, kişi ,Orta məktəb,İşsiz,41,Nağd istehlak krediti,401,toy xərcləri,21.11,439.0,1,Xeyr,Xeyr,Rədd edilib,Aşağı kredit reytinqi
11911432,Uğur Əliyev,17/01/1979,,Orta məktəb,İşsiz,25,Nağd istehlak krediti,980,toy xərcləri,23.35,255.0,1,Xeyr,Xeyr,Rədd edilib,Aşağı kredit reytinqi
29279037,Fidan Sultanova,24/12/1976,,Bakalavr,İşləyən,1027,Avtomobil krediti,28725,məişət avadanlığı alışı,14.6,1569.0,1,Xeyr,Xeyr,Təsdiqlənib,Gəlir çatışmazlığı
81426820,Rəşad Quliyev,11-02-00,,Bakalavr tehsili,İşləyən,2412,Nağd istehlak krediti,10625,tibbi xərclər,13.99,813.0,3,Bəli,Xeyr,Təsdiqlənib,Bütün sənədlər qaydasındadır
38125788,Zeynəb Sultanova,1987-05-25,Qadın,Bakalavr tehsili,İşləyən,1740,Avtomobil krediti,32576,şəxsi istehlak məqsədi,24.52,574.0,4,Xeyr,Xeyr,Təsdiqlənib,Bütün sənədlər qaydasındadır
75826540,Sahil Babayev,2002-11-25,K,Bakalavr,Tələbə,230,Təhsil krediti,1350 AZN,dövriyyə vəsaitlərinin artırılması - Biznes krediti,12.04,346.0,0,,Xeyr,Rədd edilib,Aşağı kredit reytinqi | Yoxlayıcı_ID: 780
30163638,Murad Əhmədov,2006-08-15,Kişi,Magistr,Tələbə,176,Təhsil krediti,1329,əsas vəsaitlərin alınması - Biznes krediti,13.44,674.0,0,,Xeyr,Təsdiqlənib,Müştərinin gəliri və krediti təsdiqləndi
79278245,Cavid İbrahimov,06-25-02,Kişi,Magistr,İşləyən,2509,Nağd istehlak krediti,10538,şəxsi istehlak məqsədi,19.33,1239.0,0,,Xeyr,Təsdiqlənib,Bütün sənədlər qaydasındadır
20725748,Günel Nəsirova,2003-04-25,Q,Bakalavr tehsili,Tələbə,155,Təhsil krediti,1202,əsas vəsaitlərin alınması - Biznes krediti,21.25,301.0,0,,Xeyr,Rədd edilib,Aşağı kredit reytinqi
50898716,Fidan Rəhimova,09-15-07,Q,Bakalavr,Tələbə,297,Təhsil krediti,1369,Biznes krediti,18.0,350.0,0,,Xeyr,Rədd edilib,Aşağı kredit reytinqi
69236880,Sahil Əliyev,1981-03-23,,Magistr,İşləyən,3931,Nağd istehlak krediti,"9,436",tibbi xərclər,23.38,730.0,2,Xeyr,Xeyr,Təsdiqlənib,Müştərinin gəliri və krediti təsdiqləndi
44713542,Fərid Səfərov,1986-10-26,Kişi,Bakalavr,İşləyən,1913,Avtomobil krediti,33363,təmir,16.44,1284.0,4,Bəli,Xeyr,Təsdiqlənib,Müştərinin gəliri və krediti təsdiqləndi
56988478,Nərmin Səfərova,2007-10-27,qadin,Bakalavr tehsili,Tələbə,275,Təhsil krediti,950,Biznes krediti,19.46,276.0,0,,Xeyr,Rədd edilib,Aşağı kredit reytinqi
74018763,Nərmin Tağıyeva,28/06/1987,qadin,Bakalavr,İşləyən,2311,Nağd istehlak krediti,13086,toy xərcləri,16.47,1357.0,3,Xeyr,Xeyr,Təsdiqlənib,Müştərinin gəliri və krediti təsdiqləndi
88300290,Anar Vəliyev,1984-01-20,Kişi,Magistr,İşləyən,1095,Nağd istehlak krediti,4930,toy xərcləri,24.78,735.0,0,,Xeyr,Təsdiqlənib,Müştərinin gəliri və krediti təsdiqləndi
53151681,Zəhra Tağıyeva,12-03-71,,Bakalavr tehsili,İşləyən,3221,Avtomobil krediti,24666,təmir,12.42,429.0,2,Xeyr,Xeyr,Rədd edilib,Aşağı kredit reytinqi | Yoxlayıcı_ID: 788
88213856,Nigar Əhmədova,1978-08-24,,Bakalavr tehsili,İşləyən,3354,Avtomobil krediti,11336,şəxsi istehlak məqsədi,22.69,911.0,4,Xeyr,Xeyr,Təsdiqlənib,Bütün sənədlər qaydasındadır
50142691,Cavid Rüstəmov,11-28-04,,Magistr,Tələbə,213 manat,Təhsil krediti,739,Biznes krediti,20.28,366.0,1,Bəli,Xeyr,Rədd edilib,Aşağı kredit reytinqi | Yoxlayıcı_ID: 378
29834466,Səbinə Rəhimova,09-24-96,,Bakalavr tehsili,İşləyən,1314,Nağd istehlak krediti,7899,təmir,23.04,1354.0,1,Xeyr,Xeyr,Təsdiqlənib,Bütün sənədlər qaydasındadır
40000730,Nərmin Cavadova,1971-10-02,Q,Bakalavr,İşləyən,2424,Nağd istehlak krediti,4021,məişət avadanlığı alışı,13.05,863.0,1,Bəli,Xeyr,Təsdiqlənib,Müştərinin gəliri və krediti təsdiqləndi
33092524,Tural Əliyev,04-05-03,,Magistr,Tələbə,171800,Təhsil krediti,2195,əsas vəsaitlərin alınması - Biznes krediti,17.62,480.0,0,,Xeyr,Rədd edilib,Aşağı kredit reytinqi
43120860,Cəfərova Aydan,1982-06-08,Q,Bakalavr tehsili,Sahibkar,7337,Mikro kredit,9795,əsas vəsaitlərin alınması - Biznes krediti,20.58,1394.0,5,Xeyr,Xeyr,Təsdiqlənib,Bütün sənədlər qaydasındadır | Yoxlayıcı_ID: 230
29646763,Nigar Cavadova,24/05/1993,Qadın,Magistr,İşləyən,979,Avtomobil krediti,18481,tibbi xərclər,23.85,571.0,2,Xeyr,Xeyr,Təsdiqlənib,Müştərinin gəliri və krediti təsdiqləndi
94285226,Zülfiyyə İbrahimova,1988-12-13,,Orta məktəb,İşsiz,108,Nağd istehlak krediti,678,toy xərcləri,24.09,251.0,1,Bəli,Xeyr,Rədd edilib,Aşağı kredit reytinqi
85126597,Rauf Tağıyev,19/01/1998, kişi ,Bakalavr,İşləyən,3099,Nağd istehlak krediti,8301 AZN,şəxsi istehlak məqsədi,24.64,536.0,2,Xeyr,Xeyr,Təsdiqlənib,Səhv və ya natamam müraciət
66824181,Ramin Məmmədov,09-15-68,,Magistr,Sahibkar,"3,790",Mikro kredit,27093,dövriyyə vəsaitlərinin artırılması - Biznes krediti,15.07,1267.0,4,Bəli,Xeyr,Təsdiqlənib,Bütün sənədlər qaydasındadır
20016740,Günel Qasımova,08-08-04,qadin,Bakalavr tehsili,Tələbə,241,Təhsil krediti,2650,Biznes krediti,23.27,453.0,0,,Xeyr,Rədd edilib,Aşağı kredit reytinqi | Yoxlayıcı_ID: 805
97502198,Cavid Cavadov,10-11-81,,Bakalavr,İşləyən,3698,Nağd istehlak krediti,5318,məişət avadanlığı alışı,17.78,1059.0,0,,Xeyr,Təsdiqlənib,Bütün sənədlər qaydasındadır
51192722,Nərmin İsmayılova,02-28-04,Qadın,Magistr,Tələbə,175,Təhsil krediti,955,dövriyyə vəsaitlərinin artırılması - Biznes krediti,13.11,445.0,1,Xeyr,Xeyr,Rədd edilib,Aşağı kredit reytinqi
87785526,Əli İbrahimov,1983-04-10,,Bakalavr,Sahibkar,7601,Mikro kredit,56434,əsas vəsaitlərin alınması - Biznes krediti,20.83,869.0,8,Xeyr,Xeyr,Təsdiqlənib,Bütün sənədlər qaydasındadır
94602771,Rauf Məmmədov,2000-03-08, kişi ,Bakalavr tehsili,İşləyən,2345,Nağd istehlak krediti,"10,659",məişət avadanlığı alışı,21.94,506.0,0,,Xeyr,Təsdiqlənib,Müştərinin gəliri və krediti təsdiqləndi | Yoxlayıcı_ID: 286
66072921,Emin Qasımov,22/07/1996,Kişi,Orta məktəb,İşsiz,263,Nağd istehlak krediti,578,məişət avadanlığı alışı,21.72,165.0,1,Xeyr,Xeyr,Rədd edilib,Aşağı kredit reytinqi
80301483,Yusif Abdullayev,22/11/1971, kişi ,Magistr,İşləyən,,Nağd istehlak krediti,6872,toy xərcləri,15.38,993.0,2,Bəli,Xeyr,Təsdiqlənib,Səhv və ya natamam müraciət
76834883,Aydan Babayeva,10-18-07,Q,Bakalavr tehsili,Tələbə,162,Təhsil krediti,2093,dövriyyə vəsaitlərinin artırılması - Biznes krediti,18.97,720.0,0,,Xeyr,Təsdiqlənib,Müştərinin gəliri və krediti təsdiqləndi | Yoxlayıcı_ID: 935
10469311,Murad Rəhimov,11-08-98,K,Magistr,İşləyən,1044,Nağd istehlak krediti,10905,şəxsi istehlak məqsədi,11.79,966.0,2,Xeyr,Xeyr,Təsdiqlənib,Müştərinin gəliri və krediti təsdiqləndi
61364035,Nərmin Abdullayeva,01-04-88,,Bakalavr tehsili,İşləyən,2891,Nağd istehlak krediti,19783,tibbi xərclər,14.73,1194.0,2,Bəli,Xeyr,Təsdiqlənib,Müştərinin gəliri və krediti təsdiqləndi | Yoxlayıcı_ID: 797
55703896,Məhəmməd Vəliyev,30/05/1971,Kişi,Bakalavr tehsili,İşləyən,3345,Nağd istehlak krediti,17187,toy xərcləri,21.61,1552.0,0,,Xeyr,Təsdiqlənib,Bütün sənədlər qaydasındadır
14472652,Tural Vəliyev,08-12-07,K,Magistr,Tələbə,201,Təhsil krediti,1688,əsas vəsaitlərin alınması - Biznes krediti,22.65,418.0,0,,Xeyr,Rədd edilib,Aşağı kredit reytinqi
92593258,Nihat Babayev,1987-10-28,K,Bakalavr,İşləyən,1063,Nağd istehlak krediti,7707,tibbi xərclər,15.47,825.0,2,Xeyr,Xeyr,Təsdiqlənib,Müştərinin gəliri və krediti təsdiqləndi
84479935,Tural Quliyev,01-20-99,,Bakalavr,İşləyən,1557,Nağd istehlak krediti,10394,təmir,12.15,,4,Bəli,Bəli,Rədd edilib,'Qara siyahı'da olmaq
56067323,Fatimə Babayeva,11-02-65,qadin,Orta məktəb,İşsiz,56,Nağd istehlak krediti,421,tibbi xərclər,14.53,312.0,1,Xeyr,Xeyr,Rədd edilib,Aşağı kredit reytinqi
70600317,Tural Əliyev,2004-11-04,K,Magistr,Tələbə,102,Təhsil krediti,2074 AZN,Biznes krediti,17.61,418.0,1,Xeyr,Xeyr,Rədd edilib,Aşağı kredit reytinqi
22488874,Hüseyn Qasımov,1986-09-27, kişi ,Bakalavr tehsili,İşləyən,2687,Nağd istehlak krediti,18027,toy xərcləri,12.19,891.0,0,,Xeyr,Təsdiqlənib,Bütün sənədlər qaydasındadır | Yoxlayıcı_ID: 875
18275984,Ayan Vəliyeva,08-28-86,,Magistr,İşləyən,"2,006",Avtomobil krediti,21358,şəxsi istehlak məqsədi,23.2,607.0,2,Xeyr,Xeyr,Təsdiqlənib,Müştərinin gəliri və krediti təsdiqləndi
32308658,Fərid İbrahimov,04-20-83,,Bakalavr tehsili,İşləyən,1173,Nağd istehlak krediti,5155,təmir,10.94,1394.0,2,Xeyr,Xeyr,Təsdiqlənib,Zaminlik məsələləri
60080310,Əli İbrahimov,10-28-06,,Bakalavr tehsili,Tələbə,244,Təhsil krediti,1891,dövriyyə vəsaitlərinin artırılması - Biznes krediti,18.62,438.0,0,,Xeyr,Təsdiqlənib,Aşağı kredit reytinqi
94479482,Fatimə Babayeva,29/04/2004,Qadın,Bakalavr,Tələbə,247 manat,Təhsil krediti,1064,dövriyyə vəsaitlərinin artırılması - Biznes krediti,13.84,223.0,0,,Xeyr,Rədd edilib,Aşağı kredit reytinqi
27333097,Ayan Hüseynova,1975-09-26,,Bakalavr,İşləyən,2207,Nağd istehlak krediti,19922,məişət avadanlığı alışı,13.22,527.0,0,,Xeyr,Təsdiqlənib,Bütün sənədlər qaydasındadır | Yoxlayıcı_ID: 969
98706103,Emin İsmayılov,27/09/1984,Kişi,Bakalavr tehsili,İşləyən,1864,Nağd istehlak krediti,7921,tibbi xərclər,17.76,761.0,2,Bəli,Xeyr,Təsdiqlənib,Bütün sənədlər qaydasındadır
31053405,Uğur İsmayılov,1967-07-25, kişi ,Bakalavr,Sahibkar,7561 AZN,Mikro kredit,86535,Biznes krediti,19.99,1493.0,3,Xeyr,Xeyr,Təsdiqlənib,Bütün sənədlər qaydasındadır
68381211,Sahil Vəliyev,1982-11-01, kişi ,Bakalavr tehsili,İşləyən,3034,Nağd istehlak krediti,5479,toy xərcləri,14.13,1484.0,2,Xeyr,Xeyr,Təsdiqlənib,Müştərinin gəliri və krediti təsdiqləndi
58291591,Uğur Tağıyev,30/12/1975,,Orta məktəb,İşsiz,212,Nağd istehlak krediti,870,şəxsi istehlak məqsədi,22.54,243.0,2,Xeyr,Xeyr,Rədd edilib,Aşağı kredit reytinqi
32447171,murad rzayev,09-25-70, kişi ,Bakalavr tehsili,Sahibkar,3541,Mikro kredit,49948,dövriyyə vəsaitlərinin artırılması - Biznes krediti,18.97,866.0,2,Xeyr,Xeyr,Təsdiqlənib,Müştərinin gəliri və krediti təsdiqləndi
50373763,Rauf Qasımov,1967-09-18,Kişi,Magistr,Sahibkar,"3,578",Mikro kredit,42920,əsas vəsaitlərin alınması - Biznes krediti,18.73,933.0,3,Bəli,Xeyr,Təsdiqlənib,Bütün sənədlər qaydasındadır
13233291,Zəhra Əhmədova,04-09-98,Qadın,Magistr,İşləyən,1527,Avtomobil krediti,30815,məişət avadanlığı alışı,23.08,750.0,2,Xeyr,Xeyr,Təsdiqlənib,Müştərinin gəliri və krediti təsdiqləndi
20601098,Rəna Qasımova,23/05/2005,qadin,Bakalavr tehsili,Tələbə,247,Təhsil krediti,530 AZN,Biznes krediti,24.69,391.0,1,Bəli,Xeyr,Rədd edilib,Aşağı kredit reytinqi
72992073,İsmayılova Aydan,1971-11-18,Q,Bakalavr,İşləyən,2178,Nağd istehlak krediti,11469,təmir,19.2,1518.0,4,Bəli,Xeyr,Təsdiqlənib,Müştərinin gəliri və krediti təsdiqləndi | Yoxlayıcı_ID: 971
29025667,Məhəmməd Səfərov,12-14-80,K,Bakalavr tehsili,Sahibkar,8370,Mikro kredit,73932,Biznes krediti,15.07,1270.0,8,Xeyr,Xeyr,Təsdiqlənib,Müştərinin gəliri və krediti təsdiqləndi
87669076,Ləman Qasımova,05/12/1996,Qadın,Magistr,İşləyən,1225,Nağd istehlak krediti,5035,tibbi xərclər,14.97,1569.0,2,Xeyr,Xeyr,Təsdiqlənib,Müştərinin gəliri və krediti təsdiqləndi
90561727,Orxan Nəsirov,1995-03-14,,Magistr,İşləyən,1206,Nağd istehlak krediti,9955,təmir,22.87,1125.0,0,,Xeyr,Təsdiqlənib,Bütün sənədlər qaydasındadır
97539612,Nigar İsmayılova,01-29-71,,Magistr,İşləyən,1915,Avtomobil krediti,14451,toy xərcləri,22.02,1472.0,2,Xeyr,Xeyr,Təsdiqlənib,Bankın kredit şərtlərinə uyğun deyil
64586883,Sahil Abdullayev,20/11/1987,,Magistr,İşləyən,1319,Nağd istehlak krediti,13530,toy xərcləri,13.2,1097.0,1,Xeyr,Xeyr,Təsdiqlənib,Müştərinin gəliri və krediti təsdiqləndi | Yoxlayıcı_ID: 146
67367952,Əli Əhmədov,02-14-05,Kişi,Bakalavr,Tələbə,154,Təhsil krediti,2680,dövriyyə vəsaitlərinin artırılması - Biznes krediti,18.81,654.0,0,,Xeyr,Təsdiqlənib,Müştərinin gəliri və krediti təsdiqləndi
40451761,Emin Cəfərov,1968-03-29,Kişi,Orta məktəb,İşsiz,258,Nağd istehlak krediti,307,təmir,23.05,240.0,1,Bəli,Bəli,Rədd edilib,'Qara siyahı'da olmaq
85082837,günel rüstəmova,1976-09-19,qadin,Magistr,Sahibkar,5674,Mikro kredit,8030,Biznes krediti,15.95,884.0,2,Xeyr,Xeyr,Təsdiqlənib,Bütün sənədlər qaydasındadır
14802811,Günel Quliyeva,22/07/1984,Qadın,Magistr,İşləyən,813,Nağd istehlak krediti,4291 manat,təmir,17.25,1574.0,4,Bəli,Xeyr,Təsdiqlənib,Müştərinin gəliri və krediti təsdiqləndi
99646751,Ayan Cavadova,01-30-90,Qadın,Bakalavr,İşləyən,1701,Nağd istehlak krediti,6911,şəxsi istehlak məqsədi,23.94,1110.0,2,Bəli,Xeyr,Təsdiqlənib,Səhv və ya natamam müraciət | Yoxlayıcı_ID: 274
33975674,Zeynəb Əliyeva,23/01/1994,qadin,Bakalavr,İşləyən,2639,Nağd istehlak krediti,9458,toy xərcləri,11.59,853.0,1,Bəli,Xeyr,Təsdiqlənib,Müştərinin gəliri və krediti təsdiqləndi
18858820,Yusif Rüstəmov,2006-06-15,K,Bakalavr tehsili,Tələbə,136,Təhsil krediti,800,dövriyyə vəsaitlərinin artırılması - Biznes krediti,11.47,218.0,0,,Xeyr,Rədd edilib,Aşağı kredit reytinqi | Yoxlayıcı_ID: 438
19144821,Tural İsmayılov,15/09/1986,,Bakalavr tehsili,Sahibkar,5130,Mikro kridit,25499,əsas vəsaitlərin alınması - Biznes krediti,14.96,1696.0,5,Xeyr,Xeyr,Təsdiqlənib,'Qara siyahı'da olmaq
20432502,Günel Vəliyeva,17/01/1977,qadin,Bakalavr tehsili,İşləyən,2253,Nağd istehlak krediti,10248,şəxsi istehlak məqsədi,20.78,1326.0,2,Xeyr,Xeyr,Təsdiqlənib,Müştərinin gəliri və krediti təsdiqləndi
61227900,Rəna Cavadova,23/12/1978,,Bakalavr,İşləyən,1729,Nağd istehlak krediti,18841,şəxsi istehlak məqsədi,16.47,653.0,0,,Xeyr,Təsdiqlənib,Bütün sənədlər qaydasındadır | Yoxlayıcı_ID: 480
53024453,Kəmalə Qasımova,03/04/1982,Q,Magistr,Sahibkar,7876 AZN,Mikro kredit,22102,əsas vəsaitlərin alınması - Biznes krediti,13.97,,5,Bəli,Xeyr,Təsdiqlənib,Bütün sənədlər qaydasındadır
93807715,Sevinc Əliyeva,1987-04-08,,Bakalavr,Sahibkar,8477,Mikro kridit,5963,Biznes krediti,18.27,,5,Bəli,Xeyr,Təsdiqlənib,Müştərinin gəliri və krediti təsdiqləndi
42134145,Zülfiyyə Rüstəmova,1982-05-23,,Magistr,İşləyən,1130,Nağd istehlak krediti,1561,toy xərcləri,12.15,1023.0,4,Bəli,Xeyr,Təsdiqlənib,Bütün sənədlər qaydasındadır
94073754,Murad Hüseynov,1986-05-03,K,Magistr,İşləyən,1568,Nağd istehlak krediti,14030,təmir,12.56,876.0,1,Bəli,Xeyr,Təsdiqlənib,Müştərinin gəliri və krediti təsdiqləndi
33793150,Zəhra İbrahimova,03-19-89,Q,Magistr,İşləyən,1283,Nağd istehlak krediti,11171,təmir,23.71,780.0,1,Xeyr,Xeyr,Təsdiqlənib,Bütün sənədlər qaydasındadır
24431013,Rəna İbrahimova,1990-01-23,Qadın,Bakalavr tehsili,Sahibkar,4780,Mikro kredit,43976,Biznes krediti,21.36,1415.0,5,Xeyr,Xeyr,Təsdiqlənib,Müştərinin gəliri və krediti təsdiqləndi
96707262,Nigar Əhmədova,12-25-02,Qadın,Magistr,Tələbə,202,Təhsil krediti,1983,əsas vəsaitlərin alınması - Biznes krediti,23.91,426.0,0,,Xeyr,Rədd edilib,Aşağı kredit reytinqi | Yoxlayıcı_ID: 796
79501765,Ramin İbrahimov,24/11/1970, kişi ,Bakalavr,İşləyən,1386,Nağd istehlak krediti,8567,şəxsi istehlak məqsədi,24.92,1163.0,2,Xeyr,Xeyr,Təsdiqlənib,Müştərinin gəliri və krediti təsdiqləndi
11476297,Murad Nəsirov,23/08/2003,K,Bakalavr tehsili,Tələbə,279,Təhsil krediti,1430,Biznes krediti,18.83,645.0,0,Bəli,Xeyr,Təsdiqlənib,Müştərinin gəliri və krediti təsdiqləndi
45681692,Kəmalə Tağıyeva,30/04/1984,Qadın,Bakalavr tehsili,İşləyən,,Avtomobil krediti,20654,şəxsi istehlak məqsədi,17.56,909.0,1,Xeyr,Xeyr,Təsdiqlənib,Bütün sənədlər qaydasındadır
33445092,Nihat Sultanov,01-15-85,K,Bakalavr tehsili,Sahibkar,5352,Mikro kredit,94319,əsas vəsaitlərin alınması - Biznes krediti,12.25,881.0,5,Bəli,Xeyr,Təsdiqlənib,Müştərinin gəliri və krediti təsdiqləndi
54866517,Aydan Babayeva,14/10/2007,Q,Bakalavr,Tələbə,263,Təhsil krediti,654,Biznes krediti,14.84,793.0,0,,Xeyr,Təsdiqlənib,Bütün sənədlər qaydasındadır
57134352,Sevinc Cavadova,10-29-95,Q,Orta məktəb,İşsiz,239,Nağd istehlak krediti,577,toy xərcləri,21.8,294.0,1,Bəli,Bəli,Rədd edilib,'Qara siyahı'da olmaq | Yoxlayıcı_ID: 343
15385543,Rauf İbrahimov,2005-05-07,Kişi,Bakalavr,Tələbə,250,Təhsil krediti,1005,əsas vəsaitlərin alınması - Biznes krediti,23.88,710.0,0,,Xeyr,Təsdiqlənib,Müştərinin gəliri və krediti təsdiqləndi
78666932,Ramin Nəsirov,08/02/1981,K,Bakalavr,İşləyən,1694,Nağd istehlak krediti,5116,şəxsi istehlak məqsədi,19.9,673.0,4,Bəli,Xeyr,Təsdiqlənib,Müştərinin gəliri və krediti təsdiqləndi
95856500,Ləman Rəhimova,1990-05-18,Q,Magistr,İşləyən,1173,Avtomobil krediti,23735,məişət avadanlığı alışı,11.15,413.0,1,Xeyr,Xeyr,Rədd edilib,Aşağı kredit reytinqi
70014638, Şəbnəm İbrahimova ,07-17-07,Q,Bakalavr,Tələbə,227,Təhsil krediti,1685,əsas vəsaitlərin alınması - Biznes krediti,18.13,305.0,0,,Xeyr,Rədd edilib,Aşağı kredit reytinqi
78261603,Emin Qasımov,1985-06-05,,Bakalavr tehsili,İşləyən,1045,Nağd istehlak krediti,2617,məişət avadanlığı alışı,21.24,426.0,3,Xeyr,Xeyr,Rədd edilib,Aşağı kredit reytinqi
98650389,Emin Nəsirov,10-18-03,,Bakalavr,Tələbə,293,Təhsil krediti,1620 AZN,dövriyyə vəsaitlərinin artırılması - Biznes krediti,15.7,686.0,0,,Xeyr,Təsdiqlənib,Müştərinin gəliri və krediti təsdiqləndi | Yoxlayıcı_ID: 695
33290796,Aysel İsmayılova,2007-02-06,Q,Bakalavr tehsili,Tələbə,299,Təhsil krediti,937,əsas vəsaitlərin alınması - Biznes krediti,15.42,631.0,0,,Xeyr,Təsdiqlənib,Müştərinin gəliri və krediti təsdiqləndi
80670270,Rəna Cavadova,1970-11-12,Qadın,Magistr,İşləyən,3419,Nağd istehlak krediti,"7,654",təmir,23.57,1299.0,0,,Xeyr,Təsdiqlənib,Müştərinin gəliri və krediti təsdiqləndi | Yoxlayıcı_ID: 513
47153104,Hüseyn Əliyev,1974-05-20,Kişi,Magistr,İşləyən,3157,Nağd istehlak krediti,16234,məişət avadanlığı alışı,21.94,1557.0,0,,Xeyr,Təsdiqlənib,Müştərinin gəliri və krediti təsdiqləndi
76618967,Hüseyn Rüstəmov,01/10/1973,K,Magistr,Sahibkar,"6,650",Mikro kredit,16964,əsas vəsaitlərin alınması - Biznes krediti,16.37,907.0,4,Bəli,Xeyr,Təsdiqlənib,Müştərinin gəliri və krediti təsdiqləndi
95065326,Tural Abdullayev,07-24-90,,Orta məktəb,İşsiz,246 manat,Nağd istehlak krediti,450,toy xərcləri,20.25,543.0,1,Xeyr,Xeyr,Təsdiqlənib,Müştərinin gəliri və krediti təsdiqləndi
81129955,Rəna Əliyeva,09/07/1978,,Magistr,İşləyən,1613,Nağd istehlak krediti,12706,məişət avadanlığı alışı,23.83,1178.0,3,Xeyr,Xeyr,Təsdiqlənib,Bütün sənədlər qaydasındadır
86965027, Emin Nəsirov ,11/06/1976,K,Bakalavr tehsili,İşləyən,1147,Nağd istehlak krediti,"1,341",məişət avadanlığı alışı,13.53,498.0,0,,Xeyr,Rədd edilib,Aşağı kredit reytinqi
90219157,Sevinc Cəfərova,09-15-06,Qadın,Bakalavr,Tələbə,132,Təhsil krediti,2734,Biznes krediti,17.49,552.0,1,Bəli,Xeyr,Təsdiqlənib,Bütün sənədlər qaydasındadır | Yoxlayıcı_ID: 694
73486186,Məryəm Cavadova,22/03/1979,Q,Magistr,Sahibkar,8498,Mikro kredit,23514,əsas vəsaitlərin alınması - Biznes krediti,15.42,1790.0,3,Xeyr,Xeyr,Təsdiqlənib,Müştərinin gəliri və krediti təsdiqləndi
67825641,Günel Əliyeva,08-05-05,qadin,Magistr,Tələbə,242,Təhsil krediti,1305,əsas vəsaitlərin alınması - Biznes krediti,13.46,404.0,0,,Xeyr,Təsdiqlənib,Aşağı kredit reytinqi
44227408,Sahil Vəliyev,30/10/1976,Kişi,Bakalavr,İşləyən,2936,Avtomobil krediti,21930,tibbi xərclər,13.59,1320.0,0,,Xeyr,Təsdiqlənib,Bütün sənədlər qaydasındadır
88486993,Rəna Sultanova,11-24-92,,Bakalavr tehsili,İşləyən,3089,Nağd istehlak krediti,2652,toy xərcləri,13.28,550.0,3,Xeyr,Xeyr,Təsdiqlənib,Müştərinin gəliri və krediti təsdiqləndi | Yoxlayıcı_ID: 173
19862117,Rauf Məmmədov,1984-02-11, kişi ,Orta məktəb,İşsiz,264,Nağd istehlak krediti,989,toy xərcləri,16.92,563.0,1,Bəli,Xeyr,Təsdiqlənib,Bütün sənədlər qaydasındadır
10060382,Nihat Nəsirov,2007-07-05,Kişi,Bakalavr,Tələbə,122,Təhsil krediti,1199,dövriyyə vəsaitlərinin artırılması - Biznes krediti,12.64,319.0,0,,Xeyr,Təsdiqlənib,Aşağı kredit reytinqi
26214026,Tural Əliyev,05-31-87,,Magistr,Sahibkar,6472,Mikro kredit,8392,dövriyyə vəsaitlərinin artırılması - Biznes krediti,21.76,988.0,8,Xeyr,Xeyr,Təsdiqlənib,Müştərinin gəliri və krediti təsdiqləndi
19319795,Nigar Əhmədova,09-04-94,,Orta məktəb,İşsiz,192,Nağd istehlak krediti,557,məişət avadanlığı alışı,24.81,308.0,1,Xeyr,Bəli,Rədd edilib,'Qara siyahı'da olmaq
66004208,Uğur Babayev,08-02-85,Kişi,Bakalavr,Sahibkar,4631,Mikro kredit,38844,Biznes krediti,11.44,1417.0,7,Xeyr,Xeyr,Təsdiqlənib,Bütün sənədlər qaydasındadır
42622265,Ayan Vəliyeva,2007-01-04,Q,Magistr,Tələbə,132,Təhsil krediti,2730,dövriyyə vəsaitlərinin artırılması - Biznes krediti,11.04,576.0,0,,Xeyr,Təsdiqlənib,Müştərinin gəliri və krediti təsdiqləndi
98896979,Aysel Rəhimova,17/02/2007,,Magistr,Tələbə,227,Təhsil krediti,2147,Biznes krediti,11.51,594.0,0,,Xeyr,Təsdiqlənib,Bütün sənədlər qaydasındadır
42670748,Emin Səfərov,01-05-89,,Magistr,İşləyən,1167,Nağd istehlak krediti,15481,məişət avadanlığı alışı,19.15,,3,Bəli,Xeyr,Təsdiqlənib,Müştərinin gəliri və krediti təsdiqləndi
10445281,Sevinc Nəsirova,1995-12-26,qadin,Bakalavr tehsili,İşləyən,3412,Nağd istehlak krediti,15236,məişət avadanlığı alışı,12.23,1358.0,3,Bəli,Xeyr,Təsdiqlənib,Bütün sənədlər qaydasındadır
18204054,Məryəm Tağıyeva,05/07/2005,qadin,Bakalavr tehsili,Tələbə,281,Təhsil krediti,2926,Biznes krediti,19.87,411.0,0,,Xeyr,Təsdiqlənib,Aşağı kredit reytinqi
69167744,Ləman Rzayeva,19/06/1992,Qadın,Bakalavr tehsili,Sahibkar,9803 AZN,Mikro kredit,69676,əsas vəsaitlərin alınması - Biznes krediti,15.18,1194.0,4,Xeyr,Xeyr,Təsdiqlənib,Müştərinin gəliri və krediti təsdiqləndi
60492624,Zəhra İsmayılova,1976-09-29,,Bakalavr,Sahibkar,4997 manat,Mikro kredit,48784,dövriyyə vəsaitlərinin artırılması - Biznes krediti,21.93,1631.0,5,Xeyr,Xeyr,Təsdiqlənib,Müştərinin gəliri və krediti təsdiqləndi
68659630,Emin Rüstəmov,1990-05-18,Kişi,Bakalavr tehsili,İşləyən,2459,Nağd istehlak krediti,14916,tibbi xərclər,24.03,1362.0,3,Bəli,Xeyr,Təsdiqlənib,Müştərinin gəliri və krediti təsdiqləndi
76133616,Elvin Rüstəmov,10-10-00,Kişi,Bakalavr,İşləyən,1774,Nağd istehlak krediti,9751,məişət avadanlığı alışı,19.69,1563.0,2,Bəli,Xeyr,Təsdiqlənib,Bütün sənədlər qaydasındadır
90920646,Kamal Məmmədov,29/06/1998,,Orta məktəb,İşsiz,227,Nağd istehlak krediti,684 manat,təmir,16.5,189.0,2,Xeyr,Xeyr,Rədd edilib,Aşağı kredit reytinqi
13444154,kamal abdullayev,22/06/1966, kişi ,Orta məktəb,İşsiz,269,Nağd istehlak krediti,718,məişət avadanlığı alışı,14.11,323.0,2,Bəli,Xeyr,Rədd edilib,Aşağı kredit reytinqi
99510663,Anar Cəfərov,1984-10-19, kişi ,Bakalavr tehsili,İşləyən,1691,Nağd istehlak krediti,10271,tibbi xərclər,23.03,702.0,4,Bəli,Xeyr,Təsdiqlənib,Bütün sənədlər qaydasındadır
72706618,Uğur Tağıyev,1971-08-18, kişi ,Orta məktəb,İşsiz,368,Nağd istehlak krediti,756 AZN,toy xərcləri,24.11,206.0,1,Bəli,Xeyr,Rədd edilib,Aşağı kredit reytinqi | Yoxlayıcı_ID: 729
85461760,Anar Vəliyev,08/03/1962,Kişi,Orta məktəb,İşsiz,45,Nağd istehlak krediti,691,şəxsi istehlak məqsədi,14.76,453.0,0,,Xeyr,Rədd edilib,Aşağı kredit reytinqi
92957198,Murad İbrahimov,01-10-88,Kişi,Orta məktəb,İşsiz,,Nağd istehlak krediti,636,təmir,15.29,402.0,0,,Bəli,Rədd edilib,'Qara siyahı'da olmaq
66568564,Günel Cəfərova,1990-08-29,Qadın,Bakalavr tehsili,İşləyən,945,Nağd istehlak krediti,15238,təmir,13.19,751.0,3,Xeyr,Xeyr,Təsdiqlənib,Müştərinin gəliri və krediti təsdiqləndi
72651086, Anar Cavadov ,1994-08-14,,Orta məktəb,İşsiz,157 AZN,Nağd istehlak krediti,650,toy xərcləri,17.73,225.0,1,Bəli,Xeyr,Rədd edilib,Aşağı kredit reytinqi | Yoxlayıcı_ID: 901
60624887,Orxan Qasımov,08-23-75,K,Bakalavr,Sahibkar,9809,Mikro kredit,19188,Biznes krediti,16.43,1285.0,4,Bəli,Xeyr,Təsdiqlənib,Müştərinin gəliri və krediti təsdiqləndi
10033727,Nigar Hüseynova,2005-06-02,Qadın,Magistr,Tələbə,102,Təhsil krediti,2961,əsas vəsaitlərin alınması - Biznes krediti,13.97,220.0,0,,Xeyr,Rədd edilib,Aşağı kredit reytinqi
38677411,Zəhra Nəsirova,16/11/1967,qadin,Magistr,Sahibkar,6467,Mikro kredit,86957,dövriyyə vəsaitlərinin artırılması - Biznes krediti,14.71,1410.0,7,Xeyr,Xeyr,Təsdiqlənib,Bütün sənədlər qaydasındadır
96593862,Aylin Əhmədova,03-19-74,Qadın,Bakalavr tehsili,İşləyən,1887,Nağd istehlak krediti,11581,məişət avadanlığı alışı,17.58,1338.0,0,,Xeyr,Təsdiqlənib,Bütün sənədlər qaydasındadır | Yoxlayıcı_ID: 220
83135134,Günel Vəliyeva,2000-10-16,qadin,Bakalavr tehsili,İşləyən,2039,Nağd istehlak krediti,12983,toy xərcləri,13.34,1227.0,1,Xeyr,Xeyr,Təsdiqlənib,Müştərinin gəliri və krediti təsdiqləndi
43405333,rauf tağıyev,06-01-98, kişi ,Bakalavr tehsili,İşləyən,1221,Avtomobil krediti,11940 AZN,məişət avadanlığı alışı,23.61,731.0,1,Xeyr,Xeyr,Təsdiqlənib,Bütün sənədlər qaydasındadır
73020575,Sahil Səfərov,2003-01-26,Kişi,Magistr,Tələbə,169,Təhsil krediti,2607,əsas vəsaitlərin alınması - Biznes krediti,15.22,247.0,0,,Xeyr,Rədd edilib,Aşağı kredit reytinqi
89749497,Nihat Vəliyev,09-12-75,,Magistr,İşləyən,2574,Nağd istehlak krediti,708,tibbi xərclər,20.77,940.0,4,Bəli,Xeyr,Təsdiqlənib,Zaminlik məsələləri
75187360,Səbinə Quliyeva,1996-09-04,,Orta məktəb,İşsiz,381,Nağd istehlak krediti,926,məişət avadanlığı alışı,16.66,368.0,0,,Xeyr,Rədd edilib,Aşağı kredit reytinqi
35051835,Lalə Əliyeva,08-20-74,Qadın,Orta məktəb,İşsiz,379,Nağd istehlak krediti,977,şəxsi istehlak məqsədi,19.52,117.0,1,Xeyr,Xeyr,Rədd edilib,Aşağı kredit reytinqi | Yoxlayıcı_ID: 516
89082116,Murad Vəliyev,30/06/1981,Kişi,Bakalavr,Sahibkar,,Mikro kredit,68750,Biznes krediti,15.43,1371.0,3,Xeyr,Xeyr,Təsdiqlənib,Bütün sənədlər qaydasındadır
34762960,Kamal İsmayılov,08-04-00,Kişi,Magistr,İşləyən,1067,Nağd istehlak krediti,5352,təmir,14.51,814.0,3,Bəli,Xeyr,Təsdiqlənib,Müştərinin gəliri və krediti təsdiqləndi
88807415, Aydan İsmayılova ,10-18-03,,Bakalavr,Tələbə,280,Təhsil krediti,1209,dövriyyə vəsaitlərinin artırılması - Biznes krediti,23.71,425.0,0,,Xeyr,Rədd edilib,Aşağı kredit reytinqi | Yoxlayıcı_ID: 497
76365737,Məryəm Cəfərova,03/06/1976,Qadın,Bakalavr tehsili,Sahibkar,8980,Mikro kredit,72006,əsas vəsaitlərin alınması - Biznes krediti,18.86,1428.0,4,Bəli,Xeyr,Təsdiqlənib,Müştərinin gəliri və krediti təsdiqləndi
27608572,Səbinə Əhmədova,28/11/1986,Qadın,Magistr,İşləyən,2011,Nağd istehlak krediti,16585,tibbi xərclər,19.99,930.0,4,Bəli,Xeyr,Təsdiqlənib,Müştərinin gəliri və krediti təsdiqləndi
28552367,Aydan Tağıyeva,07-30-04,qadin,Bakalavr tehsili,Tələbə,138,Təhsil krediti,1103,əsas vəsaitlərin alınması - Biznes krediti,20.93,723.0,0,,Xeyr,Təsdiqlənib,Bütün sənədlər qaydasındadır
68309948,Məhəmməd Sultanov,14/08/1997,Kişi,Bakalavr,İşləyən,2716,Avtomobil krediti,27430,məişət avadanlığı alışı,23.25,815.0,1,Bəli,Xeyr,Təsdiqlənib,Müştərinin gəliri və krediti təsdiqləndi
72059812,Quliyeva Lalə,11/10/1983,,Bakalavr,İşləyən,2550 manat,Nağd istehlak krediti,15683,məişət avadanlığı alışı,20.12,877.0,2,Xeyr,Xeyr,Təsdiqlənib,Bütün sənədlər qaydasındadır
43392953,Cavid Səfərov,1976-02-20,Kişi,Bakalavr,İşləyən,2612,Nağd istehlak krediti,11994,təmir,24.23,854.0,0,,Xeyr,Təsdiqlənib,Bütün sənədlər qaydasındadır
50236530,Əli Tağıyev,19/12/1994, kişi ,Bakalavr tehsili,İşləyən,2955,Nağd istehlak krediti,5115,toy xərcləri,14.12,810.0,0,,Xeyr,Təsdiqlənib,Bütün sənədlər qaydasındadır
10032801,Günel Cavadova,1979-08-19,Qadın,Bakalavr tehsili,İşləyən,925,Avtomobil krediti,25665,tibbi xərclər,16.24,1352.0,4,Bəli,Xeyr,Rədd edilib,Gəlir çatışmazlığı
79683535,Günel Qasımova,1983-07-03,Qadın,Bakalavr tehsili,Sahibkar,7164,Mikro kredit,17258,Təmir,18.99,1075.0,2,Xeyr,Xeyr,Təsdiqlənib,Müştərinin gəliri və krediti təsdiqləndi
75668703,Aylin Səfərova,19/11/1991,Qadın,Magistr,Sahibkar,4645,Mikro kredit,46011,dövriyyə vəsaitlərinin artırılması - Biznes krediti,18.13,1170.0,3,Bəli,Xeyr,Təsdiqlənib,Bütün sənədlər qaydasındadır | Yoxlayıcı_ID: 645
26460812,Zülfiyyə Qasımova,2003-04-23,Qadın,Magistr,Tələbə,272,Təhsil krediti,621,dövriyyə vəsaitlərinin artırılması - Biznes krediti,24.58,344.0,0,,Xeyr,Rədd edilib,Aşağı kredit reytinqi
69193476,Hüseyn Rüstəmov,02-08-86,,Bakalavr,İşləyən,1304,Nağd istehlak krediti,11975,şəxsi istehlak məqsədi,11.25,1022.0,2,Xeyr,Xeyr,Təsdiqlənib,Bütün sənədlər qaydasındadır
89942110,Kamal Əliyev,08/01/1993,,Bakalavr,İşləyən,1197 AZN,Nağd istehlak krediti,4007,təmir,21.16,1113.0,2,Bəli,Bəli,Təsdiqlənib,'Qara siyahı'da olmaq
99028291,Fərid Cəfərov,16/04/1986, kişi ,Bakalavr,İşləyən,,Avtomobil krediti,12154,şəxsi istehlak məqsədi,22.06,690.0,4,Xeyr,Xeyr,Təsdiqlənib,Müştərinin gəliri və krediti təsdiqləndi
33898667,Ramin Sultanov,1996-09-07,Kişi,Bakalavr,İşləyən,2549,Avtomobil krediti,27107,toy xərcləri,24.05,1351.0,3,Xeyr,Xeyr,Təsdiqlənib,Bütün sənədlər qaydasındadır
79262780,Kəmalə Rüstəmova,01-15-94,qadin,Bakalavr,İşləyən,2888,Nağd istehlak krediti,10082,şəxsi istehlak məqsədi,22.49,,3,Xeyr,Xeyr,Rədd edilib,Aşağı kredit reytinqi | Yoxlayıcı_ID: 727
68619208,Fidan Rüstəmova,21/07/1973,Qadın,Magistr,Sahibkar,9553,Mikro kredit,44573 manat,əsas vəsaitlərin alınması - Biznes krediti,11.67,1318.0,3,Bəli,Xeyr,Təsdiqlənib,Müştərinin gəliri və krediti təsdiqləndi | Yoxlayıcı_ID: 448
34747335,Uğur Cavadov,1976-07-22,Kişi,Magistr,İşləyən,2026,Nağd istehlak krediti,7215,təmir,15.78,835.0,3,Xeyr,Xeyr,Təsdiqlənib,Bütün sənədlər qaydasındadır
70899944,Rəna Cəfərova,1975-02-16,,Bakalavr tehsili,Sahibkar,6779,Mikro kredit,68335,əsas vəsaitlərin alınması - Biznes krediti,24.82,1409.0,6,Bəli,Xeyr,Təsdiqlənib,Müştərinin gəliri və krediti təsdiqləndi | Yoxlayıcı_ID: 289
31355546,Rəşad Vəliyev,2005-10-24,Kişi,Magistr,Tələbə,187,Təhsil krediti,505,Biznes krediti,20.59,790.0,0,,Xeyr,Təsdiqlənib,Bütün sənədlər qaydasındadır
99151778,Murad Tağıyev,12-05-91, kişi ,Bakalavr,Sahibkar,9949 manat,Mikro kredit,72740,əsas vəsaitlərin alınması - Biznes krediti,21.29,968.0,5,Xeyr,Xeyr,Təsdiqlənib,Müştərinin gəliri və krediti təsdiqləndi
80318940,Aydan Cəfərova,01-22-88,qadin,Bakalavr,Sahibkar,6494,Mikro kredit,52370,dövriyyə vəsaitlərinin artırılması - Biznes krediti,17.75,1775.0,8,Xeyr,Xeyr,Təsdiqlənib,Bütün sənədlər qaydasındadır
67651345,Murad Əliyev,01/11/1998,Kişi,Magistr,İşləyən,1340,Nağd istehlak krediti,18932 AZN,tibbi xərclər,16.88,1422.0,1,Bəli,Xeyr,Təsdiqlənib,Bütün sənədlər qaydasındadır
67765782,Fidan Səfərova,06/11/1977,,Magistr,İşləyən,3544,Nağd istehlak krediti,16284,təmir,23.17,877.0,2,Bəli,Xeyr,Təsdiqlənib,Bütün sənədlər qaydasındadır
87063913,Zülfiyyə Tağıyeva,05-27-71,Q,Bakalavr tehsili,İşləyən,2615,Nağd istehlak krediti,5570,təmir,10.93,1504.0,2,Xeyr,Xeyr,Təsdiqlənib,Müştərinin gəliri və krediti təsdiqləndi
96263537,Sevinc Cavadova,02-11-02,Qadın,Bakalavr,İşləyən,1325,Nağd istehlak krediti,14543,toy xərcləri,19.51,874.0,1,Bəli,Xeyr,Təsdiqlənib,Müştərinin gəliri və krediti təsdiqləndi
17628773,Rəna Sultanova,1998-08-11,Q,Bakalavr,İşləyən,3894,Nağd istehlak krediti,7367,tibbi xərclər,13.39,835.0,2,Xeyr,Xeyr,Təsdiqlənib,Bütün sənədlər qaydasındadır
40898438,Günel Tağıyeva,12-15-79,qadin,Orta məktəb,İşsiz,400,Nağd istehlak krediti,339,məişət avadanlığı alışı,21.8,333.0,1,Bəli,Bəli,Rədd edilib,'Qara siyahı'da olmaq | Yoxlayıcı_ID: 851
74606314,Samir Vəliyev,1994-05-14,Kişi,Magistr,İşləyən,2652,Nağd istehlak krediti,12987,tibbi xərclər,22.97,1147.0,3,Bəli,Xeyr,Təsdiqlənib,Müştərinin gəliri və krediti təsdiqləndi
92181336,Rəşad Vəliyev,20/05/1985,K,Orta məktəb,İşsiz,198,Nağd istehlak krediti,642,şəxsi istehlak məqsədi,12.56,,1,Bəli,Xeyr,Rədd edilib,Aşağı kredit reytinqi
33666754,Nihat Rəhimov,11-27-83,Kişi,Magistr,İşləyən,"3,468",Nağd istehlak krediti,16956,məişət avadanlığı alışı,12.66,544.0,0,,Xeyr,Təsdiqlənib,Bütün sənədlər qaydasındadır | Yoxlayıcı_ID: 875
16824398,Ramin Tağıyev,26/10/1974, kişi ,Bakalavr,İşləyən,2604,Nağd istehlak krediti,2287,şəxsi istehlak məqsədi,20.11,,2,Xeyr,Xeyr,Təsdiqlənib,Bütün sənədlər qaydasındadır
10927235,Ramin Vəliyev,08-28-86,K,Bakalavr tehsili,İşləyən,"2,726",Nağd istehlak krediti,16264,toy xərcləri,21.75,513.0,4,Bəli,Xeyr,Təsdiqlənib,Müştərinin gəliri və krediti təsdiqləndi
92039834,Şəbnəm İsmayılova,1991-02-12,Q,Bakalavr tehsili,Sahibkar,6104,Mikro kredit,12392,dövriyyə vəsaitlərinin artırılması - Biznes krediti,16.32,1236.0,5,Bəli,Xeyr,Təsdiqlənib,Müştərinin gəliri və krediti təsdiqləndi
75047376,Rəşad Sultanov,1995-04-27, kişi ,Magistr,Sahibkar,8457,Mikro kredit,11486,dövriyyə vəsaitlərinin artırılması - Biznes krediti,19.16,1132.0,4,Bəli,Xeyr,Təsdiqlənib,Müştərinin gəliri və krediti təsdiqləndi
97200366,Səbinə Abdullayeva,11-03-71,Qadın,Bakalavr,İşləyən,3348,Nağd istehlak krediti,9825,tibbi xərclər,14.96,1402.0,1,Xeyr,Xeyr,Təsdiqlənib,Bütün sənədlər qaydasındadır
58758176,Cavid Məmmədov,07-04-92,,Bakalavr tehsili,İşləyən,3588,Avtomobil kriditi,29235,məişət avadanlığı alışı,18.2,750.0,2,Xeyr,Xeyr,Təsdiqlənib,Müştərinin gəliri və krediti təsdiqləndi
20227889,Aylin Abdullayeva,27/02/1971,,Magistr,İşləyən,,Nağd istehlak krediti,7368,toy xərcləri,22.15,1501.0,3,Bəli,Xeyr,Təsdiqlənib,Bütün sənədlər qaydasındadır
14749203,Şəbnəm Tağıyeva,1992-02-11,Q,Bakalavr tehsili,Sahibkar,6520,Mikro kredit,13126,Biznes krediti,23.86,1318.0,8,Xeyr,Xeyr,Təsdiqlənib,Müştərinin gəliri və krediti təsdiqləndi
17393444,Nərmin Məmmədova,16/04/1988,Qadın,Bakalavr tehsili,İşləyən,"1,530",Nağd istehlak krediti,1394 manat,məişət avadanlığı alışı,23.68,509.0,3,Xeyr,Xeyr,Təsdiqlənib,Bütün sənədlər qaydasındadır
14381839,Əli Sultanov,1979-10-11,Kişi,Bakalavr tehsili,İşləyən,805,Avtomobil krediti,12506,təmir,24.99,1089.0,1,Xeyr,Xeyr,Təsdiqlənib,Aşağı kredit reytinqi
61899676,Səbinə Əhmədova,1974-03-04,,Bakalavr,İşləyən,3763,Nağd istehlak krediti,17920,toy xərcləri,14.92,,3,Bəli,Xeyr,Təsdiqlənib,Müştərinin gəliri və krediti təsdiqləndi
79059640,Anar Əhmədov,05-15-83, kişi ,Bakalvar,İşləyən,1196,Nağd istehlak krediti,3884,tibbi xərclər,21.76,1131.0,1,Bəli,Xeyr,Təsdiqlənib,İş stajı yetərsizdir
75779862,Orxan Hüseynov,1970-10-15,,Magistr,Sahibkar,8951,Mikro kredit,54134,əsas vəsaitlərin alınması - Biznes krediti,12.97,988.0,8,Bəli,Xeyr,Təsdiqlənib,Bütün sənədlər qaydasındadır
57411673,Ramin Tağıyev,05/05/2006,Kişi,Bakalavr tehsili,Tələbə,274,Təhsil krediti,838,əsas vəsaitlərin alınması - Biznes krediti,14.79,541.0,0,,Xeyr,Təsdiqlənib,Müştərinin gəliri və krediti təsdiqləndi
56248321,Emin Rəhimov,16/10/1988,Kişi,Bakalavr,İşləyən,1635,Nağd istehlak krediti,11749,məişət avadanlığı alışı,12.88,1206.0,4,Xeyr,Xeyr,Təsdiqlənib,Bütün sənədlər qaydasındadır
63798080,Fərid Məmmədov,1995-01-18, kişi ,Bakalavr tehsili,İşləyən,1322,Nağd istehlak krediti,2186,tibbi xərclər,21.77,,3,Bəli,Xeyr,Təsdiqlənib,Bütün sənədlər qaydasındadır
50724579,Məhəmməd Qasımov,10-11-77, kişi ,Bakalavr tehsili,İşləyən,2511,Nağd istehlak krediti,3080,təmir,17.45,1126.0,2,Bəli,Xeyr,Təsdiqlənib,Müştərinin gəliri və krediti təsdiqləndi
33226898,Cavid Rəhimov,11-02-86,Kişi,Orta məktəb,İşsiz,23,Nağd istehlak krediti,910,tibbi xərclər,21.42,436.0,2,Bəli,Xeyr,Rədd edilib,Aşağı kredit reytinqi
76744277,İbrahimov Kamal,03/07/1989, kişi ,Magistr,İşləyən,,Nağd istehlak krediti,5842,tibbi xərclər,12.91,,4,Bəli,Xeyr,Təsdiqlənib,Müştərinin gəliri və krediti təsdiqləndi
30971508,Səbinə Quliyeva,10-26-68,qadin,Bakalavr tehsili,Sahibkar,6535,Mikro kredit,13483,dövriyyə vəsaitlərinin artırılması - Biznes krediti,13.94,1136.0,3,Bəli,Xeyr,Təsdiqlənib,Müştərinin gəliri və krediti təsdiqləndi
23894575,Sevinc Rəhimova,02-06-06,Q,Bakalavr tehsili,Tələbə,134 manat,Təhsil krediti,1982,əsas vəsaitlərin alınması - Biznes krediti,17.55,730.0,1,Xeyr,Xeyr,Təsdiqlənib,Bütün sənədlər qaydasındadır
39333472,Sahil Səfərov,1992-03-09, kişi ,Magistr,Sahibkar,3194,Mikro kredit,19427,dövriyyə vəsaitlərinin artırılması - Biznes krediti,20.46,1535.0,2,Xeyr,Xeyr,Təsdiqlənib,Gəlir çatışmazlığı | Yoxlayıcı_ID: 512
19601578,Uğur Əhmədov,11/02/2002,K,Bakalavr,İşləyən,"3,690",Nağd istehlak krediti,13678,şəxsi istehlak məqsədi,22.58,755.0,0,,Xeyr,Təsdiqlənib,Bütün sənədlər qaydasındadır | Yoxlayıcı_ID: 956
80973248,Aysel Vəliyeva,1979-12-11,Q,Bakalavr,İşləyən,3470,Nağd istehlak krediti,18580,təmir,17.41,1012.0,0,,Xeyr,Təsdiqlənib,Bütün sənədlər qaydasındadır | Yoxlayıcı_ID: 743
78363750,Zəhra İsmayılova,2006-10-29,,Magistr,Tələbə,171,Təhsil krediti,810,əsas vəsaitlərin alınması - Biznes krediti,11.82,480.0,0,,Xeyr,Rədd edilib,Aşağı kredit reytinqi
75500724,Sevinc Əhmədova,25/02/1991,Qadın,Orta məktəb,İşsiz,330,Nağd istehlak krediti,766,şəxsi istehlak məqsədi,22.67,335.0,1,Bəli,Xeyr,Rədd edilib,Aşağı kredit reytinqi | Yoxlayıcı_ID: 967
78241363,Rəşad Səfərov,1979-09-21,,Bakalavr,İşləyən,1730,Avtomobil krediti,34762,toy xərcləri,17.65,1245.0,3,Xeyr,Xeyr,Təsdiqlənib,Müştərinin gəliri və krediti təsdiqləndi
51725491,Nigar Sultanova,09/05/2005,,Bakalavr tehsili,Tələbə,154,Təhsil krediti,1693,dövriyyə vəsaitlərinin artırılması - Biznes krediti,21.95,219.0,0,,Xeyr,Rədd edilib,Aşağı kredit reytinqi
61379684,Aylin İbrahimova,1996-06-01,,Bakalavr,İşləyən,3478,Nağd istehlak krediti,18683,şəxsi istehlak məqsədi,22.23,517.0,1,Bəli,Xeyr,Təsdiqlənib,Bütün sənədlər qaydasındadır | Yoxlayıcı_ID: 870
83610871,Murad Abdullayev,1976-12-21, kişi ,Bakalavr tehsili,İşləyən,3527,Avtomobil krediti,35586,toy xərcləri,18.17,411.0,2,Xeyr,Xeyr,Rədd edilib,Aşağı kredit reytinqi
49198344,aydan qasımova,04-25-04,Qadın,Bakalavr,Tələbə,230,Təhsil krediti,1122,əsas vəsaitlərin alınması - Biznes krediti,17.13,739.0,0,,Xeyr,Təsdiqlənib,Müştərinin gəliri və krediti təsdiqləndi | Yoxlayıcı_ID: 111
73703575,Tural Abdullayev,25/11/2005,,Magistr,Tələbə,173,Təhsil krediti,2298,dövriyyə vəsaitlərinin artırılması - Biznes krediti,11.53,611.0,0,,Xeyr,Təsdiqlənib,Müştərinin gəliri və krediti təsdiqləndi
22947043,Ramin Vəliyev,1975-06-22,K,Orta məktəb,İşsiz,240,Nağd istehlak krediti,356,şəxsi istehlak məqsədi,17.17,267.0,1,Xeyr,Xeyr,Təsdiqlənib,Aşağı kredit reytinqi
73417895,Əli Rəhimov,08-25-83,Kişi,Magistr,Sahibkar,6922,Mikro kredit,68264,əsas vəsaitlərin alınması - Biznes krediti,21.8,1496.0,6,Bəli,Xeyr,Təsdiqlənib,Müştərinin gəliri və krediti təsdiqləndi
27355236, Rəşad Quliyev ,1987-12-27,K,Magistr,İşləyən,3337,Nağd istehlak krediti,15812,tibbi xərclər,11.48,1104.0,0,,Xeyr,Təsdiqlənib,Bütün sənədlər qaydasındadır
85745968,Şəbnəm Səfərova,08-21-91,Q,Bakalavr,İşləyən,3208,Nağd istehlak krediti,15131,məişət avadanlığı alışı,19.61,1198.0,3,Bəli,Xeyr,Təsdiqlənib,'Qara siyahı'da olmaq | Yoxlayıcı_ID: 518
13293478,Emin Hüseynov,1968-11-30,Kişi,Orta məktəb,İşsiz,13,Nağd istehlak krediti,384 AZN,məişət avadanlığı alışı,18.67,256.0,1,Bəli,Xeyr,Rədd edilib,Aşağı kredit reytinqi
87163889,Nigar Rüstəmova,11/08/1993,qadin,Orta məktəb,İşsiz,51,Nağd istehlak krediti,356,toy xərcləri,14.59,177.0,0,,Xeyr,Rədd edilib,Aşağı kredit reytinqi | Yoxlayıcı_ID: 982
80080736,Cavid Səfərov,1996-07-22,Kişi,Orta məktəb,İşsiz,132,Nağd istehlak krediti,936 manat,şəxsi istehlak məqsədi,13.47,358.0,1,Xeyr,Xeyr,Rədd edilib,Aşağı kredit reytinqi
90569142,Kəmalə Babayeva,1981-02-18,,Orta məktəb,İşsiz,205,Nağd istehlak krediti,622,şəxsi istehlak məqsədi,14.51,278.0,0,,Bəli,Rədd edilib,'Qara siyahı'da olmaq
61087614,Rauf İbrahimov,1994-02-17,Kişi,Bakalavr tehsili,Sahibkar,8517,Mikro kredit,36229,əsas vəsaitlərin alınması - Biznes krediti,15.32,1109.0,8,Xeyr,Xeyr,Təsdiqlənib,Bütün sənədlər qaydasındadır
17802706,Aylin Rzayeva,2007-07-11,,Bakalavr,Tələbə,271 manat,Təhsil krediti,622,Biznes krediti,22.22,669.0,0,,Xeyr,Təsdiqlənib,Bütün sənədlər qaydasındadır
86161391,Fatimə Əliyeva,22/01/1990,Qadın,Bakalavr tehsili,İşləyən,2142,Nağd istehlak krediti,13740,toy xərcləri,18.84,440.0,0,,Xeyr,Rədd edilib,Aşağı kredit reytinqi
71185816,Ramin Rəhimov,1968-12-03, kişi ,Bakalavr tehsili,Sahibkar,7582,Mikro kredit,94047,Biznes krediti,14.08,1614.0,6,Bəli,Xeyr,Təsdiqlənib,Bütün sənədlər qaydasındadır
42157154,Lalə İbrahimova,1973-08-03,Q,Magistr,İşləyən,3349,Avtomobil krediti,29050,təmir,22.35,435.0,1,Xeyr,Xeyr,Rədd edilib,Aşağı kredit reytinqi
39486173,Uğur Rəhimov,10-30-86,,Magistr,Sahibkar,8856,Mikro kredit,58210,əsas vəsaitlərin alınması - Biznes krediti,20.68,1779.0,4,Bəli,Xeyr,Təsdiqlənib,Bütün sənədlər qaydasındadır
31562195,Məryəm Vəliyeva,2004-10-08,Q,Bakalavr tehsili,Tələbə,289,Təhsil krediti,2926,Biznes krediti,19.71,593.0,0,,Xeyr,Təsdiqlənib,Bütün sənədlər qaydasındadır
29023056,Ləman Məmmədova,10/09/1980,,Orta məktəb,İşsiz,19,Nağd istehlak krediti,657,toy xərcləri,19.86,,1,Xeyr,Bəli,Rədd edilib,'Qara siyahı'da olmaq
85715020,Məhəmməd Məmmədov,08/10/2006, kişi ,Magistr,Tələbə,214,Təhsil krediti,2074,Biznes krediti,17.18,327.0,0,,Xeyr,Rədd edilib,Aşağı kredit reytinqi
54512344,Rauf Sultanov,1976-02-08,Kişi,Bakalavr,İşləyən,3869,Nağd istehlak krediti,11576,tibbi xərclər,24.54,830.0,2,Bəli,Xeyr,Təsdiqlənib,Müştərinin gəliri və krediti təsdiqləndi
88947962,Fidan Rüstəmova,09-21-79,,Bakalavr,İşləyən,3012,Nağd istehlak krediti,12920,təmir,24.65,839.0,3,Bəli,Xeyr,Təsdiqlənib,Müştərinin gəliri və krediti təsdiqləndi
65202110,Günel Quliyeva,30/05/1996,Qadın,Orta məktəb,İşsiz,331,Nağd istehlak krediti,701,məişət avadanlığı alışı,17.55,241.0,1,Bəli,Xeyr,Rədd edilib,Aşağı kredit reytinqi
59132432,Aylin İbrahimova,1981-05-05,,Bakalavr,İşləyən,1266,Avtomobil krediti,24814,toy xərcləri,13.16,545.0,3,Bəli,Xeyr,Təsdiqlənib,Müştərinin gəliri və krediti təsdiqləndi
27501519,Nihat Hüseynov,01-24-83, kişi ,Bakalavr tehsili,İşləyən,3200,Nağd istehlak krediti,5349,məişət avadanlığı alışı,12.11,645.0,0,,Xeyr,Təsdiqlənib,Müştərinin gəliri və krediti təsdiqləndi
98126266,Elvin Sultanov,1995-10-18, kişi ,Magistr,İşləyən,2202,Avtomobil krediti,11647,toy xərcləri,22.3,580.0,0,,Xeyr,Təsdiqlənib,Müştərinin gəliri və krediti təsdiqləndi
58838324,Məryəm Rüstəmova,2007-08-02,qadin,Magistr,Tələbə,241,Təhsil krediti,1776,dövriyyə vəsaitlərinin artırılması - Biznes krediti,20.44,441.0,1,Bəli,Xeyr,Təsdiqlənib,Aşağı kredit reytinqi
61277901,Məryəm Quliyeva,1980-09-13,Q,Orta məktəb,İşsiz,72,Nağd istehlak krediti,585,tibbi xərclər,24.35,194.0,1,Xeyr,Xeyr,Rədd edilib,Aşağı kredit reytinqi
82181905,Fərid Quliyev,06-08-05,,Bakalavr tehsili,Tələbə,280,Təhsil krediti,877 manat,əsas vəsaitlərin alınması - Biznes krediti,23.91,261.0,0,,Xeyr,Təsdiqlənib,Aşağı kredit reytinqi
48145335,Zeynəb Vəliyeva,1975-11-29,Q,Bakalavr,İşləyən,3368,Nağd istehlak krediti,2714,təmir,20.86,820.0,2,Bəli,Xeyr,Təsdiqlənib,Müştərinin gəliri və krediti təsdiqləndi
36762898,Ramin Cəfərov,24/06/2001,,Bakalavr,İşləyən,2392,Avtomobil kriditi,39495,məişət avadanlığı alışı,11.5,974.0,0,,Xeyr,Təsdiqlənib,Bütün sənədlər qaydasındadır
52111670,Aysel İsmayılova,03/11/2003,qadin,Bakalavr,Tələbə,160,Təhsil krediti,1829,Biznes krediti,23.66,552.0,0,,Xeyr,Təsdiqlənib,Müştərinin gəliri və krediti təsdiqləndi
11111326,Orxan Nəsirov,11-18-05,,Bakalavr,Tələbə,268,Təhsil krediti,1072,əsas vəsaitlərin alınması - Biznes krediti,22.44,772.0,1,Bəli,Xeyr,Təsdiqlənib,Müştərinin gəliri və krediti təsdiqləndi
36250106,Əli Rzayev,12-05-88, kişi ,Magistr,Sahibkar,7462,Mikro kredit,84043,dövriyyə vəsaitlərinin artırılması - Biznes krediti,10.99,1276.0,8,Xeyr,Xeyr,Təsdiqlənib,Müştərinin gəliri və krediti təsdiqləndi
67949864, Ramin Sultanov ,19/05/1990,Kişi,Bakalavr,İşləyən,925,Nağd istehlak krediti,1305,şəxsi istehlak məqsədi,20.01,602.0,4,Bəli,Xeyr,Təsdiqlənib,Müştərinin gəliri və krediti təsdiqləndi | Yoxlayıcı_ID: 945
77277993,Tural İbrahimov,1994-10-10,,Orta məktəb,İşsiz,388,Nağd istehlak krediti,989,tibbi xərclər,12.83,406.0,2,Bəli,Xeyr,Rədd edilib,Aşağı kredit reytinqi
84460830,Rəşad Əliyev,1970-04-02,Kişi,Magistr,Sahibkar,7714,Mikro kredit,43490,Biznes krediti,20.32,1624.0,6,Xeyr,Xeyr,Təsdiqlənib,Bütün sənədlər qaydasındadır | Yoxlayıcı_ID: 790
23149402,Rəşad Rəhimov,04-27-92,Kişi,Bakalavr tehsili,Sahibkar,8072,Mikro kredit,13558,dövriyyə vəsaitlərinin artırılması - Biznes krediti,19.27,1660.0,6,Bəli,Xeyr,Təsdiqlənib,Müştərinin gəliri və krediti təsdiqləndi
64899418,Fidan İbrahimova,1999-01-26,Q,Magistr,İşləyən,2182,Nağd istehlak krediti,4130,tibbi xərclər,11.37,442.0,2,Xeyr,Xeyr,Rədd edilib,Aşağı kredit reytinqi
76468074,Orxan Rzayev,2004-05-18,K,Bakalavr,Tələbə,252,Təhsil krediti,1730,əsas vəsaitlərin alınması - Biznes krediti,15.84,616.0,0,,Xeyr,Təsdiqlənib,Müştərinin gəliri və krediti təsdiqləndi
35662152, Yusif Rüstəmov ,24/10/1966,,Orta məktəb,İşsiz,246,Nağd istehlak krediti,985,təmir,23.13,516.0,0,,Xeyr,Təsdiqlənib,Müştərinin gəliri və krediti təsdiqləndi
77165442,Nigar Quliyeva,1974-11-19,Q,Bakalavr tehsili,İşləyən,1444,Avtomobil krediti,16642,tibbi xərclər,20.37,1036.0,2,Bəli,Xeyr,Təsdiqlənib,Müştərinin gəliri və krediti təsdiqləndi
45768963,Nigar Nəsirova,1995-09-14,Qadın,Bakalavr tehsili,İşləyən,1913,Nağd istehlak krediti,5375 AZN,şəxsi istehlak məqsədi,12.99,662.0,2,Bəli,Xeyr,Təsdiqlənib,Müştərinin gəliri və krediti təsdiqləndi
59498178,Nigar Tağıyeva,10-19-91,Qadın,Magistr,İşləyən,1242,Nağd istehlak krediti,4994,toy xərcləri,21.13,1501.0,2,Bəli,Xeyr,Təsdiqlənib,Müştərinin gəliri və krediti təsdiqləndi
45250613,Rəşad Babayev,1996-08-07,,Orta məktəb,İşsiz,370,Nağd istehlak krediti,567,tibbi xərclər,20.03,352.0,1,Bəli,Xeyr,Rədd edilib,Aşağı kredit reytinqi
43003204,Fərid Quliyev,1993-11-11, kişi ,Magistr,Sahibkar,3748,Mikro kredit,24496,Biznes krediti,23.68,,8,Xeyr,Xeyr,Təsdiqlənib,Müştərinin gəliri və krediti təsdiqləndi
61304147,Zəhra Babayeva,1990-06-27,Q,Orta məktəb,İşsiz,20,Nağd istehlak krediti,708,məişət avadanlığı alışı,18.7,273.0,1,Xeyr,Xeyr,Rədd edilib,Aşağı kredit reytinqi
43847420,Aysel Vəliyeva,25/08/1972,Qadın,Bakalavr,Sahibkar,3701,Mikro kredit,29061,Biznes krediti,14.86,,2,Bəli,Xeyr,Təsdiqlənib,Müştərinin gəliri və krediti təsdiqləndi
55873941,Sahil Hüseynov,06-14-76,K,Magistr,İşləyən,"3,128",Nağd istehlak krediti,16622,şəxsi istehlak məqsədi,22.95,1034.0,1,Xeyr,Xeyr,Təsdiqlənib,Müştərinin gəliri və krediti təsdiqləndi
68348098,Zeynəb Səfərova,05-06-66,Q,Bakalavr,Sahibkar,6327,Mikro kredit,49723,Biznes krediti,14.35,1640.0,2,Bəli,Xeyr,Təsdiqlənib,Bankın kredit şərtlərinə uyğun deyil
86145594,Kəmalə Cavadova,15/02/2003,,Bakalavr,Tələbə,135,Təhsil krediti,2241,dövriyyə vəsaitlərinin artırılması - Biznes krediti,20.59,505.0,0,,Xeyr,Təsdiqlənib,Müştərinin gəliri və krediti təsdiqləndi
96319829,Zülfiyyə Məmmədova,1985-09-09,,Bakalavr tehsili,Sahibkar,8073,Mikro kredit,27617,Biznes krediti,15.71,1042.0,2,Xeyr,Xeyr,Təsdiqlənib,Müştərinin gəliri və krediti təsdiqləndi
46685724,Məhəmməd Quliyev,04-20-89, kişi ,Bakalavr tehsili,İşləyən,1248,Avtomobil krediti,20062,şəxsi istehlak məqsədi,11.89,1231.0,4,Xeyr,Xeyr,Təsdiqlənib,Bütün sənədlər qaydasındadır
34894302,Rəşad Cavadov,05-23-92,,Bakalavr,İşləyən,3698,Nağd istehlak krediti,7539,məişət avadanlığı alışı,12.78,690.0,0,,Xeyr,Təsdiqlənib,Müştərinin gəliri və krediti təsdiqləndi
79536395,Emin Quliyev,1992-11-13, kişi ,Bakalavr tehsili,İşləyən,2227,Nağd istehlak krediti,6644,şəxsi istehlak məqsədi,20.92,1485.0,1,Bəli,Xeyr,Təsdiqlənib,Müştərinin gəliri və krediti təsdiqləndi
84893373,Samir Məmmədov,24/08/1974,Kişi,Bakalavr tehsili,İşləyən,2600,Avtomobil krediti,12150,tibbi xərclər,21.46,1114.0,3,Xeyr,Xeyr,Təsdiqlənib,Bütün sənədlər qaydasındadır
65772197,Anar İsmayılov,07/11/2002,Kişi,Magistr,Tələbə,208,Təhsil krediti,716,əsas vəsaitlərin alınması - Biznes krediti,14.23,201.0,0,,Xeyr,Rədd edilib,Aşağı kredit reytinqi
19906247,Yusif Qasımov,1989-05-11,Kişi,Bakalavr tehsili,İşləyən,1120 AZN,Nağd istehlak krediti,16671,şəxsi istehlak məqsədi,22.99,1018.0,0,,Xeyr,Təsdiqlənib,Bütün sənədlər qaydasındadır | Yoxlayıcı_ID: 993
42376537,Səbinə Məmmədova,06/04/2007,qadin,Magistr,Tələbə,104,Təhsil krediti,718,dövriyyə vəsaitlərinin artırılması - Biznes krediti,19.15,400.0,0,,Xeyr,Rədd edilib,Aşağı kredit reytinqi
93083355,Yusif Əhmədov,2006-07-05,K,Bakalavr tehsili,Tələbə,115,Təhsil krediti,873,Biznes krediti,15.24,606.0,0,,Xeyr,Təsdiqlənib,Müştərinin gəliri və krediti təsdiqləndi
88567564,Rəşad Rzayev,1991-03-30,Kişi,Bakalavr,Sahibkar,9913,Mikro kredit,47402,əsas vəsaitlərin alınması - Biznes krediti,20.29,1441.0,7,Bəli,Xeyr,Təsdiqlənib,Müştərinin gəliri və krediti təsdiqləndi
78937610,Zülfiyyə Rüstəmova,06-21-72,Qadın,Bakalavr,Sahibkar,2919,Mikro kredit,17144,dövriyyə vəsaitlərinin artırılması - Biznes krediti,17.65,1223.0,2,Bəli,Xeyr,Təsdiqlənib,Bütün sənədlər qaydasındadır
91788187,Nərmin Qasımova,12-04-03,,Bakalavr,Tələbə,255,Təhsil krediti,2996,əsas vəsaitlərin alınması - Biznes krediti,18.65,233.0,0,,Xeyr,Təsdiqlənib,Aşağı kredit reytinqi
59375367,Emin Abdullayev,1996-10-26,K,Magistr,İşləyən,3440,Nağd istehlak krediti,13495,şəxsi istehlak məqsədi,24.46,1358.0,4,Xeyr,Xeyr,Təsdiqlənib,Müştərinin gəliri və krediti təsdiqləndi
10223180,Ləman Babayeva,01-17-07,qadin,Bakalavr,Tələbə,275,Təhsil krediti,1250,Biznes krediti,20.76,368.0,0,,Xeyr,Rədd edilib,Aşağı kredit reytinqi | Yoxlayıcı_ID: 107
53072712,Zəhra Babayeva,1973-09-23,Q,Bakalavr tehsili,İşləyən,3037,Nağd istehlak krediti,17945,təmir,14.71,1022.0,0,,Bəli,Rədd edilib,'Qara siyahı'da olmaq
82589136,Zeynəb İsmayılova,22/11/1988,Qadın,Bakalavr,İşləyən,2945,Nağd istehlak krediti,11914,təmir,21.33,968.0,0,,Xeyr,Təsdiqlənib,Bütün sənədlər qaydasındadır
91396563,Günel Səfərova,11/04/2007,,Bakalavr tehsili,Tələbə,221,Təhsil krediti,2629,dövriyyə vəsaitlərinin artırılması - Biznes krediti,21.64,412.0,0,,Xeyr,Rədd edilib,Aşağı kredit reytinqi
79377446,Əhmədova Sevinc,1991-07-01,qadin,Orta məktəb,İşsiz,170,Nağd istehlak krediti,571 AZN,məişət avadanlığı alışı,11.02,579.0,2,Bəli,Xeyr,Təsdiqlənib,Bütün sənədlər qaydasındadır
61346031,Ləman İsmayılova,26/02/1971,Q,Magistr,Sahibkar,8208,Mikro kredit,33132,dövriyyə vəsaitlərinin artırılması - Biznes krediti,16.58,1499.0,4,Xeyr,Xeyr,Təsdiqlənib,Bütün sənədlər qaydasındadır
75061735,Lalə Cəfərova,03-05-04,Qadın,Magistr,Tələbə,287,Təhsil krediti,1026,dövriyyə vəsaitlərinin artırılması - Biznes krediti,16.64,464.0,0,,Xeyr,Rədd edilib,Aşağı kredit reytinqi | Yoxlayıcı_ID: 368
60888234,Zəhra Rzayeva,01-14-94,Qadın,Bakalavr,İşləyən,1681,Nağd istehlak krediti,2798,tibbi xərclər,13.02,1014.0,2,Bəli,Bəli,Rədd edilib,'Qara siyahı'da olmaq
37922663,Hüseyn Rəhimov,03/05/1989,,Bakalavr tehsili,İşləyən,1753,Nağd istehlak krediti,16786,təmir,22.04,909.0,3,Bəli,Xeyr,Təsdiqlənib,Müştərinin gəliri və krediti təsdiqləndi
93973226,Zülfiyyə Quliyeva,1987-04-30,Qadın,Bakalavr,İşləyən,2831,Nağd istehlak krediti,"7,172",tibbi xərclər,11.66,542.0,2,Xeyr,Xeyr,Təsdiqlənib,Bütün sənədlər qaydasındadır
48103019,Emin Rəhimov,1998-03-09, kişi ,Magistr,İşləyən,884,Avtomobil krediti,23019 AZN,təmir,17.81,554.0,1,Xeyr,Xeyr,Rədd edilib,Gəlir çatışmazlığı
61241753,Samir Abdullayev,1963-05-12,Kişi,Orta məktəb,İşsiz,178,Nağd istehlak krediti,353,toy xərcləri,23.45,574.0,1,Xeyr,Xeyr,Təsdiqlənib,Bütün sənədlər qaydasındadır | Yoxlayıcı_ID: 983
79054794,Fatimə Nəsirova,08-25-71,Qadın,Bakalavr,İşləyən,3316,Nağd istehlak krediti,11329 AZN,məişət avadanlığı alışı,12.52,1464.0,3,Xeyr,Xeyr,Təsdiqlənib,Müştərinin gəliri və krediti təsdiqləndi
65254807,Abdullayeva Sevinc,08-04-03,Q,Bakalavr tehsili,Tələbə,100 manat,Təhsil krediti,1186,Biznes krediti,22.47,438.0,0,,Xeyr,Rədd edilib,Aşağı kredit reytinqi
81762053,Anar Cəfərov,11-16-00, kişi ,Bakalavr tehsili,İşləyən,1629,Avtomobil krediti,30778,təmir,16.0,1580.0,4,Bəli,Xeyr,Təsdiqlənib,Müştərinin gəliri və krediti təsdiqləndi
49266594,Rəhimova Kəmalə,2003-06-15,Qadın,Bakalavr,Tələbə,201 AZN,Təhsil krediti,1316,əsas vəsaitlərin alınması - Biznes krediti,18.4,,0,,Xeyr,Rədd edilib,Aşağı kredit reytinqi
74629721, Rəna Sultanova ,12/01/2000,Q,Bakalavr tehsili,İşləyən,2622,Nağd istehlak krediti,15574,məişət avadanlığı alışı,20.81,486.0,2,Bəli,Xeyr,Rədd edilib,Aşağı kredit reytinqi
49009737,Uğur Cəfərov,01/07/1973, kişi ,Bakalavr tehsili,İşləyən,1010,Nağd istehlak krediti,19550,toy xərcləri,16.2,1389.0,0,,Xeyr,Təsdiqlənib,Bütün sənədlər qaydasındadır
50319508,Sahil Səfərov,1998-03-27,K,Bakalavr tehsili,İşləyən,3193,Avtomobil krediti,9005,şəxsi istehlak məqsədi,22.16,1491.0,2,Bəli,Xeyr,Təsdiqlənib,Müştərinin gəliri və krediti təsdiqləndi
88407767,Uğur Rüstəmov,06-27-84,,Bakalavr,Sahibkar,5695,Mikro kredit,64558,əsas vəsaitlərin alınması - Biznes krediti,23.72,1544.0,5,Bəli,Xeyr,Təsdiqlənib,Müştərinin gəliri və krediti təsdiqləndi
75480209,Aylin İbrahimova,15/09/2003,,Bakalavr,Tələbə,142,Təhsil krediti,1287,əsas vəsaitlərin alınması - Biznes krediti,19.97,208.0,1,Xeyr,Xeyr,Rədd edilib,Aşağı kredit reytinqi
94184821,Rauf Rzayev,1971-06-05, kişi ,Bakalavr tehsili,İşləyən,1525,Nağd istehlak krediti,16278,tibbi xərclər,20.93,,0,,Xeyr,Təsdiqlənib,Bütün sənədlər qaydasındadır
82357191,Fərid Quliyev,1980-11-28,K,Bakalavr tehsili,İşləyən,3726,Nağd istehlak krediti,5717,məişət avadanlığı alışı,13.54,1094.0,4,Bəli,Xeyr,Təsdiqlənib,Bütün sənədlər qaydasındadır
82165743,Zülfiyyə Abdullayeva,08-03-91,,Bakalavr,İşləyən,1022,Nağd istehlak krediti,2784,məişət avadanlığı alışı,23.38,509.0,3,Xeyr,Xeyr,Təsdiqlənib,Müştərinin gəliri və krediti təsdiqləndi
70839679,Murad Rəhimov,15/12/2006,K,Bakalavr,Tələbə,185,Təhsil krediti,2389,Biznes krediti,11.43,461.0,0,,Xeyr,Rədd edilib,Aşağı kredit reytinqi
34326089,Fidan İsmayılova,11-11-76,Q,Orta məktəb,İşsiz,223,Nağd istehlak krediti,449,tibbi xərclər,12.54,404.0,1,Bəli,Xeyr,Rədd edilib,Aşağı kredit reytinqi | Yoxlayıcı_ID: 648
12696019,ləman cavadova,1986-08-15,Q,Magistr,İşləyən,1087,Avtomobil krediti,32102,məişət avadanlığı alışı,21.88,1260.0,2,Xeyr,Xeyr,Rədd edilib,Gəlir çatışmazlığı | Yoxlayıcı_ID: 845
95490527,Murad Qasımov,10/05/1989, kişi ,Magistr,İşləyən,2523,Avtomobil krediti,30089,toy xərcləri,24.51,823.0,2,Xeyr,Xeyr,Təsdiqlənib,Bütün sənədlər qaydasındadır
39955648,nihat hüseynov,2004-08-01,Kişi,Bakalavr,Tələbə,143,Təhsil krediti,1929,əsas vəsaitlərin alınması - Biznes krediti,14.58,655.0,0,,Xeyr,Təsdiqlənib,Müştərinin gəliri və krediti təsdiqləndi
79983466,Günel Cəfərova,29/08/2006,,Bakalavr tehsili,Tələbə,253,Təhsil krediti,2654,əsas vəsaitlərin alınması - Biznes krediti,22.57,477.0,1,Bəli,Xeyr,Rədd edilib,Aşağı kredit reytinqi | Yoxlayıcı_ID: 506
30201979,Sevinc Cavadova,1981-08-05,Qadın,Magistr,İşləyən,1770,Nağd istehlak krediti,15809,tibbi xərclər,19.08,1441.0,4,Xeyr,Xeyr,Təsdiqlənib,Müştərinin gəliri və krediti təsdiqləndi
18340222,Orxan İsmayılov,12-09-79,Kişi,Bakalavr tehsili,İşləyən,1874,Avtomobil krediti,32842,tibbi xərclər,24.15,485.0,2,Bəli,Xeyr,Rədd edilib,Aşağı kredit reytinqi
59857122, Aylin Nəsirova ,1973-10-26,Qadın,Magistr,İşləyən,944,Nağd istehlak krediti,6898,təmir,22.12,1023.0,2,Bəli,Bəli,Rədd edilib,'Qara siyahı'da olmaq
73683059,Aydan Abdullayeva,2001-11-27,qadin,Bakalavr,İşləyən,3330,Nağd istehlak krediti,6421,tibbi xərclər,15.47,533.0,0,,Xeyr,Təsdiqlənib,Müştərinin gəliri və krediti təsdiqləndi
38452594,Nərmin Rüstəmova,01/06/2001,qadin,Bakalavr,İşləyən,2056 manat,Avtomobil krediti,32830,məişət avadanlığı alışı,19.87,1405.0,2,Bəli,Xeyr,Təsdiqlənib,Müştərinin gəliri və krediti təsdiqləndi | Yoxlayıcı_ID: 254
96381494,Uğur Cavadov,10-15-01,,Magistr,İşləyən,2641,Nağd istehlak krediti,2825,şəxsi istehlak məqsədi,20.43,650.0,2,Bəli,Xeyr,Təsdiqlənib,Müştərinin gəliri və krediti təsdiqləndi
36565036,Nigar İsmayılova,2005-06-03,qadin,Bakalavr tehsili,Tələbə,232,Təhsil krediti,1383,dövriyyə vəsaitlərinin artırılması - Biznes krediti,15.62,362.0,0,,Xeyr,Rədd edilib,Aşağı kredit reytinqi
52013651,Ayan Səfərova,19/02/2006,Qadın,Bakalavr,Tələbə,181,Təhsil krediti,1713,Biznes krediti,24.44,457.0,0,,Xeyr,Rədd edilib,Aşağı kredit reytinqi
12004996,Səbinə Tağıyeva,2001-06-14,Qadın,Bakalavr,İşləyən,,Nağd istehlak krediti,18837,məişət avadanlığı alışı,21.74,1048.0,1,Bəli,Xeyr,Təsdiqlənib,Müştərinin gəliri və krediti təsdiqləndi
43944430,Hüseyn Rzayev,03-21-81,Kişi,Bakalavr,İşləyən,2930,Nağd istehlak krediti,14526,məişət avadanlığı alışı,19.89,416.0,4,Bəli,Xeyr,Rədd edilib,Aşağı kredit reytinqi
68001053,Əli Babayev,1990-09-24,K,Magistr,İşləyən,3176,Nağd istehlak krediti,19232,toy xərcləri,15.49,1200.0,4,Bəli,Xeyr,Təsdiqlənib,Müştərinin gəliri və krediti təsdiqləndi
60360585,Nigar Tağıyeva,1966-10-10,qadin,Orta məktəb,İşsiz,103,Nağd istehlak krediti,472,şəxsi istehlak məqsədi,24.86,413.0,2,Xeyr,Xeyr,Rədd edilib,Aşağı kredit reytinqi
86796081,Əli Sultanov,1997-01-27, kişi ,Bakalavr tehsili,İşləyən,1305,Nağd istehlak krediti,5254,tibbi xərclər,11.71,883.0,1,Xeyr,Xeyr,Təsdiqlənib,Bütün sənədlər qaydasındadır
26279881,Nigar Hüseynova,1972-03-01,Q,Orta məktəb,İşsiz,46,Nağd istehlak krediti,760,toy xərcləri,22.67,299.0,2,Xeyr,Xeyr,Rədd edilib,Aşağı kredit reytinqi
74237133,murad rüstəmov,1975-12-05,Kişi,Bakalavr,İşləyən,2921,Nağd istehlak krediti,9934,toy xərcləri,16.17,900.0,3,Xeyr,Xeyr,Təsdiqlənib,Bütün sənədlər qaydasındadır
52327763,Günel Əhmədova,01-12-85,qadin,Magistr,İşləyən,2728,Nağd istehlak krediti,10499,tibbi xərclər,21.55,905.0,1,Xeyr,Xeyr,Təsdiqlənib,Müştərinin gəliri və krediti təsdiqləndi
65943957,Yusif Cavadov,28/11/1978,K,Magistr,İşləyən,3061,Nağd istehlak krediti,10191,təmir,22.16,514.0,0,,Xeyr,Təsdiqlənib,Bütün sənədlər qaydasındadır
19941214,Samir Səfərov,08-21-91,,Bakalavr tehsili,İşləyən,3582,Nağd istehlak krediti,6412,tibbi xərclər,19.7,1252.0,0,,Xeyr,Təsdiqlənib,Müştərinin gəliri və krediti təsdiqləndi
30000558,Rəna Babayeva,19/08/1979,qadin,Bakalavr tehsili,İşləyən,1056,Nağd istehlak krediti,"8,640",tibbi xərclər,11.68,1147.0,1,Xeyr,Xeyr,Təsdiqlənib,Müştərinin gəliri və krediti təsdiqləndi
19453482, Tural Rəhimov ,31/03/1980,,Bakalavr,İşləyən,3160 AZN,Nağd istehlak krediti,6821,məişət avadanlığı alışı,14.84,501.0,3,Bəli,Xeyr,Təsdiqlənib,Bütün sənədlər qaydasındadır
83869401,Samir Vəliyev,21/03/2006,,Magistr,Tələbə,180,Təhsil krediti,1618,dövriyyə vəsaitlərinin artırılması - Biznes krediti,12.09,,0,,Xeyr,Təsdiqlənib,Müştərinin gəliri və krediti təsdiqləndi
66260097,Emin İsmayılov,05-19-91,Kişi,Bakalavr,İşləyən,1510,Nağd istehlak krediti,16919,tibbi xərclər,17.69,1129.0,1,Bəli,Xeyr,Təsdiqlənib,Bütün sənədlər qaydasındadır
57102668, Kəmalə Abdullayeva ,1980-05-24,qadin,Magistr,Sahibkar,9430,Mikro kredit,23134,əsas vəsaitlərin alınması - Biznes krediti,15.46,1072.0,2,Bəli,Xeyr,Təsdiqlənib,Müştərinin gəliri və krediti təsdiqləndi | Yoxlayıcı_ID: 236
13084439,Orxan Sultanov,10-25-90,K,Bakalavr tehsili,İşləyən,1746,Nağd istehlak krediti,8375,toy xərcləri,24.94,690.0,0,,Xeyr,Təsdiqlənib,Bütün sənədlər qaydasındadır | Yoxlayıcı_ID: 498
43077077,Lalə Nəsirova,12-23-05,Qadın,Bakalavr tehsili,Tələbə,176,Təhsil krediti,2232,dövriyyə vəsaitlərinin artırılması - Biznes krediti,22.97,584.0,0,,Xeyr,Təsdiqlənib,Müştərinin gəliri və krediti təsdiqləndi
74440347,Nihat Rzayev,11/04/1975,K,Magistr,İşləyən,2301,Avtomobil krediti,36980,təmir,13.66,1001.0,2,Xeyr,Xeyr,Təsdiqlənib,Müştərinin gəliri və krediti təsdiqləndi
44674047,Zeynəb Cəfərova,02-08-78,Q,Bakalavr tehsili,İşləyən,2319,Nağd istehlak krediti,17222 manat,şəxsi istehlak məqsədi,16.49,1126.0,4,Xeyr,Xeyr,Təsdiqlənib,Gəlir çatışmazlığı
97431151,Ayan İbrahimova,03-20-91,Qadın,Bakalavr,İşləyən,898,Nağd istehlak krediti,9300,şəxsi istehlak məqsədi,13.48,595.0,2,Xeyr,Xeyr,Təsdiqlənib,Müştərinin gəliri və krediti təsdiqləndi
78121784,Zəhra Nəsirova,2002-12-02,,Magistr,Tələbə,100,Təhsil krediti,1989 manat,əsas vəsaitlərin alınması - Biznes krediti,13.94,278.0,0,,Xeyr,Rədd edilib,Aşağı kredit reytinqi
15662578,Uğur Sultanov,07/11/1981,Kişi,Bakalavr,İşləyən,3219,Nağd istehlak krediti,17437,tibbi xərclər,22.2,477.0,1,Bəli,Xeyr,Rədd edilib,Aşağı kredit reytinqi
58271171,Aylin Babayeva,11-28-82,qadin,Magistr,İşləyən,3843,Nağd istehlak krediti,3566,tibbi xərclər,15.62,511.0,3,Xeyr,Xeyr,Təsdiqlənib,Bütün sənədlər qaydasındadır
15571175,Aysel Əliyeva,1986-05-19,,Bakalavr tehsili,Sahibkar,5366,Mikro kredit,59726,əsas vəsaitlərin alınması - Biznes krediti,20.17,1045.0,5,Xeyr,Xeyr,Təsdiqlənib,Bütün sənədlər qaydasındadır
49796636,Hüseyn Rzayev,27/07/2005,Kişi,Bakalavr,Tələbə,238,Təhsil krediti,2039,Biznes krediti,18.69,522.0,0,,Xeyr,Təsdiqlənib,Müştərinin gəliri və krediti təsdiqləndi
54235967,Yusif Nəsirov,2001-12-09, kişi ,Magistr,İşləyən,2114,Avtomobil krediti,31186,məişət avadanlığı alışı,22.33,995.0,4,Bəli,Xeyr,Təsdiqlənib,Müştərinin gəliri və krediti təsdiqləndi
66638607,şəbnəm sultanova,14/10/2006,,Bakalavr,Tələbə,205,Təhsil krediti,633,dövriyyə vəsaitlərinin artırılması - Biznes krediti,12.4,314.0,0,,Xeyr,Rədd edilib,Aşağı kredit reytinqi
41799978,Orxan Nəsirov,12-23-61,K,Orta məktəb,İşsiz,360,Nağd istehlak krediti,796,toy xərcləri,22.14,381.0,2,Bəli,Bəli,Rədd edilib,'Qara siyahı'da olmaq
34786908,Nihat Quliyev,1971-01-31,,Magistr,İşləyən,1531,Nağd istehlak krediti,6553,tibbi xərclər,22.33,1029.0,1,Xeyr,Xeyr,Təsdiqlənib,Müştərinin gəliri və krediti təsdiqləndi
89835553,Tağıyev Orxan,05-27-91,,Bakalavr tehsili,Sahibkar,7963,Mikro kredit,37405,dövriyyə vəsaitlərinin artırılması - Biznes krediti,18.59,1292.0,7,Bəli,Xeyr,Təsdiqlənib,Müştərinin gəliri və krediti təsdiqləndi
35313032,Ramin Rəhimov,1995-01-29, kişi ,Magistr,İşləyən,2019,Nağd istehlak krediti,16184,məişət avadanlığı alışı,15.94,1503.0,0,,Bəli,Rədd edilib,'Qara siyahı'da olmaq | Yoxlayıcı_ID: 184
71657009,Nərmin Məmmədova,07-25-83,Q,Bakalavr,İşləyən,1992,Nağd istehlak krediti,1224,şəxsi istehlak məqsədi,23.02,886.0,4,Bəli,Xeyr,Təsdiqlənib,Bütün sənədlər qaydasındadır | Yoxlayıcı_ID: 573
93626415,Aylin Əliyeva,05-10-75,,Magistr,İşləyən,2800,Nağd istehlak krediti,16252,təmir,12.04,411.0,0,,Xeyr,Rədd edilib,Aşağı kredit reytinqi
47660741,Orxan İsmayılov,1978-04-19, kişi ,Bakalavr,İşləyən,3153,Avtomobil krediti,16943,şəxsi istehlak məqsədi,12.48,1057.0,4,Xeyr,Xeyr,Təsdiqlənib,Müştərinin gəliri və krediti təsdiqləndi | Yoxlayıcı_ID: 990
66014530,Kamal Tağıyev,23/04/1978,,Bakalavr tehsili,Sahibkar,9537,Mikro kredit,65782,Biznes krediti,13.43,1756.0,5,Xeyr,Xeyr,Təsdiqlənib,Müştərinin gəliri və krediti təsdiqləndi
38078364,Məryəm Nəsirova,08-07-06,,Bakalavr,Tələbə,227,Təhsil krediti,1505,əsas vəsaitlərin alınması - Biznes krediti,22.49,697.0,0,,Xeyr,Təsdiqlənib,Müştərinin gəliri və krediti təsdiqləndi
26495567,Zəhra Nəsirova,07-24-06,Q,Magistr,Tələbə,136,Təhsil krediti,1942 AZN,Biznes krediti,12.73,458.0,0,,Xeyr,Rədd edilib,Aşağı kredit reytinqi
24346962,Şəbnəm Vəliyeva,29/12/1968,Qadın,Bakalavr,Sahibkar,9635,Mikro kredit,35177,Biznes krediti,23.02,974.0,4,Bəli,Xeyr,Təsdiqlənib,Müştərinin gəliri və krediti təsdiqləndi
64775582,Fərid Rüstəmov,1993-05-19,,Bakalavr tehsili,Sahibkar,2502,Mikro kredit,13223 manat,dövriyyə vəsaitlərinin artırılması - Biznes krediti,18.57,,3,Xeyr,Xeyr,Təsdiqlənib,Bütün sənədlər qaydasındadır
73328070,aydan əliyeva,17/05/1987,qadin,Bakalavr tehsili,İşləyən,1873,Nağd istehlak krediti,11758,məişət avadanlığı alışı,21.63,1348.0,0,,Xeyr,Təsdiqlənib,Müştərinin gəliri və krediti təsdiqləndi
12260635,Günel Babayeva,04-26-93,qadin,Bakalavr,Sahibkar,8017,Mikro kredit,27147 AZN,Biznes krediti,10.95,1774.0,3,Xeyr,Xeyr,Təsdiqlənib,Bütün sənədlər qaydasındadır | Yoxlayıcı_ID: 962
69563559,Səbinə Quliyeva,1967-03-08,,Orta məktəb,İşsiz,151,Nağd istehlak krediti,672,toy xərcləri,19.36,377.0,1,Bəli,Xeyr,Rədd edilib,Aşağı kredit reytinqi
44168757,Fatimə Əhmədova,01-21-76,qadin,Orta məktəb,İşsiz,400,Nağd istehlak krediti,723,məişət avadanlığı alışı,13.38,432.0,1,Xeyr,Xeyr,Rədd edilib,Aşağı kredit reytinqi | Yoxlayıcı_ID: 759
45527737,Fatimə Məmmədova,22/04/1966,Q,Orta məktəb,İşsiz,76,Nağd istehlak krediti,651,təmir,19.8,,1,Bəli,Xeyr,Rədd edilib,Aşağı kredit reytinqi
19831263,Emin Məmmədov,1979-10-09,,Magistr,İşləyən,3467,Avtomobil krediti,12543,toy xərcləri,21.43,868.0,4,Bəli,Bəli,Rədd edilib,'Qara siyahı'da olmaq
84361507,Günel Rzayeva,01-01-79,,Bakalavr,İşləyən,1378,Nağd istehlak krediti,1964,şəxsi istehlak məqsədi,15.36,775.0,3,Xeyr,Xeyr,Təsdiqlənib,Müştərinin gəliri və krediti təsdiqləndi | Yoxlayıcı_ID: 368
37906068,Aylin Əhmədova,1991-06-12,Qadın,Bakalavr,İşləyən,2932,Nağd istehlak krediti,1750,toy xərcləri,23.99,1176.0,1,Xeyr,Xeyr,Təsdiqlənib,Bütün sənədlər qaydasındadır
36350818,Fidan Rüstəmova,04-05-04,Q,Bakalavr,Tələbə,119 manat,Təhsil krediti,2420,dövriyyə vəsaitlərinin artırılması - Biznes krediti,19.11,240.0,0,,Xeyr,Rədd edilib,Aşağı kredit reytinqi
76597158,Ayan İbrahimova,01/06/2007,qadin,Magistr,Tələbə,285,Təhsil krediti,1290,Biznes krediti,20.95,270.0,0,,Xeyr,Rədd edilib,Aşağı kredit reytinqi
40570891,sevinc vəliyeva,05-13-04,,Magistr,Tələbə,131 AZN,Təhsil krediti,1694,əsas vəsaitlərin alınması - Biznes krediti,18.78,226.0,0,,Xeyr,Rədd edilib,Aşağı kredit reytinqi
34473279,Ramin Məmmədov,1991-09-20,,Magistr,İşləyən,"1,329",Nağd istehlak krediti,8005,tibbi xərclər,13.4,987.0,0,,Xeyr,Təsdiqlənib,Bütün sənədlər qaydasındadır
65084694,rəna rzayeva,03-05-03,,Bakalavr,Tələbə,144,Təhsil krediti,1435,Biznes krediti,13.14,335.0,0,,Xeyr,Rədd edilib,Aşağı kredit reytinqi
53738380,Murad Hüseynov,01-16-06, kişi ,Magistr,Tələbə,227,Təhsil krediti,2469,əsas vəsaitlərin alınması - Biznes krediti,11.37,593.0,1,Bəli,Xeyr,Təsdiqlənib,Bütün sənədlər qaydasındadır
13426054,Səbinə İbrahimova,09/01/1980,Q,Bakalavr,İşləyən,3460,Nağd istehlak krediti,15923,toy xərcləri,17.36,1228.0,1,Xeyr,Xeyr,Təsdiqlənib,Bütün sənədlər qaydasındadır
89391419,Fərid Hüseynov,03-19-88,,Magistr,İşləyən,1557,Avtomobil krediti,9032,məişət avadanlığı alışı,14.06,1252.0,1,Xeyr,Bəli,Rədd edilib,'Qara siyahı'da olmaq | Yoxlayıcı_ID: 794
40004789, Günel Hüseynova ,08-11-94,Q,Bakalavr tehsili,İşləyən,3831,Nağd istehlak krediti,16207,məişət avadanlığı alışı,11.69,422.0,3,Xeyr,Xeyr,Rədd edilib,Aşağı kredit reytinqi
19100707,Sahil Əhmədov,12/03/1999,K,Magistr,İşləyən,3721,Avtomobil krediti,39610,toy xərcləri,15.12,1095.0,2,Bəli,Xeyr,Təsdiqlənib,Müştərinin gəliri və krediti təsdiqləndi | Yoxlayıcı_ID: 847
46932994,Nigar Tağıyeva,02-11-04,,Bakalavr,Tələbə,262,Təhsil krediti,1798,Biznes krediti,22.39,514.0,0,,Xeyr,Təsdiqlənib,Bütün sənədlər qaydasındadır
65793518,Rəna Rüstəmova,04-15-92,Qadın,Bakalavr tehsili,İşləyən,2367,Nağd istehlak krediti,11328,təmir,16.82,1291.0,0,,Xeyr,Təsdiqlənib,Müştərinin gəliri və krediti təsdiqləndi
17641676,Tağıyev Emin,04-12-00, kişi ,Bakalavr,İşləyən,2070,Nağd istehlak krediti,3791,məişət avadanlığı alışı,11.57,1556.0,0,,Xeyr,Təsdiqlənib,Müştərinin gəliri və krediti təsdiqləndi
29203891,Şəbnəm Cəfərova,04-11-74,Qadın,Bakalavr tehsili,İşləyən,3431,Avtomobil krediti,36915,şəxsi istehlak məqsədi,22.47,624.0,0,,Xeyr,Təsdiqlənib,Müştərinin gəliri və krediti təsdiqləndi
57551756,Ayan Sultanova,05-17-97,Qadın,Bakalvar,İşləyən,2672,Avtomobil krediti,29802,təmir,17.32,765.0,0,,Xeyr,Təsdiqlənib,Bankın kredit şərtlərinə uyğun deyil
49665687,Murad Rzayev,10-10-76,K,Orta məktəb,İşsiz,182,Nağd istehlak krediti,980,təmir,24.22,434.0,0,,Bəli,Rədd edilib,'Qara siyahı'da olmaq
90594189,Lalə Sultanova,1972-09-23,,Bakalavr tehsili,İşləyən,3101,Avtomobil krediti,14175,təmir,14.67,458.0,4,Xeyr,Xeyr,Rədd edilib,Aşağı kredit reytinqi
55970950,Nigar Tağıyeva,21/02/1988,Q,Magistr,İşləyən,3985,Nağd istehlak krediti,4912,toy xərcləri,21.07,1182.0,1,Xeyr,Xeyr,Təsdiqlənib,Bütün sənədlər qaydasındadır
53401070,Sahil Nəsirov,14/05/1969,K,Bakalavr,Sahibkar,5497,Mikro kredit,84388,Biznes krediti,24.74,1688.0,7,Xeyr,Xeyr,Təsdiqlənib,Müştərinin gəliri və krediti təsdiqləndi | Yoxlayıcı_ID: 201
98379683,Məhəmməd Babayev,1990-08-25,K,Magistr,İşləyən,1145,Nağd istehlak krediti,9486,təmir,16.91,1091.0,2,Xeyr,Xeyr,Təsdiqlənib,Müştərinin gəliri və krediti təsdiqləndi
68079859,Nərmin İbrahimova,07-14-71,qadin,Orta məktəb,İşsiz,388,Nağd istehlak krediti,402,tibbi xərclər,17.68,245.0,2,Bəli,Xeyr,Rədd edilib,Aşağı kredit reytinqi
52575627,Şəbnəm Səfərova,05/08/1976,qadin,Bakalavr tehsili,İşləyən,2045 manat,Nağd istehlak krediti,1797,şəxsi istehlak məqsədi,20.16,1255.0,4,Xeyr,Xeyr,Təsdiqlənib,Bütün sənədlər qaydasındadır
21905160,Səfərova Fatimə,01/03/1993,Qadın,Bakalavr tehsili,İşləyən,2394,Nağd istehlak krediti,7928,toy xərcləri,11.77,856.0,4,Bəli,Xeyr,Təsdiqlənib,Müştərinin gəliri və krediti təsdiqləndi
58347239,Zəhra Babayeva,06/05/2004,,Bakalavr,Tələbə,100,Təhsil krediti,2509,Biznes krediti,12.78,346.0,0,,Xeyr,Rədd edilib,Aşağı kredit reytinqi
85724921,Ramin İbrahimov,1987-11-12,,Magistr,İşləyən,1302,Nağd istehlak krediti,993,məişət avadanlığı alışı,24.54,1262.0,4,Xeyr,Xeyr,Təsdiqlənib,Bütün sənədlər qaydasındadır
23672545,Fidan Cavadova,1989-06-13,Qadın,Bakalavr tehsili,İşləyən,1871,Nağd istehlak krediti,960,toy xərcləri,18.31,1335.0,3,Xeyr,Xeyr,Təsdiqlənib,Müştərinin gəliri və krediti təsdiqləndi
74530438,Şəbnəm Babayeva,02/03/2001,Q,Bakalavr,İşləyən,3547,Nağd istehlak krediti,18677,məişət avadanlığı alışı,20.01,728.0,1,Xeyr,Xeyr,Təsdiqlənib,Bütün sənədlər qaydasındadır | Yoxlayıcı_ID: 548
75827607,Şəbnəm Səfərova,13/02/1974,qadin,Bakalavr,İşləyən,2096 AZN,Nağd istehlak krediti,16966,məişət avadanlığı alışı,23.18,948.0,0,,Xeyr,Təsdiqlənib,Gəlir çatışmazlığı
83383697,Aysel Abdullayeva,1982-11-19,,Bakalavr,İşləyən,1940,Nağd istehlak krediti,14616,məişət avadanlığı alışı,12.85,1160.0,1,Xeyr,Xeyr,Təsdiqlənib,Bütün sənədlər qaydasındadır
40975486,Fatimə Qasımova,03-01-94,qadin,Bakalavr tehsili,İşləyən,3948,Nağd istehlak krediti,16192,toy xərcləri,14.81,997.0,3,Bəli,Xeyr,Təsdiqlənib,Müştərinin gəliri və krediti təsdiqləndi
43006495,Uğur Əhmədov,1982-06-08,,Bakalavr tehsili,İşləyən,1799,Nağd istehlak krediti,9575,şəxsi istehlak məqsədi,17.27,1293.0,1,Xeyr,Xeyr,Təsdiqlənib,Bütün sənədlər qaydasındadır | Yoxlayıcı_ID: 614
26289156,Rəşad İbrahimov,20/09/2007,K,Bakalavr,Tələbə,,Təhsil krediti,2665,əsas vəsaitlərin alınması - Biznes krediti,17.68,378.0,1,Bəli,Xeyr,Rədd edilib,Aşağı kredit reytinqi | Yoxlayıcı_ID: 461
23461509,Əhmədov Anar,08-29-82,,Bakalavr,İşləyən,2440,Nağd istehlak krediti,1721,şəxsi istehlak məqsədi,15.47,1422.0,1,Bəli,Xeyr,Təsdiqlənib,Bütün sənədlər qaydasındadır
19944445,Şəbnəm Vəliyeva,12-13-98,Qadın,Bakalavr,İşləyən,3663,Nağd istehlak krediti,18114,şəxsi istehlak məqsədi,13.7,,2,Xeyr,Xeyr,Təsdiqlənib,Bütün sənədlər qaydasındadır
28545984,Elvin Səfərov,04-17-95, kişi ,Bakalvar tehsili,Sahibkar,6471,Mikro kredit,37006,Biznes krediti,16.47,880.0,6,Xeyr,Xeyr,Təsdiqlənib,Bütün sənədlər qaydasındadır
83070400,Səbinə Rəhimova,1990-04-26,Q,Bakalavr,İşləyən,3534,Nağd istehlak krediti,3843,tibbi xərclər,16.77,1564.0,3,Xeyr,Xeyr,Təsdiqlənib,Bütün sənədlər qaydasındadır | Yoxlayıcı_ID: 750
40112695,Zəhra Abdullayeva,1979-01-02,Qadın,Bakalvar,İşləyən,2855,Avtomobil krediti,12328,təmir,11.78,556.0,0,,Xeyr,Təsdiqlənib,Bütün sənədlər qaydasındadır
32720549,Kəmalə Səfərova,12-30-98,qadin,Magistr,İşləyən,3784,Nağd istehlak krediti,3905,toy xərcləri,23.68,1101.0,0,,Xeyr,Təsdiqlənib,Müştərinin gəliri və krediti təsdiqləndi
86321806,Ramin Əliyev,2006-04-12,K,Magistr,Tələbə,272,Təhsil krediti,2634,dövriyyə vəsaitlərinin artırılması - Biznes krediti,18.26,728.0,0,,Xeyr,Təsdiqlənib,Müştərinin gəliri və krediti təsdiqləndi
40790739, Aylin Rüstəmova ,05-06-72,,Bakalavr,İşləyən,1106,Nağd istehlak krediti,15205,tibbi xərclər,17.49,1466.0,1,Bəli,Xeyr,Təsdiqlənib,Bütün sənədlər qaydasındadır
83882966,Kəmalə Əhmədova,07-27-96,qadin,Orta məktəb,İşsiz,15,Nağd istehlak krediti,506,tibbi xərclər,18.95,497.0,0,,Bəli,Rədd edilib,'Qara siyahı'da olmaq | Yoxlayıcı_ID: 581
94977928, Rauf Əhmədov ,1982-02-27,K,Bakalavr tehsili,Sahibkar,7772,Mikro kredit,99751,Biznes krediti,15.95,1357.0,7,Xeyr,Xeyr,Təsdiqlənib,Bütün sənədlər qaydasındadır
69500640,Fatimə Nəsirova,1986-04-05,Q,Bakalavr tehsili,İşləyən,1450,Nağd istehlak krediti,13118,tibbi xərclər,19.36,1098.0,2,Bəli,Xeyr,Təsdiqlənib,Müştərinin gəliri və krediti təsdiqləndi
55924388,Nərmin Tağıyeva,2005-12-01,Q,Bakalavr,Tələbə,218 AZN,Təhsil kriditi,1916,dövriyyə vəsaitlərinin artırılması - Biznes krediti,13.65,451.0,0,,Xeyr,Rədd edilib,Aşağı kredit reytinqi | Yoxlayıcı_ID: 192
48499778,Nigar Əliyeva,16/09/1973,Q,Orta məktəb,İşsiz,71,Nağd istehlak krediti,556,təmir,14.76,340.0,2,Bəli,Xeyr,Rədd edilib,Aşağı kredit reytinqi | Yoxlayıcı_ID: 866
44315065,Sevinc Nəsirova,1988-05-23,qadin,Bakalavr tehsili,İşləyən,2938,Nağd istehlak krediti,13499,təmir,17.02,1520.0,2,Xeyr,Xeyr,Təsdiqlənib,Müştərinin gəliri və krediti təsdiqləndi
26513216,Zeynəb Babayeva,05-29-90,qadin,Orta məktəb,İşsiz,175,Nağd istehlak krediti,928,toy xərcləri,24.05,185.0,2,Xeyr,Xeyr,Rədd edilib,Aşağı kredit reytinqi
36338053,Şəbnəm Rəhimova,1995-02-04,Q,Bakalavr tehsili,İşləyən,1500,Nağd istehlak krediti,917,tibbi xərclər,11.04,1253.0,0,,Xeyr,Təsdiqlənib,Müştərinin gəliri və krediti təsdiqləndi | Yoxlayıcı_ID: 831
33472216,Kamal Rzayev,1983-11-08,,Bakalavr tehsili,İşləyən,2105,Nağd istehlak krediti,4575,tibbi xərclər,13.28,1429.0,2,Bəli,Xeyr,Təsdiqlənib,Bütün sənədlər qaydasındadır
41723294, Hüseyn Rüstəmov ,1984-03-30,,Magistr,İşləyən,2633,Nağd istehlak krediti,6883,şəxsi istehlak məqsədi,24.22,1486.0,4,Xeyr,Xeyr,Təsdiqlənib,Müştərinin gəliri və krediti təsdiqləndi | Yoxlayıcı_ID: 971
36750929,Sevinc Səfərova,1985-12-19,qadin,Magistr,İşləyən,2735,Avtomobil krediti,11455,məişət avadanlığı alışı,16.65,,4,Xeyr,Xeyr,Təsdiqlənib,Bütün sənədlər qaydasındadır
48334244,Cavid Səfərov,31/12/1995,,Bakalavr tehsili,İşləyən,2970,Avtomobil krediti,17381,məişət avadanlığı alışı,16.56,634.0,0,,Xeyr,Təsdiqlənib,Müştərinin gəliri və krediti təsdiqləndi
27786810,Tural Tağıyev,1980-10-18,K,Bakalavr,İşləyən,2637,Nağd istehlak krediti,13748,tibbi xərclər,22.83,1457.0,0,,Xeyr,Təsdiqlənib,Bütün sənədlər qaydasındadır
81760634,Rauf Babayev,1994-11-25,,Bakalavr,İşləyən,2244,Nağd istehlak krediti,17931,tibbi xərclər,14.8,736.0,1,Xeyr,Xeyr,Təsdiqlənib,Bütün sənədlər qaydasındadır
88137842,Məmmədov Yusif,1971-12-14,,Bakalavr tehsili,İşləyən,1427,Nağd istehlak krediti,6405,təmir,22.59,1383.0,1,Bəli,Xeyr,Təsdiqlənib,Müştərinin gəliri və krediti təsdiqləndi
26714620,Uğur Rəhimov,1979-10-26,Kişi,Bakalavr,İşləyən,"1,237",Nağd istehlak krediti,7327,toy xərcləri,15.6,1552.0,3,Bəli,Xeyr,Təsdiqlənib,Bütün sənədlər qaydasındadır
91767699,Aylin Vəliyeva,2007-05-26,,Bakalavr,Tələbə,147,Təhsil krediti,764,əsas vəsaitlərin alınması - Biznes krediti,11.33,204.0,0,,Xeyr,Rədd edilib,Aşağı kredit reytinqi
11156725,Zeynəb Əliyeva,07-03-62,,Orta məktəb,İşsiz,362,Nağd istehlak krediti,436,təmir,17.1,,1,Bəli,Xeyr,Rədd edilib,Aşağı kredit reytinqi | Yoxlayıcı_ID: 659
29464831,Tural Vəliyev,25/12/2003,K,Bakalavr,Tələbə,438134,Təhsil krediti,2152,əsas vəsaitlərin alınması - Biznes krediti,12.33,738.0,1,Xeyr,Xeyr,Təsdiqlənib,Müştərinin gəliri və krediti təsdiqləndi
50586379,Fərid Əliyev,1980-08-23,K,Magistr,İşləyən,2481,Nağd istehlak krediti,19651,toy xərcləri,13.94,1548.0,3,Xeyr,Xeyr,Təsdiqlənib,Bütün sənədlər qaydasındadır | Yoxlayıcı_ID: 303
77365835,Nihat Məmmədov,05/02/2005, kişi ,Magistr,Tələbə,141,Təhsil krediti,2509,əsas vəsaitlərin alınması - Biznes krediti,13.98,326.0,0,,Xeyr,Təsdiqlənib,Aşağı kredit reytinqi
45344633,Uğur Vəliyev,1987-01-18,,Orta məktəb,İşsiz,261,Nağd istehlak krediti,638,təmir,20.04,513.0,2,Bəli,Bəli,Rədd edilib,'Qara siyahı'da olmaq | Yoxlayıcı_ID: 711
66957273,Nigar Vəliyeva,06-27-93,Q,Bakalavr,İşləyən,,Nağd istehlak krediti,1332,şəxsi istehlak məqsədi,21.5,1086.0,3,Xeyr,Xeyr,Təsdiqlənib,Müştərinin gəliri və krediti təsdiqləndi
29043171,rauf əliyev,2000-06-15,Kişi,Magistr,İşləyən,1875,Avtomobil krediti,"8,825",şəxsi istehlak məqsədi,18.74,1180.0,0,,Xeyr,Təsdiqlənib,Bütün sənədlər qaydasındadır | Yoxlayıcı_ID: 442
47947320,Əli Vəliyev,04-23-05, kişi ,Magistr,Tələbə,106,Təhsil krediti,2098,Biznes krediti,22.76,449.0,0,,Xeyr,Rədd edilib,Aşağı kredit reytinqi
83501062,Murad Cəfərov,09-09-90,Kişi,Bakalavr tehsili,İşləyən,2265,Nağd istehlak krediti,16826,tibbi xərclər,14.11,1326.0,1,Bəli,Xeyr,Təsdiqlənib,Müştərinin gəliri və krediti təsdiqləndi
46570131,Fidan İsmayılova,1989-02-08,qadin,Orta məktəb,İşsiz,234,Nağd istehlak krediti,768,məişət avadanlığı alışı,16.67,331.0,0,,Xeyr,Rədd edilib,Aşağı kredit reytinqi
47843797,Əli Əliyev,29/12/2003, kişi ,Magistr,Tələbə,235,Təhsil krediti,890 manat,Biznes krediti,11.8,418.0,0,,Xeyr,Rədd edilib,Aşağı kredit reytinqi
81340717,Günel Qasımova,11/08/2006,Qadın,Magistr,Tələbə,186,Təhsil krediti,1210,əsas vəsaitlərin alınması - Biznes krediti,17.6,708.0,1,Bəli,Xeyr,Təsdiqlənib,Müştərinin gəliri və krediti təsdiqləndi
75268539,Kamal Babayev,05-11-94,Kişi,Magistr,İşləyən,1553,Nağd istehlak krediti,2850,tibbi xərclər,16.95,1395.0,2,Xeyr,Xeyr,Təsdiqlənib,Müştərinin gəliri və krediti təsdiqləndi | Yoxlayıcı_ID: 836
79796417,Samir Abdullayev,1963-05-26, kişi ,Orta məktəb,İşsiz,266,Nağd istehlak krediti,746,tibbi xərclər,20.55,371.0,1,Xeyr,Xeyr,Rədd edilib,Aşağı kredit reytinqi
17367846,Orxan Əhmədov,1974-05-16,K,Bakalavr tehsili,Sahibkar,4915,Mikro kredit,33324,dövriyyə vəsaitlərinin artırılması - Biznes krediti,11.41,1542.0,2,Xeyr,Xeyr,Təsdiqlənib,Müştərinin gəliri və krediti təsdiqləndi
60878692,Rauf Nəsirov,05-13-82,K,Bakalavr,İşləyən,3033 manat,Nağd istehlak krediti,3500,məişət avadanlığı alışı,20.26,491.0,3,Bəli,Xeyr,Rədd edilib,Aşağı kredit reytinqi | Yoxlayıcı_ID: 284
87365959,Anar Cavadov,11-17-82, kişi ,Orta məktəb,İşsiz,267,Nağd istehlak krediti,449,təmir,22.18,484.0,0,,Xeyr,Rədd edilib,Aşağı kredit reytinqi | Yoxlayıcı_ID: 413
59132142,Cavid Cəfərov,03-26-96,,Orta məktəb,İşsiz,247,Nağd istehlak krediti,761,toy xərcləri,20.43,563.0,0,,Xeyr,Təsdiqlənib,Müştərinin gəliri və krediti təsdiqləndi | Yoxlayıcı_ID: 252
71229607,Anar Cəfərov,07-12-76, kişi ,Bakalavr,İşləyən,1570,Nağd istehlak krediti,13442,təmir,20.19,1168.0,1,Xeyr,Xeyr,Təsdiqlənib,Müştərinin gəliri və krediti təsdiqləndi
55875443,Səbinə Əliyeva,1980-08-17,,Magistr,Sahibkar,4909,Mikro kredit,94942,dövriyyə vəsaitlərinin artırılması - Biznes krediti,22.84,850.0,3,Xeyr,Xeyr,Təsdiqlənib,Bütün sənədlər qaydasındadır
15873259,Zülfiyyə Rüstəmova,02-29-88,qadin,Orta məktəb,İşsiz,27,Nağd istehlak krediti,409,tibbi xərclər,21.86,565.0,2,Bəli,Xeyr,Təsdiqlənib,Bütün sənədlər qaydasındadır | Yoxlayıcı_ID: 264
63685364,Sahil Quliyev,2006-12-24,Kişi,Bakalavr,Tələbə,140,Təhsil krediti,2437,dövriyyə vəsaitlərinin artırılması - Biznes krediti,22.55,513.0,0,,Xeyr,Təsdiqlənib,Bütün sənədlər qaydasındadır
84944148,Sevinc Sultanova,1988-08-29,Q,Bakalavr tehsili,İşləyən,2389,Nağd istehlak krediti,3801,tibbi xərclər,15.14,1462.0,0,,Bəli,Rədd edilib,'Qara siyahı'da olmaq
99302203,Ramin Babayev,07/06/2004,,Magistr,Tələbə,150,Təhsil krediti,2380,dövriyyə vəsaitlərinin artırılması - Biznes krediti,22.06,275.0,0,,Xeyr,Rədd edilib,Aşağı kredit reytinqi
82117356,Rəşad Babayev,15/12/1967,,Magistr,Sahibkar,8681,Mikro kredit,17585,Biznes krediti,12.8,1690.0,5,Bəli,Xeyr,Təsdiqlənib,Müştərinin gəliri və krediti təsdiqləndi | Yoxlayıcı_ID: 614
38894816,Sahil Cavadov,01-24-77, kişi ,Bakalavr,Sahibkar,5616,Mikro kredit,58253,əsas vəsaitlərin alınması - Biznes krediti,21.9,1372.0,7,Xeyr,Xeyr,Təsdiqlənib,Bütün sənədlər qaydasındadır
44769203,Aydan Tağıyeva,11/02/1977,Qadın,Bakalavr,İşləyən,1735,Nağd istehlak krediti,18875,şəxsi istehlak məqsədi,16.48,1188.0,0,,Xeyr,Təsdiqlənib,Bütün sənədlər qaydasındadır
54182502,Rəşad Nəsirov,23/09/2007,Kişi,Bakalavr,Tələbə,284 manat,Təhsil krediti,1449,dövriyyə vəsaitlərinin artırılması - Biznes krediti,13.9,343.0,0,,Xeyr,Təsdiqlənib,Aşağı kredit reytinqi
75417447,Yusif Nəsirov,14/03/2004,K,Magistr,Tələbə,167,Təhsil krediti,547,Biznes krediti,12.84,693.0,0,,Xeyr,Təsdiqlənib,Müştərinin gəliri və krediti təsdiqləndi
82380425,Əli Əliyev,2003-03-01, kişi ,Magistr,Tələbə,108,Təhsil krediti,2620,dövriyyə vəsaitlərinin artırılması - Biznes krediti,15.9,278.0,0,,Xeyr,Rədd edilib,Aşağı kredit reytinqi
23844550,Aydan Tağıyeva,2004-09-26,qadin,Bakalvar,Tələbə,166,Təhsil krediti,647,dövriyyə vəsaitlərinin artırılması - Biznes krediti,14.43,458.0,1,Bəli,Xeyr,Rədd edilib,Aşağı kredit reytinqi
96310941,aylin quliyeva,1981-01-24,,Bakalavr tehsili,İşləyən,1236,Nağd istehlak krediti,2460 AZN,şəxsi istehlak məqsədi,18.35,586.0,0,,Xeyr,Təsdiqlənib,Müştərinin gəliri və krediti təsdiqləndi
46842294,Kəmalə Məmmədova,02-26-06,,Magistr,Tələbə,266,Təhsil krediti,999,dövriyyə vəsaitlərinin artırılması - Biznes krediti,19.76,684.0,0,,Xeyr,Təsdiqlənib,Bütün sənədlər qaydasındadır
26221362,Məryəm Səfərova,1977-07-21,Qadın,Magistr,İşləyən,2984,Avtomobil krediti,8092,tibbi xərclər,15.15,1357.0,2,Bəli,Xeyr,Təsdiqlənib,Müştərinin gəliri və krediti təsdiqləndi | Yoxlayıcı_ID: 576
77104212, Aylin Rüstəmova ,2000-10-20,qadin,Orta məktəb,İşsiz,204,Nağd istehlak krediti,956,toy xərcləri,13.36,333.0,2,Bəli,Xeyr,Rədd edilib,Aşağı kredit reytinqi
98867125,Zülfiyyə Cavadova,1992-02-19,,Orta məktəb,İşsiz,54,Nağd istehlak krediti,725,şəxsi istehlak məqsədi,23.05,118.0,0,,Xeyr,Rədd edilib,Aşağı kredit reytinqi
85926657,Məhəmməd Rzayev,1990-05-25,K,Bakalavr tehsili,İşləyən,3981,Nağd istehlak krediti,639,tibbi xərclər,17.09,878.0,2,Xeyr,Bəli,Rədd edilib,'Qara siyahı'da olmaq | Yoxlayıcı_ID: 385
52284832,Səbinə Qasımova,02/01/2007,Q,Magistr,Tələbə,124,Təhsil krediti,1980,dövriyyə vəsaitlərinin artırılması - Biznes krediti,13.19,327.0,0,,Xeyr,Rədd edilib,Aşağı kredit reytinqi
96852377,Rəna İsmayılova,2005-07-07,qadin,Magistr,Tələbə,106,Təhsil krediti,981,əsas vəsaitlərin alınması - Biznes krediti,21.74,519.0,0,,Xeyr,Təsdiqlənib,Müştərinin gəliri və krediti təsdiqləndi | Yoxlayıcı_ID: 342
17130283,Murad Abdullayev,1975-08-23,Kişi,Magistr,İşləyən,3902,Nağd istehlak krediti,6888 AZN,tibbi xərclər,12.17,618.0,2,Bəli,Xeyr,Təsdiqlənib,Səhv və ya natamam müraciət
40300202, Məryəm Cəfərova ,17/03/1997,,Orta məktəb,İşsiz,331,Nağd istehlak krediti,996,toy xərcləri,13.49,380.0,0,,Xeyr,Rədd edilib,Aşağı kredit reytinqi
46503324,Kamal Cəfərov,10-13-84,,Magistr,İşləyən,3312,Avtomobil krediti,24788,məişət avadanlığı alışı,24.3,1568.0,0,,Xeyr,Təsdiqlənib,Bütün sənədlər qaydasındadır
65058099,Rəşad Əliyev,2003-07-08,Kişi,Bakalavr tehsili,Tələbə,116,Təhsil krediti,1026,Biznes krediti,11.79,784.0,0,,Xeyr,Təsdiqlənib,Müştərinin gəliri və krediti təsdiqləndi
65139155,Kamal Rüstəmov,2003-09-07,Kişi,Bakalavr,Tələbə,252,Təhsil krediti,2295,Biznes krediti,19.11,648.0,0,,Xeyr,Təsdiqlənib,Bütün sənədlər qaydasındadır | Yoxlayıcı_ID: 827
74691491,Emin Abdullayev,08-23-04, kişi ,Bakalavr tehsili,Tələbə,195,Təhsil krediti,1134,əsas vəsaitlərin alınması - Biznes krediti,24.26,231.0,1,Bəli,Xeyr,Rədd edilib,Aşağı kredit reytinqi
91406634,Aysel Hüseynova,03-17-84,Q,Magistr,İşləyən,3127,Nağd istehlak krediti,16230,toy xərcləri,16.1,1424.0,2,Xeyr,Xeyr,Təsdiqlənib,Bütün sənədlər qaydasındadır | Yoxlayıcı_ID: 840
69818976,Nigar Rüstəmova,25/11/1978,Qadın,Bakalavr,İşləyən,1344,Nağd istehlak krediti,921,şəxsi istehlak məqsədi,20.33,651.0,1,Xeyr,Xeyr,Təsdiqlənib,'Qara siyahı'da olmaq
11053873,Kəmalə Qasımova,2006-06-11,qadin,Bakalavr tehsili,Tələbə,233,Təhsil krediti,886,dövriyyə vəsaitlərinin artırılması - Biznes krediti,21.31,636.0,0,,Xeyr,Təsdiqlənib,Bütün sənədlər qaydasındadır
85813870,Fatimə Rəhimova,21/08/1971,qadin,Bakalavr tehsili,İşləyən,1917,Nağd istehlak krediti,7418,təmir,22.2,1084.0,0,Bəli,Xeyr,Təsdiqlənib,Bütün sənədlər qaydasındadır | Yoxlayıcı_ID: 699
26264209,Aysel Əliyeva,1974-11-03,,Magistr,Sahibkar,5689,Mikro kredit,50916,əsas vəsaitlərin alınması - Biznes krediti,21.12,819.0,6,Xeyr,Xeyr,Təsdiqlənib,Müştərinin gəliri və krediti təsdiqləndi
98510847,Samir Əhmədov,10/11/1977,,Magistr,İşləyən,3700,Nağd istehlak krediti,5087,toy xərcləri,24.62,725.0,1,Xeyr,Xeyr,Təsdiqlənib,Müştərinin gəliri və krediti təsdiqləndi
58398772,Zəhra Cəfərova,2007-07-09,Qadın,Bakalavr,Tələbə,295,Təhsil krediti,1317,dövriyyə vəsaitlərinin artırılması - Biznes krediti,14.6,628.0,0,,Xeyr,Təsdiqlənib,Müştərinin gəliri və krediti təsdiqləndi
68437093,Fidan Nəsirova,2007-08-26,,Bakalavr,Tələbə,149,Təhsil krediti,1098,Biznes krediti,17.82,377.0,0,,Xeyr,Rədd edilib,Aşağı kredit reytinqi
36336560,Rəhimova Aysel,1977-01-08,Qadın,Bakalavr tehsili,İşləyən,1278,Nağd istehlak krediti,19816,tibbi xərclər,24.11,412.0,0,,Bəli,Rədd edilib,'Qara siyahı'da olmaq | Yoxlayıcı_ID: 361
88788592,Zülfiyyə Quliyeva,1982-10-15,,Magistr,Sahibkar,4759,Mikro kredit,19031,Biznes krediti,13.84,1302.0,6,Xeyr,Xeyr,Təsdiqlənib,Müştərinin gəliri və krediti təsdiqləndi
37906068,Günel Səfərova,10/03/1975,Q,Bakalavr,İşləyən,2680,Nağd istehlak krediti,3926,məişət avadanlığı alışı,12.57,1212.0,0,,Xeyr,Təsdiqlənib,Bütün sənədlər qaydasındadır
95441539,Nigar İsmayılova,1971-07-22,qadin,Bakalavr tehsili,Sahibkar,7783,Mikro kredit,6145,Biznes krediti,14.81,1519.0,4,Xeyr,Xeyr,Təsdiqlənib,Müştərinin gəliri və krediti təsdiqləndi
60109150,Murad Sultanov,08-04-87, kişi ,Orta məktəb,İşsiz,396,Nağd istehlak krediti,627,şəxsi istehlak məqsədi,14.99,369.0,2,Xeyr,Xeyr,Rədd edilib,Aşağı kredit reytinqi
60615944,Lalə Əhmədova,02-22-83,,Orta məktəb,İşsiz,309,Nağd istehlak krediti,651,toy xərcləri,12.23,188.0,1,Xeyr,Xeyr,Rədd edilib,Aşağı kredit reytinqi
11647577,Rauf İsmayılov,25/05/1979,K,Orta məktəb,İşsiz,390,Nağd istehlak krediti,556,məişət avadanlığı alışı,11.64,352.0,0,,Xeyr,Rədd edilib,Aşağı kredit reytinqi
72407434,Məhəmməd Tağıyev,18/02/2003,Kişi,Magistr,Tələbə,250,Təhsil krediti,2866,Biznes krediti,12.1,,0,,Xeyr,Təsdiqlənib,Müştərinin gəliri və krediti təsdiqləndi
10849293,Nihat Məmmədov,09-07-84,Kişi,Orta məktəb,İşsiz,213,Nağd istehlak krediti,559,məişət avadanlığı alışı,20.8,175.0,1,Xeyr,Xeyr,Rədd edilib,Aşağı kredit reytinqi
46384249,Səbinə Məmmədova,02-19-04,,Magistr,Tələbə,218 AZN,Təhsil krediti,1948,əsas vəsaitlərin alınması - Biznes krediti,20.39,425.0,0,,Xeyr,Rədd edilib,Aşağı kredit reytinqi
86187696,Fərid Səfərov,11/07/1991,Kişi,Magistr,İşləyən,1477,Avtomobil krediti,23486,məişət avadanlığı alışı,24.25,,2,Bəli,Xeyr,Təsdiqlənib,Müştərinin gəliri və krediti təsdiqləndi
62553372,Rəna Məmmədova,23/04/1989,qadin,Orta məktəb,İşsiz,42,Nağd istehlak krediti,591,şəxsi istehlak məqsədi,12.08,413.0,2,Bəli,Xeyr,Rədd edilib,Aşağı kredit reytinqi
91693329,Fərid Əliyev,06-24-78,Kişi,Magistr,İşləyən,3521,Nağd istehlak krediti,9151,toy xərcləri,21.87,678.0,1,Bəli,Xeyr,Təsdiqlənib,İş stajı yetərsizdir
23344284,Murad Sultanov,03-26-84,K,Bakalavr tehsili,İşləyən,2976,Nağd istehlak krediti,4690,toy xərcləri,20.41,1269.0,1,Xeyr,Xeyr,Təsdiqlənib,Bütün sənədlər qaydasındadır
49447016,Murad Hüseynov,2006-04-22,Kişi,Bakalavr tehsili,Tələbə,270,Təhsil krediti,966,Biznes krediti,17.38,335.0,0,,Xeyr,Rədd edilib,Aşağı kredit reytinqi
26495492,Ləman Abdullayeva,12-10-98,qadin,Magistr,İşləyən,3135,Nağd istehlak krediti,18995,şəxsi istehlak məqsədi,21.37,719.0,1,Bəli,Xeyr,Təsdiqlənib,Müştərinin gəliri və krediti təsdiqləndi | Yoxlayıcı_ID: 196
91548090,Aydan İsmayılova,26/05/1997,,Bakalavr,İşləyən,3061,Nağd istehlak krediti,13266,təmir,20.34,480.0,0,,Bəli,Rədd edilib,'Qara siyahı'da olmaq
65580717,Uğur Tağıyev,1989-10-18,Kişi,Bakalavr tehsili,Sahibkar,9124,Mikro kredit,6983,əsas vəsaitlərin alınması - Biznes krediti,17.05,1021.0,7,Bəli,Xeyr,Təsdiqlənib,Bütün sənədlər qaydasındadır
50741649,Zülfiyyə Quliyeva,24/09/1999,Qadın,Bakalavr tehsili,İşləyən,1161,Nağd istehlak krediti,7151,təmir,24.95,889.0,3,Bəli,Xeyr,Təsdiqlənib,'Qara siyahı'da olmaq
24916362,Nihat Nəsirov,12-09-76,,Magistr,İşləyən,1533 manat,Avtomobil krediti,29847,tibbi xərclər,18.22,1047.0,3,Xeyr,Xeyr,Təsdiqlənib,Bütün sənədlər qaydasındadır
30971508,Elvin İsmayılov,28/05/1995,Kişi,Bakalavr,İşləyən,2793,Nağd istehlak krediti,17197,toy xərcləri,20.25,1192.0,0,,Xeyr,Təsdiqlənib,Bütün sənədlər qaydasındadır
41572536,Məryəm Cavadova,02-22-93,,Bakalavr tehsili,İşləyən,3346,Nağd istehlak krediti,3445,məişət avadanlığı alışı,19.69,1363.0,1,Xeyr,Xeyr,Təsdiqlənib,Bankın kredit şərtlərinə uyğun deyil
12271588,Lalə İsmayılova,1985-10-17,qadin,Magistr,İşləyən,1692,Nağd istehlak krediti,4542,tibbi xərclər,19.27,783.0,4,Bəli,Xeyr,Təsdiqlənib,Müştərinin gəliri və krediti təsdiqləndi | Yoxlayıcı_ID: 606
92293674,Anar Cavadov,1983-12-23,K,Bakalavr,İşləyən,2616,Avtomobil krediti,33350 AZN,təmir,17.3,730.0,1,Bəli,Xeyr,Təsdiqlənib,Müştərinin gəliri və krediti təsdiqləndi
26804387,Ayan Əliyeva,12-12-67,Qadın,Orta məktəb,İşsiz,204,Nağd istehlak krediti,495,məişət avadanlığı alışı,11.54,,1,Xeyr,Xeyr,Rədd edilib,Aşağı kredit reytinqi
59222964,nigar nəsirova,1968-09-15,,Magistr,Sahibkar,6802,Mikro kredit,43706,Biznes krediti,16.62,1452.0,3,Bəli,Xeyr,Təsdiqlənib,Bütün sənədlər qaydasındadır
65611786,Yusif Məmmədov,07/05/1985,K,Bakalavr,İşləyən,3509,Nağd istehlak krediti,5615,toy xərcləri,17.84,527.0,3,Bəli,Xeyr,Təsdiqlənib,Bankın kredit şərtlərinə uyğun deyil
82991942,Cavid Rzayev,03-18-07,Kişi,Bakalavr tehsili,Tələbə,116,Təhsil krediti,1502,Biznes krediti,16.21,248.0,0,,Xeyr,Rədd edilib,Aşağı kredit reytinqi
67617412,Zülfiyyə Quliyeva,1987-03-29,,Bakalavr tehsili,İşləyən,2175,Nağd istehlak krediti,6035,təmir,19.74,1367.0,2,Bəli,Xeyr,Təsdiqlənib,Müştərinin gəliri və krediti təsdiqləndi
27391350,Məryəm Səfərova,23/08/1976,,Bakalavr tehsili,İşləyən,3295,Avtomobil krediti,12693,tibbi xərclər,17.3,1172.0,3,Xeyr,Xeyr,Təsdiqlənib,Müştərinin gəliri və krediti təsdiqləndi | Yoxlayıcı_ID: 256
57964026,Ramin Əhmədov,06-08-90,,Bakalavr tehsili,İşləyən,2413,Nağd istehlak krediti,12714 AZN,toy xərcləri,20.34,1443.0,1,Xeyr,Bəli,Rədd edilib,'Qara siyahı'da olmaq
66235227,Orxan Rüstəmov,01-17-80, kişi ,Bakalavr,İşləyən,1911,Nağd istehlak krediti,11982 AZN,toy xərcləri,16.23,538.0,3,Bəli,Xeyr,Təsdiqlənib,Müştərinin gəliri və krediti təsdiqləndi
90939042,Elvin Qasımov,06-27-03,Kişi,Bakalavr,Tələbə,178,Təhsil krediti,1070,dövriyyə vəsaitlərinin artırılması - Biznes krediti,20.02,246.0,0,,Xeyr,Rədd edilib,Aşağı kredit reytinqi
77725892,Rəşad Nəsirov,10-30-70,Kişi,Magistr,Sahibkar,6806,Mikro kredit,88617,Biznes krediti,24.75,1131.0,3,Bəli,Xeyr,Təsdiqlənib,Bütün sənədlər qaydasındadır
48308800,Fidan İsmayılova,22/05/2003,Qadın,Bakalavr,Tələbə,191,Təhsil krediti,666,əsas vəsaitlərin alınması - Biznes krediti,19.95,688.0,0,,Xeyr,Təsdiqlənib,Müştərinin gəliri və krediti təsdiqləndi | Yoxlayıcı_ID: 835
98457789,Əli Qasımov,01-14-00,,Bakalavr,İşləyən,3720,Avtomobil krediti,32651,toy xərcləri,17.15,403.0,2,Bəli,Xeyr,Rədd edilib,Aşağı kredit reytinqi
83271766,Şəbnəm Əhmədova,07/09/1986,,Magistr,İşləyən,1448,Nağd istehlak krediti,17947,məişət avadanlığı alışı,11.88,778.0,0,,Xeyr,Təsdiqlənib,Müştərinin gəliri və krediti təsdiqləndi
97812748,Aydan Cəfərova,10-24-75,,Bakalvar,İşləyən,1574,Nağd istehlak krediti,19765,şəxsi istehlak məqsədi,13.6,982.0,2,Xeyr,Xeyr,Təsdiqlənib,Müştərinin gəliri və krediti təsdiqləndi
50545015,Zeynəb Əliyeva,1986-09-12,Qadın,Magistr,Sahibkar,2632,Mikro kredit,85977,Biznes krediti,16.07,1176.0,2,Xeyr,Xeyr,Rədd edilib,Gəlir çatışmazlığı
10032330,Samir Cəfərov,09-15-06,K,Bakalavr tehsili,Tələbə,179,Təhsil krediti,2828,Biznes krediti,11.7,797.0,0,,Xeyr,Təsdiqlənib,Müştərinin gəliri və krediti təsdiqləndi
76002523,Kəmalə Səfərova,1976-02-16,Qadın,Bakalavr tehsili,İşləyən,2249,Nağd istehlak krediti,14663,şəxsi istehlak məqsədi,12.42,653.0,2,Xeyr,Xeyr,Təsdiqlənib,Bütün sənədlər qaydasındadır
41665270,Rəşad Vəliyev,12/03/1980, kişi ,Bakalavr,Sahibkar,8519,Mikro kredit,14133,Biznes krediti,19.87,1115.0,2,Xeyr,Xeyr,Təsdiqlənib,Müştərinin gəliri və krediti təsdiqləndi
18655818,Fatimə Rüstəmova,16/03/1981,,Bakalavr tehsili,İşləyən,2534,Avtomobil krediti,9052,təmir,15.96,1407.0,0,,Xeyr,Təsdiqlənib,Bütün sənədlər qaydasındadır
19070052,Aydan Əliyeva,01-16-02,Q,Bakalavr,İşləyən,2677,Nağd istehlak krediti,5836,şəxsi istehlak məqsədi,22.34,646.0,2,Xeyr,Xeyr,Təsdiqlənib,Müştərinin gəliri və krediti təsdiqləndi
35771496,Nigar Cavadova,1981-11-20,Q,Bakalavr tehsili,Sahibkar,4782,Mikro kridit,15509,əsas vəsaitlərin alınması - Biznes krediti,13.55,968.0,4,Bəli,Xeyr,Təsdiqlənib,Bütün sənədlər qaydasındadır | Yoxlayıcı_ID: 711
93976320,Sahil Qasımov,03-30-64,K,Orta məktəb,İşsiz,304,Nağd istehlak krediti,954,təmir,20.84,189.0,1,Xeyr,Xeyr,Rədd edilib,Aşağı kredit reytinqi
92202513,Əli Rzayev,1975-03-23, kişi ,Bakalavr,Sahibkar,2752 manat,Mikro kredit,5910,əsas vəsaitlərin alınması - Biznes krediti,17.45,1062.0,6,Bəli,Xeyr,Təsdiqlənib,Bütün sənədlər qaydasındadır
57049275,Zeynəb Rəhimova,28/10/2002,qadin,Magistr,Tələbə,186,Təhsil kriditi,2673,Biznes krediti,11.96,418.0,0,,Xeyr,Rədd edilib,Aşağı kredit reytinqi | Yoxlayıcı_ID: 458
12746082,Fidan Rzayeva,08-22-88,qadin,Bakalavr,İşləyən,1212,Nağd istehlak krediti,15379,tibbi xərclər,23.22,1269.0,4,Bəli,Xeyr,Təsdiqlənib,Müştərinin gəliri və krediti təsdiqləndi
77391938,Fidan Qasımova,12-18-78,qadin,Magistr,Sahibkar,3672,Mikro kredit,81024,Biznes krediti,18.16,1232.0,7,Bəli,Xeyr,Təsdiqlənib,Müştərinin gəliri və krediti təsdiqləndi
86708347,Emin Hüseynov,05/04/1983,Kişi,Bakalavr,İşləyən,2054,Nağd istehlak krediti,12811 manat,toy xərcləri,22.93,1025.0,2,Bəli,Xeyr,Təsdiqlənib,Bütün sənədlər qaydasındadır | Yoxlayıcı_ID: 616
38679452,Nərmin Cavadova,03-21-85,qadin,Magistr,İşləyən,3892,Nağd istehlak krediti,12043,şəxsi istehlak məqsədi,12.32,1385.0,4,Xeyr,Xeyr,Təsdiqlənib,İş stajı yetərsizdir | Yoxlayıcı_ID: 909
53879596,Cavid Sultanov,05/09/1979,K,Bakalavr tehsili,İşləyən,3986,Nağd istehlak krediti,12749,təmir,14.27,1247.0,0,,Xeyr,Təsdiqlənib,Müştərinin gəliri və krediti təsdiqləndi
13948073,Aylin Əhmədova,2005-11-30,Qadın,Magistr,Tələbə,260,Təhsil krediti,2058,Biznes krediti,14.29,659.0,0,,Xeyr,Təsdiqlənib,Müştərinin gəliri və krediti təsdiqləndi | Yoxlayıcı_ID: 283
37574467,Fərid Əliyev,1989-06-30,,Bakalavr tehsili,İşləyən,2581 manat,Nağd istehlak krediti,4494,toy xərcləri,20.86,569.0,0,,Xeyr,Təsdiqlənib,Bütün sənədlər qaydasındadır
52937812,ayan i̇brahimova,13/08/1983,Qadın,Bakalavr,İşləyən,1688,Avtomobil krediti,22076,toy xərcləri,16.37,1286.0,4,Xeyr,Xeyr,Təsdiqlənib,Müştərinin gəliri və krediti təsdiqləndi
44650004,Nigar Əliyeva,06/06/1962,Qadın,Orta məktəb,İşsiz,377 AZN,Nağd istehlak krediti,727,tibbi xərclər,14.95,126.0,1,Bəli,Xeyr,Rədd edilib,Aşağı kredit reytinqi
91706771,Səbinə Rəhimova,12-17-05,,Bakalavr tehsili,Tələbə,173,Təhsil krediti,2645,Biznes krediti,14.89,352.0,0,,Xeyr,Rədd edilib,Aşağı kredit reytinqi
23423545,Orxan Rzayev,16/10/1983,Kişi,Bakalavr tehsili,İşləyən,3408,Nağd istehlak krediti,10288,şəxsi istehlak məqsədi,21.45,423.0,2,Bəli,Xeyr,Rədd edilib,Aşağı kredit reytinqi
56919854,Tural Əhmədov,2006-02-03,K,Bakalavr tehsili,Tələbə,178,Təhsil krediti,1827,dövriyyə vəsaitlərinin artırılması - Biznes krediti,21.71,268.0,0,,Xeyr,Rədd edilib,Aşağı kredit reytinqi
43979181,Rauf Cavadov,12/05/1993,,Orta məktəb,İşsiz,75,Nağd istehlak krediti,827,şəxsi istehlak məqsədi,17.48,483.0,1,Xeyr,Xeyr,Rədd edilib,Aşağı kredit reytinqi | Yoxlayıcı_ID: 201
10596918,Tural İsmayılov,25/05/1983,K,Bakalavr tehsili,İşləyən,1706,Nağd istehlak krediti,11078,şəxsi istehlak məqsədi,19.15,1187.0,2,Xeyr,Xeyr,Təsdiqlənib,Müştərinin gəliri və krediti təsdiqləndi
93341625,Nigar Rüstəmova,1994-02-18,Q,Orta məktəb,İşsiz,155,Nağd istehlak krediti,458,məişət avadanlığı alışı,14.36,232.0,0,,Xeyr,Rədd edilib,Aşağı kredit reytinqi
51946858,Kəmalə Babayeva,28/07/2007,Q,Bakalavr tehsili,Tələbə,139,Təhsil krediti,803,dövriyyə vəsaitlərinin artırılması - Biznes krediti,21.39,582.0,0,,Xeyr,Təsdiqlənib,Bütün sənədlər qaydasındadır
55124002,İbrahimov Orxan,1975-05-28,,Orta məktəb,İşsiz,234,Nağd istehlak krediti,563,toy xərcləri,14.62,284.0,2,Bəli,Xeyr,Rədd edilib,Aşağı kredit reytinqi
30241601,Şəbnəm Rüstəmova,1989-08-26,Qadın,Magistr,İşləyən,3772,Nağd istehlak krediti,1748,təmir,19.88,1494.0,3,Bəli,Xeyr,Təsdiqlənib,Bütün sənədlər qaydasındadır
31138312,Zülfiyyə Abdullayeva,05-29-74,Q,Bakalavr tehsili,İşləyən,2321,Nağd istehlak krediti,10246,tibbi xərclər,20.22,,1,Xeyr,Xeyr,Rədd edilib,Aşağı kredit reytinqi
89055859,Məryəm İsmayılova,11-08-97,,Orta məktəb,İşsiz,,Nağd istehlak krediti,770,təmir,15.45,227.0,1,Bəli,Xeyr,Rədd edilib,Aşağı kredit reytinqi
84798221,Aysel Əliyeva,1979-06-14,Qadın,Magistr,Sahibkar,7707,Mikro kredit,57156,dövriyyə vəsaitlərinin artırılması - Biznes krediti,12.27,1306.0,4,Bəli,Xeyr,Təsdiqlənib,Müştərinin gəliri və krediti təsdiqləndi
75629805,Kamal İsmayılov,16/04/1979, kişi ,Bakalavr,İşləyən,2990,Avtomobil krediti,12329,məişət avadanlığı alışı,22.64,425.0,1,Xeyr,Xeyr,Rədd edilib,Aşağı kredit reytinqi | Yoxlayıcı_ID: 757
89474951,Zeynəb Hüseynova,13/04/1986,,Magistr,İşləyən,1370,Nağd istehlak krediti,6721,tibbi xərclər,16.95,1414.0,4,Bəli,Xeyr,Təsdiqlənib,Bütün sənədlər qaydasındadır
27427652,Uğur Vəliyev,2005-06-21,,Magistr,Tələbə,183,Təhsil krediti,1854,əsas vəsaitlərin alınması - Biznes krediti,14.02,330.0,0,,Xeyr,Rədd edilib,Aşağı kredit reytinqi
83088539,Orxan Vəliyev,06/02/1990,,Bakalavr,İşləyən,1936,Nağd istehlak krediti,14500,tibbi xərclər,17.08,920.0,0,,Xeyr,Təsdiqlənib,Bütün sənədlər qaydasındadır
72476085,Ayan Hüseynova,1978-11-22,,Bakalavr tehsili,İşləyən,2908,Nağd istehlak krediti,9726,toy xərcləri,17.99,1291.0,0,,Xeyr,Təsdiqlənib,Bütün sənədlər qaydasındadır
53578601,Anar Abdullayev,02-06-03, kişi ,Magistr,Tələbə,234,Təhsil krediti,2119,əsas vəsaitlərin alınması - Biznes krediti,17.61,,1,Xeyr,Xeyr,Təsdiqlənib,Bütün sənədlər qaydasındadır | Yoxlayıcı_ID: 648
55220013, Məryəm Rəhimova ,2004-05-13,Qadın,Bakalavr tehsili,Tələbə,216,Təhsil krediti,1965,əsas vəsaitlərin alınması - Biznes krediti,14.99,563.0,1,Xeyr,Xeyr,Təsdiqlənib,Bütün sənədlər qaydasındadır
80478725,Samir Babayev,25/05/1984,Kişi,Bakalavr tehsili,İşləyən,1869,Nağd istehlak krediti,6927,təmir,22.46,750.0,1,Bəli,Xeyr,Təsdiqlənib,Müştərinin gəliri və krediti təsdiqləndi
45899583,Fərid Babayev,1996-06-27,K,Magistr,İşləyən,1431,Nağd istehlak krediti,7784,toy xərcləri,21.98,408.0,2,Xeyr,Xeyr,Rədd edilib,Aşağı kredit reytinqi | Yoxlayıcı_ID: 701
82725241,Kamal Qasımov,08-23-95, kişi ,Bakalavr,Sahibkar,7215,Mikro kredit,92325,əsas vəsaitlərin alınması - Biznes krediti,19.57,889.0,3,Bəli,Xeyr,Təsdiqlənib,Müştərinin gəliri və krediti təsdiqləndi
58521306,Ayan Rzayeva,03-13-69,Q,Orta məktəb,İşsiz,28,Nağd istehlak krediti,605,toy xərcləri,15.66,273.0,1,Xeyr,Xeyr,Rədd edilib,Aşağı kredit reytinqi
51390530,Ramin Cəfərov,21/07/1988,,Bakalavr tehsili,İşləyən,3345,Nağd istehlak krediti,10208,təmir,23.46,1032.0,0,,Xeyr,Təsdiqlənib,Müştərinin gəliri və krediti təsdiqləndi | Yoxlayıcı_ID: 857
63802932,Sahil Rzayev,2000-04-08,Kişi,Magistr,İşləyən,1639,Nağd istehlak krediti,7524,toy xərcləri,16.99,1237.0,3,Xeyr,Xeyr,Təsdiqlənib,Səhv və ya natamam müraciət
53941937,Tural İsmayılov,09-28-84,K,Magistr,İşləyən,2041,Nağd istehlak krediti,5603,şəxsi istehlak məqsədi,18.24,1443.0,4,Bəli,Xeyr,Təsdiqlənib,Bütün sənədlər qaydasındadır
28096671,Kəmalə Rəhimova,09-25-99,Q,Bakalavr,İşləyən,2325,Nağd istehlak krediti,7754 manat,təmir,13.26,421.0,2,Bəli,Xeyr,Rədd edilib,Aşağı kredit reytinqi
52872015,Lalə Vəliyeva,1973-07-27,Q,Bakalavr,Sahibkar,9071 AZN,Mikro kredit,55747,dövriyyə vəsaitlərinin artırılması - Biznes krediti,19.86,1632.0,4,Xeyr,Xeyr,Təsdiqlənib,Müştərinin gəliri və krediti təsdiqləndi
96168172,Yusif Əliyev,1990-09-18,,Bakalavr tehsili,İşləyən,2808,Nağd istehlak krediti,18239,toy xərcləri,16.57,,0,,Xeyr,Təsdiqlənib,Müştərinin gəliri və krediti təsdiqləndi
67214018,Emin Əhmədov,2003-06-25, kişi ,Magistr,Tələbə,275,Təhsil krediti,1085,dövriyyə vəsaitlərinin artırılması - Biznes krediti,11.31,257.0,0,,Xeyr,Rədd edilib,Aşağı kredit reytinqi
19467218,Aysel Səfərova,17/07/1999,qadin,Magistr,İşləyən,1566,Avtomobil kriditi,31065,təmir,17.59,895.0,4,Xeyr,Xeyr,Təsdiqlənib,Müştərinin gəliri və krediti təsdiqləndi
38841360,Emin İbrahimov,22/12/1979, kişi ,Bakalavr,İşləyən,2905,Nağd istehlak krediti,2884,toy xərcləri,22.51,599.0,0,,Xeyr,Təsdiqlənib,Bütün sənədlər qaydasındadır | Yoxlayıcı_ID: 129
96820160,Murad Əliyev,25/04/2005, kişi ,Bakalavr,Tələbə,244,Təhsil krediti,952,dövriyyə vəsaitlərinin artırılması - Biznes krediti,16.74,442.0,1,Bəli,Xeyr,Rədd edilib,Aşağı kredit reytinqi | Yoxlayıcı_ID: 665
21705174,Uğur Cavadov,05-31-79, kişi ,Bakalavr,Sahibkar,6642,Mikro kredit,40454,dövriyyə vəsaitlərinin artırılması - Biznes krediti,17.82,1582.0,4,Bəli,Xeyr,Təsdiqlənib,Bütün sənədlər qaydasındadır
93486089,Elvin Hüseynov,1974-11-04, kişi ,Bakalavr tehsili,Sahibkar,4765,Mikro kredit,30323,dövriyyə vəsaitlərinin artırılması - Biznes krediti,23.51,1648.0,4,Bəli,Xeyr,Təsdiqlənib,Müştərinin gəliri və krediti təsdiqləndi | Yoxlayıcı_ID: 646
53003924,Rəna Rəhimova,12/06/2006,Q,Bakalavr tehsili,Tələbə,113 AZN,Təhsil krediti,1716,dövriyyə vəsaitlərinin artırılması - Biznes krediti,22.64,428.0,0,,Xeyr,Rədd edilib,Aşağı kredit reytinqi | Yoxlayıcı_ID: 319
38907345,Cavid Əhmədov,12/04/1983,,Magistr,İşləyən,,Nağd istehlak krediti,11820,məişət avadanlığı alışı,15.42,,2,Bəli,Xeyr,Təsdiqlənib,Müştərinin gəliri və krediti təsdiqləndi
68785390,Anar Vəliyev,25/09/1991,Kişi,Magistr,İşləyən,2859,Avtomobil krediti,22750,tibbi xərclər,17.88,785.0,2,Bəli,Xeyr,Təsdiqlənib,Bütün sənədlər qaydasındadır
77561779,Nəsirov Məhəmməd,1992-02-10,K,Bakalavr,İşləyən,3708,Nağd istehlak krediti,4064,şəxsi istehlak məqsədi,21.75,986.0,1,Xeyr,Xeyr,Təsdiqlənib,Müştərinin gəliri və krediti təsdiqləndi | Yoxlayıcı_ID: 951
29163382,Anar Abdullayev,1979-12-24, kişi ,Bakalavr,Sahibkar,6547,Mikro kredit,33574,Biznes krediti,15.89,,7,Bəli,Xeyr,Təsdiqlənib,Bütün sənədlər qaydasındadır
44504065,Orxan Rüstəmov,09/05/1999,K,Bakalavr,İşləyən,1079,Nağd istehlak krediti,15617,məişət avadanlığı alışı,14.99,1096.0,3,Bəli,Xeyr,Təsdiqlənib,Müştərinin gəliri və krediti təsdiqləndi
24026164,əli rüstəmov,1991-08-31, kişi ,Bakalavr tehsili,İşləyən,3006,Nağd istehlak krediti,647,toy xərcləri,20.78,1203.0,1,Xeyr,Xeyr,Təsdiqlənib,Bütün sənədlər qaydasındadır
67859757,Fidan Əliyeva,16/08/2004,Qadın,Magistr,Tələbə,106,Təhsil krediti,812,Biznes krediti,12.48,260.0,0,,Xeyr,Rədd edilib,Aşağı kredit reytinqi | Yoxlayıcı_ID: 195
11254333,Fatimə Rəhimova,17/11/1991,Q,Orta məktəb,İşsiz,199,Nağd istehlak krediti,602,təmir,15.11,,1,Bəli,Xeyr,Rədd edilib,Aşağı kredit reytinqi
37015277, Aylin İsmayılova ,02-02-86,qadin,Orta məktəb,İşsiz,173,Nağd istehlak krediti,829,şəxsi istehlak məqsədi,11.4,268.0,2,Xeyr,Xeyr,Rədd edilib,Aşağı kredit reytinqi | Yoxlayıcı_ID: 447
28686661,Cavid Əliyev,30/08/1993,K,Bakalavr tehsili,İşləyən,2873,Nağd istehlak krediti,9342,şəxsi istehlak məqsədi,14.91,797.0,4,Bəli,Xeyr,Təsdiqlənib,Bütün sənədlər qaydasındadır
31933773,Ramin Babayev,27/08/1967,K,Orta məktəb,İşsiz,272,Nağd istehlak krediti,569,təmir,15.26,567.0,1,Bəli,Xeyr,Təsdiqlənib,Bütün sənədlər qaydasındadır
36782546,Sahil Abdullayev,2003-08-08,K,Bakalavr,Tələbə,118,Təhsil krediti,2480,əsas vəsaitlərin alınması - Biznes krediti,12.82,798.0,0,,Xeyr,Təsdiqlənib,Müştərinin gəliri və krediti təsdiqləndi
19925427,Sevinc İsmayılova,2005-08-30,Q,Magistr,Tələbə,127,Təhsil krediti,1032,əsas vəsaitlərin alınması - Biznes krediti,11.41,295.0,0,,Xeyr,Rədd edilib,Aşağı kredit reytinqi | Yoxlayıcı_ID: 349
70553531,Aylin İbrahimova,1985-11-20,Qadın,Bakalavr tehsili,İşləyən,2595,Nağd istehlak krediti,10974,təmir,23.88,666.0,2,Bəli,Xeyr,Təsdiqlənib,Bütün sənədlər qaydasındadır
89033532,Samir Əliyev,12-03-00,,Bakalavr tehsili,İşləyən,1138 manat,Nağd istehlak krediti,19697,tibbi xərclər,13.6,1199.0,4,Bəli,Xeyr,Təsdiqlənib,Müştərinin gəliri və krediti təsdiqləndi
34989635,Fidan Nəsirova,1979-07-09,,Bakalavr,İşləyən,2120,Avtomobil krediti,22022,toy xərcləri,23.12,1239.0,2,Xeyr,Xeyr,Təsdiqlənib,Müştərinin gəliri və krediti təsdiqləndi
38345597,Məhəmməd Tağıyev,20/01/2000, kişi ,Bakalavr,İşləyən,2792,Nağd istehlak krediti,2304,toy xərcləri,16.51,708.0,4,Xeyr,Xeyr,Təsdiqlənib,Bütün sənədlər qaydasındadır
44799346,Cavadov Yusif,07-03-88,,Bakalavr tehsili,Sahibkar,7030,Mikro kredit,8872,əsas vəsaitlərin alınması - Biznes krediti,17.03,1632.0,2,Bəli,Xeyr,Təsdiqlənib,Müştərinin gəliri və krediti təsdiqləndi
82346614,Aylin Rüstəmova,10/09/1987,Q,Magistr,Sahibkar,6240,Mikro kredit,71364,dövriyyə vəsaitlərinin artırılması - Biznes krediti,18.13,1636.0,2,Xeyr,Xeyr,Təsdiqlənib,Bütün sənədlər qaydasındadır | Yoxlayıcı_ID: 394
79304531,Rauf Əhmədov,30/10/1970,Kişi,Orta məktəb,İşsiz,273,Nağd istehlak krediti,306,təmir,20.35,567.0,0,,Bəli,Rədd edilib,'Qara siyahı'da olmaq
57182112,Ləman İsmayılova,16/05/1995,Qadın,Magistr,İşləyən,2356,Avtomobil krediti,30471,şəxsi istehlak məqsədi,12.45,529.0,0,,Xeyr,Təsdiqlənib,Bütün sənədlər qaydasındadır
26911769,Anar Qasımov,10-27-07,K,Magistr,Tələbə,273,Təhsil krediti,1351,Biznes krediti,18.27,517.0,1,Bəli,Xeyr,Təsdiqlənib,Bütün sənədlər qaydasındadır | Yoxlayıcı_ID: 117
92577595, Sahil Abdullayev ,1974-02-05,K,Magistr,Sahibkar,4373,Mikro kredit,31406,Biznes krediti,15.2,1756.0,8,Xeyr,Xeyr,Təsdiqlənib,Bütün sənədlər qaydasındadır
15243078,Ləman Tağıyeva,1985-07-07,,Bakalavr,İşləyən,2653,Avtomobil krediti,35849,tibbi xərclər,10.9,853.0,0,,Bəli,Rədd edilib,'Qara siyahı'da olmaq
79154179,Emin Cavadov,1992-11-11, kişi ,Magistr,Sahibkar,5740,Mikro kredit,97447 AZN,Biznes krediti,15.77,1684.0,5,Bəli,Xeyr,Təsdiqlənib,Müştərinin gəliri və krediti təsdiqləndi
11607263,Sahil Vəliyev,05-09-03,Kişi,Bakalavr tehsili,Tələbə,274,Təhsil krediti,1379,əsas vəsaitlərin alınması - Biznes krediti,20.8,436.0,0,,Xeyr,Rədd edilib,Aşağı kredit reytinqi | Yoxlayıcı_ID: 806
67496729,Ləman Rzayeva,1991-12-02,Q,Orta məktəb,İşsiz,199,Nağd istehlak krediti,435,məişət avadanlığı alışı,15.05,132.0,2,Bəli,Xeyr,Rədd edilib,Aşağı kredit reytinqi
81789051,Səbinə Babayeva,1984-02-14,Qadın,Orta məktəb,İşsiz,197,Nağd istehlak krediti,467,təmir,18.76,247.0,1,Xeyr,Xeyr,Rədd edilib,Aşağı kredit reytinqi
10093511,Fidan İsmayılova,1998-03-27,Qadın,Bakalavr,İşləyən,836,Nağd istehlak krediti,14504,tibbi xərclər,14.98,1595.0,3,Xeyr,Xeyr,Təsdiqlənib,Gəlir çatışmazlığı
24755515,Zəhra Abdullayeva,30/05/2000,qadin,Bakalavr,İşləyən,1041,Nağd istehlak krediti,8098,təmir,22.49,1113.0,1,Xeyr,Xeyr,Təsdiqlənib,Bütün sənədlər qaydasındadır
83898638,Aydan Hüseynova,02/02/2004,Qadın,Magistr,Tələbə,270,Təhsil krediti,1279,Biznes krediti,19.43,283.0,0,,Xeyr,Rədd edilib,Aşağı kredit reytinqi
95116189,fidan babayeva,05/08/1996,qadin,Bakalavr tehsili,İşləyən,3831,Nağd istehlak krediti,3485 manat,şəxsi istehlak məqsədi,18.85,781.0,1,Xeyr,Xeyr,Təsdiqlənib,Bütün sənədlər qaydasındadır
77214986,fatimə i̇smayılova,07/02/1983,qadin,Magistr,Sahibkar,5670,Mikro kredit,16984,əsas vəsaitlərin alınması - Biznes krediti,12.56,1615.0,7,Bəli,Xeyr,Təsdiqlənib,Müştərinin gəliri və krediti təsdiqləndi
68859806,Elvin Əliyev,23/05/1983,,Orta məktəb,İşsiz,369,Nağd istehlak krediti,433,məişət avadanlığı alışı,17.9,530.0,1,Xeyr,Xeyr,Təsdiqlənib,Müştərinin gəliri və krediti təsdiqləndi | Yoxlayıcı_ID: 373
44874189,Rəşad Qasımov,01-29-78,,Magistr,İşləyən,3005,Avtomobil krediti,10509,tibbi xərclər,11.89,1429.0,3,Xeyr,Xeyr,Təsdiqlənib,Müştərinin gəliri və krediti təsdiqləndi
81906223,Səbinə Əhmədova,1995-01-25,qadin,Bakalavr,İşləyən,1515 manat,Avtomobil krediti,19013,məişət avadanlığı alışı,23.36,1232.0,4,Bəli,Bəli,Rədd edilib,'Qara siyahı'da olmaq
53463745,Emin Rəhimov,06-12-73,K,Orta məktəb,İşsiz,185,Nağd istehlak krediti,529,toy xərcləri,22.79,436.0,1,Bəli,Xeyr,Rədd edilib,Aşağı kredit reytinqi
24917822,Zülfiyyə İsmayılova,1989-05-07,Qadın,Magistr,Sahibkar,3608,Mikro kredit,98322,Biznes krediti,21.48,1238.0,5,Xeyr,Xeyr,Rədd edilib,Gəlir çatışmazlığı
65091425,Nigar İsmayılova,1995-11-14,Q,Magistr,İşləyən,2719 AZN,Nağd istehlak krediti,17254,toy xərcləri,10.94,820.0,3,Xeyr,Xeyr,Təsdiqlənib,Müştərinin gəliri və krediti təsdiqləndi | Yoxlayıcı_ID: 113
99024655,Zeynəb Rüstəmova,27/01/1998,,Bakalavr,İşləyən,3694,Nağd istehlak krediti,11422,şəxsi istehlak məqsədi,22.03,1118.0,1,Xeyr,Xeyr,Təsdiqlənib,Müştərinin gəliri və krediti təsdiqləndi
54246009,Uğur Rəhimov,2004-01-22,,Bakalavr,Tələbə,151,Təhsil krediti,540,əsas vəsaitlərin alınması - Biznes krediti,22.64,431.0,0,,Xeyr,Rədd edilib,Aşağı kredit reytinqi
44896788,Hüseyn Səfərov,15/01/1977,K,Bakalavr,İşləyən,2906,Nağd istehlak krediti,8146,toy xərcləri,14.87,902.0,1,Xeyr,Xeyr,Təsdiqlənib,Bütün sənədlər qaydasındadır
71922710,Zəhra Səfərova,2002-02-09,Qadın,Bakalavr,İşləyən,1000,Nağd istehlak krediti,9700,məişət avadanlığı alışı,19.73,1410.0,0,,Xeyr,Təsdiqlənib,Bütün sənədlər qaydasındadır | Yoxlayıcı_ID: 607
20266653, Orxan Babayev ,18/07/2007,K,Magistr,Tələbə,149,Təhsil krediti,2442,dövriyyə vəsaitlərinin artırılması - Biznes krediti,11.76,453.0,0,,Xeyr,Rədd edilib,Aşağı kredit reytinqi
84004517,Emin Quliyev,1995-03-07, kişi ,Magistr,İşləyən,2472,Nağd istehlak krediti,12542,toy xərcləri,24.04,1111.0,3,Bəli,Xeyr,Təsdiqlənib,Bütün sənədlər qaydasındadır
14474156,Zəhra Nəsirova,1985-05-17,,Magistr,Sahibkar,8860,Mikro kredit,25837,Biznes krediti,14.36,1630.0,6,Bəli,Xeyr,Təsdiqlənib,Müştərinin gəliri və krediti təsdiqləndi
33596679,Murad Quliyev,2005-09-13,Kişi,Magistr,Tələbə,261,Təhsil krediti,1691,əsas vəsaitlərin alınması - Biznes krediti,15.69,384.0,0,,Xeyr,Rədd edilib,Aşağı kredit reytinqi
59693884,Nigar İbrahimova,1975-07-01,Qadın,Bakalavr tehsili,Sahibkar,9668,Mikro kredit,20899,dövriyyə vəsaitlərinin artırılması - Biznes krediti,15.32,1075.0,5,Bəli,Xeyr,Təsdiqlənib,Müştərinin gəliri və krediti təsdiqləndi | Yoxlayıcı_ID: 660
14706645,Uğur Məmmədov,04-26-71,K,Magistr,İşləyən,978,Nağd istehlak kriditi,14844,təmir,15.79,1423.0,3,Bəli,Xeyr,Təsdiqlənib,Bütün sənədlər qaydasındadır
87286596,Zülfiyyə Cavadova,29/01/2006,qadin,Bakalavr,Tələbə,298,Təhsil krediti,1746,Biznes krediti,12.73,369.0,0,,Xeyr,Rədd edilib,Aşağı kredit reytinqi
39953822,Murad Quliyev,08/06/1986,,Bakalavr,Sahibkar,3848,Mikro kredit,72028,Biznes krediti,12.61,869.0,8,Xeyr,Xeyr,Təsdiqlənib,Bütün sənədlər qaydasındadır
62243639,Murad Quliyev,10-17-73,K,Bakalavr,İşləyən,3376,Nağd istehlak krediti,7204,şəxsi istehlak məqsədi,23.69,1509.0,4,Bəli,Xeyr,Təsdiqlənib,Müştərinin gəliri və krediti təsdiqləndi
42855901,Aylin Sultanova,07-17-98,Qadın,Magistr,İşləyən,3357,Nağd istehlak krediti,1812,şəxsi istehlak məqsədi,14.52,707.0,4,Bəli,Xeyr,Təsdiqlənib,Müştərinin gəliri və krediti təsdiqləndi
33178175,Məryəm Quliyeva,1971-06-03,qadin,Bakalavr tehsili,Sahibkar,3964,Mikro kredit,"44,685",əsas vəsaitlərin alınması - Biznes krediti,11.01,1605.0,3,Bəli,Xeyr,Təsdiqlənib,Bütün sənədlər qaydasındadır | Yoxlayıcı_ID: 604
37595100,Yusif Abdullayev,28/10/1999,Kişi,Bakalavr tehsili,İşləyən,2411,Nağd istehlak krediti,14895,təmir,18.54,1533.0,4,Xeyr,Xeyr,Təsdiqlənib,Bütün sənədlər qaydasındadır | Yoxlayıcı_ID: 313
61577752,Cavid Hüseynov,2007-05-28, kişi ,Bakalavr,Tələbə,107,Təhsil krediti,830,dövriyyə vəsaitlərinin artırılması - Biznes krediti,12.07,368.0,1,Bəli,Xeyr,Rədd edilib,Aşağı kredit reytinqi | Yoxlayıcı_ID: 351
53942014,Hüseyn İsmayılov,1982-07-17,K,Magistr,İşləyən,3285,Nağd istehlak krediti,3304,toy xərcləri,23.64,1294.0,1,Xeyr,Xeyr,Təsdiqlənib,Bütün sənədlər qaydasındadır
80138129,Fatimə Qasımova,07-28-95,Qadın,Magistr,Sahibkar,6537,Mikro kredit,28471,dövriyyə vəsaitlərinin artırılması - Biznes krediti,24.55,1324.0,2,Bəli,Xeyr,Təsdiqlənib,Bütün sənədlər qaydasındadır
86762964,Aydan Nəsirova,1990-01-24,Q,Magistr,İşləyən,1659,Nağd istehlak krediti,15212,təmir,15.62,1316.0,4,Bəli,Xeyr,Təsdiqlənib,Bütün sənədlər qaydasındadır
24958416,Murad Rəhimov,29/05/1998,K,Bakalavr tehsili,İşləyən,3764,Nağd istehlak krediti,"1,189",tibbi xərclər,13.28,920.0,4,Bəli,Xeyr,Təsdiqlənib,Müştərinin gəliri və krediti təsdiqləndi | Yoxlayıcı_ID: 590
95276124,Ayan Qasımova,1995-04-11,Qadın,Magistr,Sahibkar,2609,Mikro kredit,30580,əsas vəsaitlərin alınması - Biznes krediti,22.91,,7,Bəli,Xeyr,Təsdiqlənib,Müştərinin gəliri və krediti təsdiqləndi | Yoxlayıcı_ID: 530
36786690,Günel Cəfərova,1994-05-27,,Orta məktəb,İşsiz,148,Nağd istehlak krediti,370,şəxsi istehlak məqsədi,13.15,294.0,1,Bəli,Xeyr,Rədd edilib,Aşağı kredit reytinqi | Yoxlayıcı_ID: 774
84448101,Ayan Babayeva,20/09/1991,Q,Orta məktəb,İşsiz,250,Nağd istehlak krediti,932,tibbi xərclər,16.92,320.0,2,Bəli,Xeyr,Rədd edilib,Aşağı kredit reytinqi
87659377,Cavid Tağıyev,24/10/1998, kişi ,Bakalavr,İşləyən,"1,313",Nağd istehlak krediti,16230,təmir,23.57,594.0,0,,Xeyr,Təsdiqlənib,Müştərinin gəliri və krediti təsdiqləndi
62974581,Məryəm Rzayeva,1967-02-02,Q,Orta məktəb,İşsiz,375,Nağd istehlak krediti,845,toy xərcləri,22.41,256.0,2,Xeyr,Xeyr,Rədd edilib,Aşağı kredit reytinqi
75884666,Şəbnəm Sultanova,25/06/2006,,Magistr,Tələbə,133,Təhsil krediti,1472,Biznes krediti,11.35,574.0,0,,Xeyr,Təsdiqlənib,Bütün sənədlər qaydasındadır | Yoxlayıcı_ID: 427
62818786,Aysel Vəliyeva,1993-08-16,Qadın,Magistr,İşləyən,3835,Nağd istehlak krediti,970,məişət avadanlığı alışı,23.28,1547.0,2,Xeyr,Xeyr,Təsdiqlənib,Müştərinin gəliri və krediti təsdiqləndi
98405561,Ləman Qasımova,12-15-75,qadin,Bakalavr tehsili,İşləyən,2501,Nağd istehlak krediti,3845,toy xərcləri,21.37,1234.0,4,Bəli,Xeyr,Təsdiqlənib,Bütün sənədlər qaydasındadır
70366443,Rauf Əliyev,01-11-81,,Bakalavr,Sahibkar,5651,Mikro kredit,73609,Biznes krediti,22.42,1549.0,8,Xeyr,Xeyr,Təsdiqlənib,Müştərinin gəliri və krediti təsdiqləndi | Yoxlayıcı_ID: 595
34899179,Elvin Qasımov,31/01/2006, kişi ,Bakalavr tehsili,Tələbə,185,Təhsil krediti,2307,Biznes krediti,17.3,523.0,1,Xeyr,Xeyr,Təsdiqlənib,Bütün sənədlər qaydasındadır
65788062,Yusif Hüseynov,1992-06-20,Kişi,Bakalavr tehsili,Sahibkar,8905,Mikro kredit,65152,Biznes krediti,24.92,1405.0,7,Bəli,Xeyr,Təsdiqlənib,Bütün sənədlər qaydasındadır | Yoxlayıcı_ID: 198
69388885,Sahil Cəfərov,05/06/1982,,Orta məktəb,İşsiz,128,Nağd istehlak krediti,667,tibbi xərclər,17.43,268.0,2,Xeyr,Xeyr,Rədd edilib,Aşağı kredit reytinqi
70089026,Məhəmməd İsmayılov,2002-10-13,Kişi,Magistr,İşləyən,3468,Nağd istehlak krediti,15050,toy xərcləri,16.86,527.0,0,,Xeyr,Təsdiqlənib,Müştərinin gəliri və krediti təsdiqləndi
65933533,Aylin Məmmədova,08-17-87,Qadın,Bakalavr,Sahibkar,3527,Mikro kredit,40477,əsas vəsaitlərin alınması - Biznes krediti,19.65,1761.0,3,Xeyr,Xeyr,Təsdiqlənib,Müştərinin gəliri və krediti təsdiqləndi | Yoxlayıcı_ID: 661
50375872,Sevinc Quliyeva,08-17-85,Q,Bakalavr tehsili,İşləyən,881,Nağd istehlak krediti,14640,şəxsi istehlak məqsədi,23.2,1549.0,1,Xeyr,Xeyr,Təsdiqlənib,Müştərinin gəliri və krediti təsdiqləndi
20403494,Anar Rüstəmov,06-13-72, kişi ,Bakalavr tehsili,İşləyən,898,Avtomobil krediti,22368,Təmir,24.78,1026.0,3,Bəli,Xeyr,Rədd edilib,Gəlir çatışmazlığı
92770425,Ləman İbrahimova,05-14-04,Qadın,Bakalavr,Tələbə,171,Təhsil krediti,581,əsas vəsaitlərin alınması - Biznes krediti,21.63,591.0,0,,Xeyr,Təsdiqlənib,Bütün sənədlər qaydasındadır
43584566, Yusif Qasımov ,1973-11-11,Kişi,Bakalavr,Sahibkar,8830,Mikro kredit,93593 manat,dövriyyə vəsaitlərinin artırılması - Biznes krediti,20.9,1042.0,2,Xeyr,Xeyr,Təsdiqlənib,Bütün sənədlər qaydasındadır
45259978,Ləman İbrahimova,2004-11-24,,Bakalavr,Tələbə,210,Təhsil krediti,2137,Biznes krediti,10.94,581.0,0,,Xeyr,Təsdiqlənib,Müştərinin gəliri və krediti təsdiqləndi | Yoxlayıcı_ID: 911
59781833,Nihat Cavadov,2004-05-14,,Magistr,Tələbə,283,Təhsil krediti,1186,əsas vəsaitlərin alınması - Biznes krediti,23.17,757.0,1,Xeyr,Xeyr,Təsdiqlənib,Müştərinin gəliri və krediti təsdiqləndi
11459302, Rəna Qasımova ,12/03/2002,qadin,Bakalavr,İşləyən,2039,Nağd istehlak krediti,16088,məişət avadanlığı alışı,22.97,1368.0,4,Bəli,Xeyr,Təsdiqlənib,Müştərinin gəliri və krediti təsdiqləndi
91799079,Rüstəmov Kamal,06-05-75,Kişi,Orta məktəb,İşsiz,196,Nağd istehlak krediti,368,tibbi xərclər,23.6,316.0,1,Xeyr,Bəli,Rədd edilib,'Qara siyahı'da olmaq
44073059,Zülfiyyə Babayeva,08-10-04,Q,Magistr,Tələbə,228,Təhsil krediti,2174,dövriyyə vəsaitlərinin artırılması - Biznes krediti,20.42,773.0,0,,Xeyr,Təsdiqlənib,Müştərinin gəliri və krediti təsdiqləndi
25576005,Aylin Rüstəmova,10-19-00,Q,Bakalavr,İşləyən,1964,Nağd istehlak krediti,4232,təmir,14.09,586.0,3,Xeyr,Xeyr,Təsdiqlənib,Müştərinin gəliri və krediti təsdiqləndi
68257231,Kamal Abdullayev,04-18-99,K,Bakalvar tehsili,İşləyən,2742,Nağd istehlak krediti,8667,şəxsi istehlak məqsədi,24.82,472.0,0,,Xeyr,Rədd edilib,Aşağı kredit reytinqi
68246843,Fərid Rüstəmov,1999-07-04,,Magistr,İşləyən,2827,Nağd istehlak krediti,7757,təmir,24.99,1248.0,0,,Xeyr,Təsdiqlənib,Müştərinin gəliri və krediti təsdiqləndi
14088975,Fatimə Sultanova,1965-10-26,,Orta məktəb,İşsiz,77,Nağd istehlak krediti,439,şəxsi istehlak məqsədi,22.6,204.0,2,Bəli,Bəli,Təsdiqlənib,'Qara siyahı'da olmaq
69487854,Sevinc Tağıyeva,1973-07-25,Qadın,Bakalavr tehsili,İşləyən,1989,Avtomobil krediti,9385,məişət avadanlığı alışı,11.76,774.0,3,Bəli,Bəli,Rədd edilib,'Qara siyahı'da olmaq
85964362,Sevinc Səfərova,04-19-79,Qadın,Bakalavr tehsili,İşləyən,1032,Nağd istehlak krediti,8338,məişət avadanlığı alışı,16.7,1074.0,4,Xeyr,Xeyr,Təsdiqlənib,Bankın kredit şərtlərinə uyğun deyil
85847949,Aysel Rüstəmova,05-27-95,qadin,Bakalavr,Sahibkar,7140,Mikro kredit,58716,Biznes krediti,12.24,,5,Xeyr,Xeyr,Təsdiqlənib,Bütün sənədlər qaydasındadır
96994529,Məryəm İsmayılova,08-09-81,,Orta məktəb,İşsiz,207,Nağd istehlak krediti,574 manat,məişət avadanlığı alışı,18.44,453.0,2,Xeyr,Xeyr,Rədd edilib,Aşağı kredit reytinqi | Yoxlayıcı_ID: 125
90941626,Əli Abdullayev,21/11/2006,,Bakalavr tehsili,Tələbə,128,Təhsil krediti,1633,əsas vəsaitlərin alınması - Biznes krediti,18.4,660.0,0,,Xeyr,Təsdiqlənib,Müştərinin gəliri və krediti təsdiqləndi
46291324,Orxan Qasımov,07-01-03,Kişi,Bakalavr tehsili,Tələbə,155,Təhsil krediti,658,Biznes krediti,11.79,762.0,0,,Xeyr,Təsdiqlənib,Bütün sənədlər qaydasındadır
64036359,Anar Sultanov,25/11/2005, kişi ,Magistr,Tələbə,294,Təhsil krediti,2484,Biznes krediti,11.93,201.0,1,Bəli,Xeyr,Rədd edilib,Aşağı kredit reytinqi
91307546,Aysel İbrahimova,04/09/1975,qadin,Orta məktəb,İşsiz,359,Nağd istehlak krediti,393,tibbi xərclər,19.26,542.0,1,Bəli,Xeyr,Təsdiqlənib,Bütün sənədlər qaydasındadır | Yoxlayıcı_ID: 394
83504269,Ayan Əliyeva,11/10/1984,Q,Orta məktəb,İşsiz,,Nağd istehlak krediti,690,Təmir,22.04,430.0,1,Bəli,Xeyr,Rədd edilib,Aşağı kredit reytinqi
66906002,Yusif Rzayev,1972-07-11,Kişi,Bakalavr,İşləyən,828,Nağd istehlak krediti,18214,şəxsi istehlak məqsədi,11.86,402.0,0,,Xeyr,Rədd edilib,Aşağı kredit reytinqi
98450737,Yusif Quliyev,1985-03-13,,Orta məktəb,İşsiz,169,Nağd istehlak krediti,502,təmir,23.84,154.0,1,Xeyr,Xeyr,Rədd edilib,Aşağı kredit reytinqi
59872239,Ramin Vəliyev,02-02-95,,Magistr,İşləyən,3448,Nağd istehlak krediti,"6,749",təmir,19.13,1101.0,1,Bəli,Xeyr,Təsdiqlənib,Bütün sənədlər qaydasındadır
42712059,Sevinc Məmmədova,07-06-95,,Orta məktəb,İşsiz,97,Nağd istehlak krediti,610,tibbi xərclər,19.61,328.0,1,Xeyr,Xeyr,Rədd edilib,Aşağı kredit reytinqi
29216733,Emin İsmayılov,23/01/1984, kişi ,Bakalavr,İşləyən,1130,Avtomobil krediti,35359,şəxsi istehlak məqsədi,13.98,1287.0,4,Bəli,Xeyr,Rədd edilib,Gəlir çatışmazlığı
72409925,Samir Əliyev,11/08/1996,Kişi,Magistr,İşləyən,972,Nağd istehlak krediti,5676,təmir,19.73,1281.0,3,Bəli,Bəli,Rədd edilib,'Qara siyahı'da olmaq
22758926,Rauf İbrahimov,05-07-73,,Bakalavr tehsili,İşləyən,1243,Nağd istehlak krediti,19944,şəxsi istehlak məqsədi,14.92,1295.0,2,Bəli,Xeyr,Təsdiqlənib,Müştərinin gəliri və krediti təsdiqləndi
71562978,Nərmin Nəsirova,22/04/1988,Qadın,Bakalavr tehsili,İşləyən,2990,Avtomobil krediti,9611,toy xərcləri,11.29,617.0,2,Bəli,Xeyr,Təsdiqlənib,Müştərinin gəliri və krediti təsdiqləndi
26978061,Sevinc Əhmədova,05-30-71,Q,Bakalavr,İşləyən,1884,Avtomobil krediti,18031,toy xərcləri,23.15,755.0,4,Xeyr,Xeyr,Təsdiqlənib,Bütün sənədlər qaydasındadır
46224036,Samir Nəsirov,2006-10-17,,Bakalavr tehsili,Tələbə,230,Təhsil krediti,726,əsas vəsaitlərin alınması - Biznes krediti,17.6,769.0,0,,Xeyr,Təsdiqlənib,Bütün sənədlər qaydasındadır
88596711,nərmin əhmədova,11-14-84,Qadın,Bakalavr tehsili,İşləyən,2915,Nağd istehlak krediti,6813,təmir,13.03,1525.0,0,,Bəli,Rədd edilib,'Qara siyahı'da olmaq
85558375,Fərid Sultanov,02-14-71,K,Bakalavr,İşləyən,2084,Nağd istehlak krediti,7767 AZN,tibbi xərclər,22.55,858.0,0,,Xeyr,Təsdiqlənib,Bütün sənədlər qaydasındadır
22328512,orxan cavadov,07/01/1991, kişi ,Bakalavr,İşləyən,,Nağd istehlak krediti,15241,toy xərcləri,11.42,730.0,2,Xeyr,Xeyr,Təsdiqlənib,Müştərinin gəliri və krediti təsdiqləndi
96998978,Məhəmməd Hüseynov,1980-08-03,Kişi,Magistr,İşləyən,1103,Nağd istehlak krediti,4096,toy xərcləri,18.16,854.0,4,Xeyr,Xeyr,Təsdiqlənib,Müştərinin gəliri və krediti təsdiqləndi
54003837,Rəna Abdullayeva,07-28-75,Q,Bakalavr tehsili,İşləyən,3036,Nağd istehlak krediti,1872,təmir,12.42,1098.0,0,,Xeyr,Təsdiqlənib,Müştərinin gəliri və krediti təsdiqləndi | Yoxlayıcı_ID: 439
68935410,Zəhra Qasımova,1998-11-07,Q,Orta məktəb,İşsiz,64,Nağd istehlak krediti,793,tibbi xərclər,11.65,409.0,1,Xeyr,Bəli,Rədd edilib,'Qara siyahı'da olmaq
49509007,Məryəm Rəhimova,1972-06-02,,Bakalavr tehsili,Sahibkar,5428,Mikro kredit,66586,əsas vəsaitlərin alınması - Biznes krediti,23.27,1622.0,6,Xeyr,Xeyr,Təsdiqlənib,Müştərinin gəliri və krediti təsdiqləndi | Yoxlayıcı_ID: 996
82306255,Məryəm İsmayılova,13/04/1984,qadin,Bakalavr tehsili,Sahibkar,8562,Mikro kredit,62395,dövriyyə vəsaitlərinin artırılması - Biznes krediti,14.01,1616.0,7,Bəli,Xeyr,Təsdiqlənib,Müştərinin gəliri və krediti təsdiqləndi | Yoxlayıcı_ID: 953
11517972,Fərid Məmmədov,27/08/1976,Kişi,Orta məktəb,İşsiz,285,Nağd istehlak krediti,557,məişət avadanlığı alışı,13.15,333.0,0,,Xeyr,Rədd edilib,Aşağı kredit reytinqi
11604886,Yusif Babayev,26/04/1990,Kişi,Orta məktəb,İşsiz,51,Nağd istehlak krediti,915,məişət avadanlığı alışı,11.12,472.0,1,Bəli,Bəli,Rədd edilib,'Qara siyahı'da olmaq
35055677,Yusif Cavadov,1982-07-10,Kişi,Bakalavr tehsili,İşləyən,3828,Nağd istehlak krediti,16556,məişət avadanlığı alışı,21.69,500.0,1,Xeyr,Xeyr,Təsdiqlənib,Bütün sənədlər qaydasındadır
82395712,Hüseyn Qasımov,15/09/1995,Kişi,Bakalavr tehsili,İşləyən,2562,Nağd istehlak krediti,3219,təmir,11.7,581.0,2,Bəli,Xeyr,Təsdiqlənib,Bütün sənədlər qaydasındadır
84164694,Zəhra Babayeva,07-04-80,qadin,Magistr,İşləyən,3816,Nağd istehlak krediti,7178 AZN,məişət avadanlığı alışı,22.22,1414.0,2,Bəli,Xeyr,Təsdiqlənib,Müştərinin gəliri və krediti təsdiqləndi
77596516,Vəliyeva Zəhra,1976-09-13,,Orta məktəb,İşsiz,11,Nağd istehlak krediti,925,tibbi xərclər,14.85,290.0,0,,Xeyr,Rədd edilib,Aşağı kredit reytinqi
45979051,Nərmin Rəhimova,08/03/2001,Q,Magistr,İşləyən,2259,Nağd istehlak krediti,18583,təmir,24.69,1211.0,4,Xeyr,Xeyr,Təsdiqlənib,Müştərinin gəliri və krediti təsdiqləndi | Yoxlayıcı_ID: 379
56795617, Günel Abdullayeva ,1972-07-06,,Bakalavr,İşləyən,853,Nağd istehlak krediti,3608,təmir,24.11,1551.0,3,Xeyr,Xeyr,Təsdiqlənib,Müştərinin gəliri və krediti təsdiqləndi
66575690,Kamal Rəhimov,05/02/1981,Kişi,Bakalavr tehsili,İşləyən,1166,Nağd istehlak krediti,17700,məişət avadanlığı alışı,15.02,1466.0,1,Bəli,Xeyr,Təsdiqlənib,Bütün sənədlər qaydasındadır
89916628,Yusif Rzayev,1989-10-15,,Bakalavr tehsili,İşləyən,3175,Nağd istehlak krediti,1711,toy xərcləri,20.49,552.0,0,,Xeyr,Təsdiqlənib,Müştərinin gəliri və krediti təsdiqləndi
74780694,Samir Rüstəmov,12/11/1964,,Orta məktəb,İşsiz,38,Nağd istehlak krediti,937,məişət avadanlığı alışı,19.01,554.0,2,Bəli,Xeyr,Rədd edilib,Gəlir çatışmazlığı | Yoxlayıcı_ID: 666
31202409,Nigar Əhmədova,27/08/2005,qadin,Magistr,Tələbə,150,Təhsil krediti,1755 AZN,əsas vəsaitlərin alınması - Biznes krediti,18.03,514.0,0,,Xeyr,Təsdiqlənib,Müştərinin gəliri və krediti təsdiqləndi
44160255,Nigar Cəfərova,29/10/1999,,Magistr,İşləyən,2963,Nağd istehlak krediti,656,toy xərcləri,20.16,1063.0,4,Bəli,Xeyr,Təsdiqlənib,Müştərinin gəliri və krediti təsdiqləndi | Yoxlayıcı_ID: 380
97728183,Aydan Əhmədova,1971-09-02,,Magistr,İşləyən,3168,Nağd istehlak krediti,14526,tibbi xərclər,12.75,950.0,0,,Xeyr,Təsdiqlənib,Bütün sənədlər qaydasındadır
82329173,Rauf İsmayılov,14/01/1970,K,Magistr,Sahibkar,3952,Mikro kredit,87821,dövriyyə vəsaitlərinin artırılması - Biznes krediti,16.39,1659.0,8,Xeyr,Xeyr,Təsdiqlənib,Bütün sənədlər qaydasındadır | Yoxlayıcı_ID: 995
30462238,Quliyeva Ayan,12/03/1974,Q,Bakalavr tehsili,İşləyən,1390,Nağd istehlak krediti,11513,tibbi xərclər,13.0,545.0,2,Xeyr,Xeyr,Təsdiqlənib,Müştərinin gəliri və krediti təsdiqləndi | Yoxlayıcı_ID: 717
16166992,Fərid Rüstəmov,04-17-82,K,Bakalavr,Sahibkar,6003,Mikro kredit,19103,əsas vəsaitlərin alınması - Biznes krediti,19.78,1691.0,7,Xeyr,Xeyr,Təsdiqlənib,Müştərinin gəliri və krediti təsdiqləndi | Yoxlayıcı_ID: 517
10915081,fərid rüstəmov,1975-03-03,Kişi,Magistr,Sahibkar,8542,Mikro kridit,12385,Biznes krediti,12.21,1041.0,2,Bəli,Xeyr,Təsdiqlənib,Bütün sənədlər qaydasındadır
12417485,Nərmin Səfərova,09/07/2004,Qadın,Bakalavr,Tələbə,120,Təhsil kriditi,2095,Biznes krediti,14.26,624.0,0,,Xeyr,Təsdiqlənib,Bütün sənədlər qaydasındadır
23526462,Nihat Əhmədov,12-12-68,K,Orta məktəb,İşsiz,117,Nağd istehlak krediti,943,toy xərcləri,23.05,197.0,0,,Xeyr,Rədd edilib,Aşağı kredit reytinqi
72906495,Məryəm Səfərova,10/11/1976,,Magistr,Sahibkar,7600,Mikro kredit,55922,dövriyyə vəsaitlərinin artırılması - Biznes krediti,20.23,1599.0,8,Xeyr,Xeyr,Təsdiqlənib,Müştərinin gəliri və krediti təsdiqləndi
34921038,Aydan Hüseynova,04-09-71,qadin,Bakalavr tehsili,İşləyən,3865,Avtomobil krediti,17056,toy xərcləri,21.65,862.0,3,Xeyr,Xeyr,Təsdiqlənib,Bütün sənədlər qaydasındadır
95262129,Anar Rüstəmov,03-06-04, kişi ,Bakalavr,Tələbə,152,Təhsil krediti,"1,220",əsas vəsaitlərin alınması - Biznes krediti,19.18,620.0,0,,Xeyr,Təsdiqlənib,Bütün sənədlər qaydasındadır
52756366,Əli Sultanov,2007-01-01,,Bakalavr tehsili,Tələbə,208,Təhsil krediti,668,əsas vəsaitlərin alınması - Biznes krediti,23.01,663.0,1,Bəli,Xeyr,Təsdiqlənib,Müştərinin gəliri və krediti təsdiqləndi | Yoxlayıcı_ID: 128
53821157,Nigar İbrahimova,11-17-96,Q,Bakalavr,İşləyən,3029,Nağd istehlak kriditi,19274,məişət avadanlığı alışı,22.1,727.0,2,Bəli,Bəli,Rədd edilib,'Qara siyahı'da olmaq | Yoxlayıcı_ID: 536
60968130,Cavid Qasımov,2000-06-27,,Bakalavr,İşləyən,1910,Nağd istehlak krediti,7636,şəxsi istehlak məqsədi,17.21,802.0,0,,Xeyr,Təsdiqlənib,Müştərinin gəliri və krediti təsdiqləndi
59987353,Səbinə Tağıyeva,1981-09-11,Qadın,Orta məktəb,İşsiz,184,Nağd istehlak krediti,602,tibbi xərclər,12.73,150.0,2,Xeyr,Xeyr,Rədd edilib,Aşağı kredit reytinqi
28732239,Fidan Rzayeva,2005-08-08,qadin,Magistr,Tələbə,173,Təhsil krediti,1013,dövriyyə vəsaitlərinin artırılması - Biznes krediti,17.67,637.0,1,Xeyr,Xeyr,Təsdiqlənib,Müştərinin gəliri və krediti təsdiqləndi
48736341,Murad Babayev,11-14-93,,Bakalavr tehsili,İşləyən,995,Nağd istehlak krediti,1793 AZN,məişət avadanlığı alışı,13.31,1292.0,2,Xeyr,Xeyr,Təsdiqlənib,Bütün sənədlər qaydasındadır
84991476,Fatimə Qasımova,1989-05-28,,Bakalvar,İşləyən,832,Avtomobil krediti,29945,məişət avadanlığı alışı,20.54,1519.0,0,,Xeyr,Rədd edilib,Gəlir çatışmazlığı
79136189,Fatimə Sultanova,1961-07-24,qadin,Orta məktəb,İşsiz,191,Nağd istehlak krediti,520,toy xərcləri,23.4,152.0,0,,Xeyr,Rədd edilib,Aşağı kredit reytinqi
75472960,Nigar Nəsirova,10-25-78,Q,Bakalavr tehsili,İşləyən,3472,Avtomobil krediti,29442,şəxsi istehlak məqsədi,12.08,1013.0,1,Xeyr,Xeyr,Təsdiqlənib,Müştərinin gəliri və krediti təsdiqləndi
85511784,Rəhimov Cavid,29/02/2004,,Magistr,Tələbə,102,Təhsil krediti,1608,dövriyyə vəsaitlərinin artırılması - Biznes krediti,21.55,630.0,0,,Xeyr,Təsdiqlənib,Müştərinin gəliri və krediti təsdiqləndi
79234059,Lalə Sultanova,1992-10-05,,Magistr,İşləyən,1109,Nağd istehlak krediti,3242,şəxsi istehlak məqsədi,13.28,799.0,3,Xeyr,Xeyr,Təsdiqlənib,Müştərinin gəliri və krediti təsdiqləndi
60282944,Nihat Quliyev,1990-11-13,K,Bakalavr,İşləyən,1452,Nağd istehlak krediti,8018,tibbi xərclər,18.63,1146.0,1,Xeyr,Xeyr,Təsdiqlənib,Bütün sənədlər qaydasındadır | Yoxlayıcı_ID: 347
13638716,Günel İsmayılova,06-09-76,Q,Magistr,Sahibkar,3569,Mikro kredit,88936,Biznes krediti,15.67,811.0,2,Xeyr,Xeyr,Rədd edilib,Gəlir çatışmazlığı
40083633,Məryəm Səfərova,2004-01-30,qadin,Bakalavr,Tələbə,105,Təhsil krediti,945,Biznes krediti,19.66,338.0,0,,Xeyr,Rədd edilib,Aşağı kredit reytinqi
86697739,Aydan Rüstəmova,1978-04-17,,Magistr,İşləyən,2097,Nağd istehlak krediti,10015,şəxsi istehlak məqsədi,16.64,932.0,3,Bəli,Xeyr,Təsdiqlənib,Bütün sənədlər qaydasındadır
79880954,Məhəmməd Rüstəmov,1986-03-15, kişi ,Magistr,İşləyən,1900,Nağd istehlak krediti,1889,toy xərcləri,16.19,1305.0,4,Xeyr,Xeyr,Təsdiqlənib,Bütün sənədlər qaydasındadır
57445749,Məhəmməd Rzayev,21/08/1995,,Bakalavr,İşləyən,,Nağd istehlak kriditi,13031 AZN,şəxsi istehlak məqsədi,14.18,1334.0,0,,Xeyr,Təsdiqlənib,Bütün sənədlər qaydasındadır
33345304,Zülfiyyə Abdullayeva,23/05/1983,Qadın,Bakalavr tehsili,İşləyən,2458 AZN,Avtomobil krediti,15885,tibbi xərclər,24.89,1204.0,4,Bəli,Bəli,Rədd edilib,'Qara siyahı'da olmaq | Yoxlayıcı_ID: 503
88185772,Rəşad Tağıyev,30/10/1998, kişi ,Bakalavr tehsili,İşləyən,3149,Nağd istehlak krediti,4076,təmir,15.45,673.0,1,Bəli,Xeyr,Təsdiqlənib,Müştərinin gəliri və krediti təsdiqləndi
48394261,Şəbnəm Sultanova,18/08/1981,,Bakalavr,İşləyən,3448,Avtomobil krediti,9760,toy xərcləri,21.2,1586.0,0,,Xeyr,Təsdiqlənib,Bütün sənədlər qaydasındadır
39366790,Əli Vəliyev,28/09/2001, kişi ,Bakalavr tehsili,İşləyən,3723,Avtomobil krediti,38515,tibbi xərclər,22.29,691.0,3,Xeyr,Xeyr,Təsdiqlənib,Bütün sənədlər qaydasındadır
67837723,Abdullayev Yusif,07/06/1981,,Magistr,İşləyən,3520,Nağd istehlak krediti,3495 AZN,təmir,22.38,,4,Xeyr,Xeyr,Rədd edilib,Aşağı kredit reytinqi
57743403,Emin Əliyev,06-23-71,K,Bakalavr tehsili,İşləyən,1924,Nağd istehlak krediti,14039,tibbi xərclər,16.23,1227.0,3,Bəli,Xeyr,Təsdiqlənib,Bütün sənədlər qaydasındadır
92161762,Murad Səfərov,11-12-72,K,Orta məktəb,İşsiz,65,Nağd istehlak krediti,797,şəxsi istehlak məqsədi,19.25,377.0,1,Xeyr,Bəli,Rədd edilib,'Qara siyahı'da olmaq | Yoxlayıcı_ID: 397
79120352,Elvin Rzayev,07-09-74,,Magistr,İşləyən,1973,Nağd istehlak krediti,16087,toy xərcləri,11.54,1099.0,0,,Xeyr,Təsdiqlənib,Müştərinin gəliri və krediti təsdiqləndi | Yoxlayıcı_ID: 291
36449004,Nigar Səfərova,08-24-72,Qadın,Bakalavr,Sahibkar,3130,Mikro kredit,37919,əsas vəsaitlərin alınması - Biznes krediti,24.21,993.0,4,Bəli,Xeyr,Təsdiqlənib,Müştərinin gəliri və krediti təsdiqləndi
19724250,Elvin Tağıyev,01-02-88,Kişi,Bakalavr tehsili,Sahibkar,4724,Mikro kredit,47173,Biznes krediti,22.33,1657.0,4,Bəli,Xeyr,Təsdiqlənib,Müştərinin gəliri və krediti təsdiqləndi
18677073,Aydan İsmayılova,1996-10-26,,Bakalavr tehsili,İşləyən,1639,Nağd istehlak krediti,16697,toy xərcləri,23.04,1448.0,4,Xeyr,Xeyr,Təsdiqlənib,Müştərinin gəliri və krediti təsdiqləndi
50445805,Ayan Əliyeva,1988-06-26,Q,Bakalavr,Sahibkar,6894,Mikro kredit,84770,dövriyyə vəsaitlərinin artırılması - Biznes krediti,16.83,1433.0,6,Xeyr,Xeyr,Təsdiqlənib,Müştərinin gəliri və krediti təsdiqləndi
32332842,Lalə Rüstəmova,28/06/1997,qadin,Bakalavr tehsili,İşləyən,2096,Avtomobil krediti,20185,məişət avadanlığı alışı,17.68,1259.0,1,Xeyr,Xeyr,Təsdiqlənib,Müştərinin gəliri və krediti təsdiqləndi
43634340,Nihat Cavadov,10/04/2004,Kişi,Magistr,Tələbə,225,Təhsil krediti,1054,əsas vəsaitlərin alınması - Biznes krediti,24.07,798.0,1,Bəli,Xeyr,Təsdiqlənib,Bütün sənədlər qaydasındadır
47046788,Rəna Vəliyeva,1987-12-20,qadin,Orta məktəb,İşsiz,47,Nağd istehlak krediti,837,şəxsi istehlak məqsədi,14.43,413.0,2,Xeyr,Xeyr,Rədd edilib,Aşağı kredit reytinqi
88482105,Ayan Əliyeva,04-14-96,qadin,Magistr,İşləyən,1802,Nağd istehlak krediti,8156,toy xərcləri,17.82,844.0,4,Xeyr,Xeyr,Təsdiqlənib,Müştərinin gəliri və krediti təsdiqləndi | Yoxlayıcı_ID: 485
74386674,Orxan Abdullayev,1982-07-07, kişi ,Bakalavr,İşləyən,1036,Nağd istehlak krediti,15353,şəxsi istehlak məqsədi,15.25,1467.0,4,Bəli,Xeyr,Təsdiqlənib,Səhv və ya natamam müraciət
89432374,Anar Cəfərov,02-07-00,,Orta məktəb,İşsiz,26,Nağd istehlak krediti,712 AZN,toy xərcləri,24.75,580.0,1,Xeyr,Xeyr,Rədd edilib,Gəlir çatışmazlığı
69151642,Samir Babayev,12/12/1985, kişi ,Orta məktəb,İşsiz,358,Nağd istehlak krediti,390,məişət avadanlığı alışı,22.13,364.0,1,Xeyr,Xeyr,Təsdiqlənib,Aşağı kredit reytinqi
87248174,Anar Rüstəmov,15/11/1994,,Bakalavr,İşləyən,1932,Nağd istehlak krediti,4395 manat,toy xərcləri,16.78,1150.0,3,Xeyr,Xeyr,Təsdiqlənib,Müştərinin gəliri və krediti təsdiqləndi | Yoxlayıcı_ID: 796
70922140, Fərid Abdullayev ,12-21-06, kişi ,Bakalavr tehsili,Tələbə,219,Təhsil krediti,2410,əsas vəsaitlərin alınması - Biznes krediti,17.02,398.0,0,,Xeyr,Rədd edilib,Aşağı kredit reytinqi
70623391,Nəsirov Emin,26/05/2004,Kişi,Magistr,Tələbə,210,Təhsil kriditi,2475,əsas vəsaitlərin alınması - Biznes krediti,15.96,658.0,0,,Xeyr,Təsdiqlənib,Bütün sənədlər qaydasındadır
37525900,Səbinə Hüseynova,1982-11-05,,Orta məktəb,İşsiz,132,Nağd istehlak krediti,632,toy xərcləri,15.79,586.0,2,Bəli,Bəli,Rədd edilib,'Qara siyahı'da olmaq
31691812,Məryəm Rzayeva,1980-09-16,,Bakalavr,İşləyən,2387,Nağd istehlak krediti,15120,təmir,12.14,1213.0,2,Bəli,Xeyr,Təsdiqlənib,Müştərinin gəliri və krediti təsdiqləndi
97665911,Ramin Hüseynov,06-05-93, kişi ,Orta məktəb,İşsiz,259,Nağd istehlak krediti,615,şəxsi istehlak məqsədi,22.67,354.0,1,Xeyr,Xeyr,Rədd edilib,Aşağı kredit reytinqi
82720297,Aylin Tağıyeva,15/02/2006,Qadın,Magistr,Tələbə,288,Təhsil krediti,2175,əsas vəsaitlərin alınması - Biznes krediti,14.63,556.0,0,,Xeyr,Təsdiqlənib,Müştərinin gəliri və krediti təsdiqləndi
22097350,Yusif Sultanov,1982-06-23,,Magistr,İşləyən,2517,Avtomobil krediti,20249,şəxsi istehlak məqsədi,23.25,,3,Xeyr,Xeyr,Təsdiqlənib,Müştərinin gəliri və krediti təsdiqləndi
22214848,məhəmməd i̇brahimov,01-10-70,,Orta məktəb,İşsiz,154,Nağd istehlak krediti,354,təmir,23.27,197.0,1,Bəli,Xeyr,Rədd edilib,Aşağı kredit reytinqi
52851682,Aysel Tağıyeva,2003-05-18,qadin,Bakalavr,Tələbə,162 manat,Təhsil krediti,2816,Biznes krediti,15.96,613.0,1,Bəli,Xeyr,Təsdiqlənib,Bütün sənədlər qaydasındadır
47162117,Hüseyn Məmmədov,22/03/1984,,Bakalavr tehsili,İşləyən,1886,Nağd istehlak krediti,15445,şəxsi istehlak məqsədi,18.87,,0,,Xeyr,Təsdiqlənib,Müştərinin gəliri və krediti təsdiqləndi
61233923,Ləman Nəsirova,05-28-85,qadin,Bakalavr,İşləyən,1435,Nağd istehlak krediti,16821 AZN,məişət avadanlığı alışı,16.98,402.0,2,Xeyr,Xeyr,Rədd edilib,Aşağı kredit reytinqi
77420662,Şəbnəm Rzayeva,1972-10-23,,Magistr,İşləyən,2865,Nağd istehlak krediti,16555,təmir,18.29,528.0,1,Bəli,Xeyr,Təsdiqlənib,Bütün sənədlər qaydasındadır
46190262,Aysel Babayeva,1998-06-02,,Bakalavr tehsili,İşləyən,3698,Nağd istehlak krediti,15603,məişət avadanlığı alışı,15.13,947.0,0,,Xeyr,Təsdiqlənib,Müştərinin gəliri və krediti təsdiqləndi
96341753,Aysel Hüseynova,15/12/2000,Q,Magistr,İşləyən,3719,Nağd istehlak krediti,5360,təmir,21.93,1500.0,2,Xeyr,Xeyr,Təsdiqlənib,Müştərinin gəliri və krediti təsdiqləndi
49800136,Anar Rzayev,1987-03-20, kişi ,Bakalavr,Sahibkar,2891,Mikro kridit,98763,əsas vəsaitlərin alınması - Biznes krediti,23.91,1207.0,4,Bəli,Xeyr,Rədd edilib,Gəlir çatışmazlığı
16624624,Aysel Qasımova,1981-11-19,Q,Magistr,İşləyən,3429,Nağd istehlak krediti,17533,şəxsi istehlak məqsədi,23.72,765.0,0,,Xeyr,Təsdiqlənib,Bütün sənədlər qaydasındadır
33513937,Cəfərov Yusif,14/05/1994,Kişi,Bakalavr tehsili,İşləyən,1060,Nağd istehlak krediti,16656,şəxsi istehlak məqsədi,21.03,845.0,2,Bəli,Xeyr,Təsdiqlənib,Müştərinin gəliri və krediti təsdiqləndi
80454869,Zülfiyyə Qasımova,08-23-74,,Bakalavr tehsili,İşləyən,2984,Nağd istehlak krediti,18775,toy xərcləri,12.13,1238.0,4,Bəli,Xeyr,Təsdiqlənib,Müştərinin gəliri və krediti təsdiqləndi
95844012,Anar Qasımov,1988-03-02, kişi ,Orta məktəb,İşsiz,220,Nağd istehlak krediti,501,toy xərcləri,22.22,262.0,0,,Bəli,Rədd edilib,'Qara siyahı'da olmaq
27168773,Günel Sultanova,04-28-06,Qadın,Bakalavr,Tələbə,217,Təhsil krediti,2221,əsas vəsaitlərin alınması - Biznes krediti,16.33,247.0,0,,Xeyr,Rədd edilib,Aşağı kredit reytinqi | Yoxlayıcı_ID: 574
20954027,Fatimə Nəsirova,18/09/2006,qadin,Magistr,Tələbə,145,Təhsil krediti,1794,əsas vəsaitlərin alınması - Biznes krediti,14.47,540.0,0,,Xeyr,Təsdiqlənib,Bütün sənədlər qaydasındadır
93457469,zeynəb nəsirova,1993-09-10,qadin,Bakalavr,İşləyən,3644,Nağd istehlak krediti,13337,şəxsi istehlak məqsədi,22.66,665.0,1,Bəli,Xeyr,Təsdiqlənib,Bütün sənədlər qaydasındadır
32821497,Samir Nəsirov,25/05/1992,Kişi,Bakalavr,İşləyən,3116,Nağd istehlak krediti,837,toy xərcləri,16.72,897.0,0,,Xeyr,Təsdiqlənib,Müştərinin gəliri və krediti təsdiqləndi | Yoxlayıcı_ID: 729
38800267,Ləman Səfərova,1989-08-21,qadin,Orta məktəb,İşsiz,36,Nağd istehlak krediti,532,şəxsi istehlak məqsədi,11.24,591.0,2,Xeyr,Xeyr,Təsdiqlənib,Müştərinin gəliri və krediti təsdiqləndi
41385513,Fidan Rzayeva,2004-02-09,qadin,Bakalavr,Tələbə,276 AZN,Təhsil krediti,1557,dövriyyə vəsaitlərinin artırılması - Biznes krediti,12.03,237.0,0,,Xeyr,Rədd edilib,Aşağı kredit reytinqi
22325490,Tural İsmayılov,01-30-06,K,Magistr,Tələbə,183,Təhsil krediti,2185,dövriyyə vəsaitlərinin artırılması - Biznes krediti,14.48,360.0,0,,Xeyr,Rədd edilib,Aşağı kredit reytinqi
74653596,Orxan Nəsirov,07-13-07,Kişi,Bakalavr tehsili,Tələbə,236,Təhsil krediti,2442,əsas vəsaitlərin alınması - Biznes krediti,21.04,348.0,0,,Xeyr,Rədd edilib,Aşağı kredit reytinqi
57333022,Əli Səfərov,05/02/1989, kişi ,Magistr,Sahibkar,8708,Mikro kredit,24366,Biznes krediti,14.69,1393.0,3,Bəli,Xeyr,Təsdiqlənib,Bütün sənədlər qaydasındadır
73004361,Kamal Qasımov,01-29-72,,Orta məktəb,İşsiz,,Nağd istehlak krediti,328,təmir,18.78,326.0,1,Xeyr,Xeyr,Rədd edilib,Aşağı kredit reytinqi
77945020,Hüseyn Vəliyev,25/10/1989,Kişi,Bakalavr,İşləyən,3754,Nağd istehlak krediti,6130,toy xərcləri,14.63,682.0,3,Xeyr,Xeyr,Təsdiqlənib,Müştərinin gəliri və krediti təsdiqləndi | Yoxlayıcı_ID: 976
29580857,Ayan Rzayeva,04/03/1976,Q,Orta məktəb,İşsiz,61,Nağd istehlak krediti,531,təmir,24.26,479.0,2,Bəli,Bəli,Rədd edilib,'Qara siyahı'da olmaq
56601978,Aysel Rəhimova,09-30-83,Q,Bakalavr,İşləyən,1484,Avtomobil krediti,33496,toy xərcləri,14.59,887.0,1,Xeyr,Xeyr,Təsdiqlənib,Bütün sənədlər qaydasındadır | Yoxlayıcı_ID: 554
63911711,Cəfərova Səbinə,23/06/1980,,Bakalavr tehsili,Sahibkar,5052,Mikro kredit,31248,Biznes krediti,20.65,,2,Xeyr,Xeyr,Təsdiqlənib,Müştərinin gəliri və krediti təsdiqləndi
24606069,Rəşad Abdullayev,25/12/1990,,Magistr,Sahibkar,3343,Mikro kredit,7590 manat,Biznes krediti,22.6,1686.0,7,Bəli,Xeyr,Təsdiqlənib,Müştərinin gəliri və krediti təsdiqləndi
60226880,Samir Cavadov,26/09/2003,,Magistr,Tələbə,120,Təhsil krediti,1152 AZN,əsas vəsaitlərin alınması - Biznes krediti,14.48,785.0,0,,Xeyr,Təsdiqlənib,Bütün sənədlər qaydasındadır
38491473,Rauf İbrahimov,1989-07-24,,Bakalavr,İşləyən,1509,Nağd istehlak krediti,17168 manat,toy xərcləri,15.83,1325.0,1,Bəli,Xeyr,Təsdiqlənib,Müştərinin gəliri və krediti təsdiqləndi
14003403,Nigar Səfərova,04-05-81,Q,Bakalavr,Sahibkar,6757,Mikro kredit,38766 AZN,dövriyyə vəsaitlərinin artırılması - Biznes krediti,16.54,1800.0,3,Bəli,Xeyr,Təsdiqlənib,Müştərinin gəliri və krediti təsdiqləndi
63702509,Məryəm Əhmədova,11-14-86,,Magistr,İşləyən,2052,Nağd istehlak krediti,7993,təmir,19.93,1147.0,2,Xeyr,Xeyr,Təsdiqlənib,Müştərinin gəliri və krediti təsdiqləndi
13097626,Tural Əliyev,04/05/1974,Kişi,Bakalavr,Sahibkar,3133,Mikro kredit,24851,Biznes krediti,19.87,826.0,7,Xeyr,Xeyr,Təsdiqlənib,Bütün sənədlər qaydasındadır | Yoxlayıcı_ID: 954
52486668,Orxan Əhmədov,09-25-96,,Bakalavr tehsili,İşləyən,1481,Nağd istehlak krediti,8853,toy xərcləri,18.47,479.0,0,,Xeyr,Rədd edilib,Aşağı kredit reytinqi
34648974, Ayan Nəsirova ,07-27-73,Q,Bakalavr tehsili,İşləyən,1483,Nağd istehlak krediti,7447,təmir,24.42,510.0,4,Bəli,Xeyr,Təsdiqlənib,Müştərinin gəliri və krediti təsdiqləndi
22504054,Nihat İsmayılov,1993-07-07,Kişi,Magistr,Sahibkar,8418,Mikro kredit,16915,dövriyyə vəsaitlərinin artırılması - Biznes krediti,16.18,1004.0,3,Bəli,Xeyr,Təsdiqlənib,Bütün sənədlər qaydasındadır | Yoxlayıcı_ID: 129
50332251,Zeynəb Rüstəmova,1983-03-13,Q,Orta məktəb,İşsiz,105,Nağd istehlak krediti,812,şəxsi istehlak məqsədi,12.96,527.0,1,Bəli,Xeyr,Təsdiqlənib,Bütün sənədlər qaydasındadır
14070864,Kamal Hüseynov,14/01/1985,,Bakalavr tehsili,İşləyən,3584,Nağd istehlak krediti,3768,məişət avadanlığı alışı,24.12,870.0,3,Xeyr,Xeyr,Təsdiqlənib,Müştərinin gəliri və krediti təsdiqləndi
59361455, Sahil Vəliyev ,04-28-05, kişi ,Bakalavr tehsili,Tələbə,159,Təhsil krediti,878,dövriyyə vəsaitlərinin artırılması - Biznes krediti,19.93,614.0,0,,Xeyr,Təsdiqlənib,Gəlir çatışmazlığı | Yoxlayıcı_ID: 636
61103949,Nigar Səfərova,03-05-78,Q,Magistr,İşləyən,1440,Nağd istehlak krediti,18360,tibbi xərclər,11.67,449.0,0,,Xeyr,Rədd edilib,Aşağı kredit reytinqi | Yoxlayıcı_ID: 600
59253276,Məryəm Vəliyeva,1996-03-11,Q,Bakalavr tehsili,İşləyən,2467,Nağd istehlak krediti,9726,məişət avadanlığı alışı,24.99,752.0,0,,Xeyr,Təsdiqlənib,Bütün sənədlər qaydasındadır
28076922,Anar Nəsirov,13/06/1983,K,Bakalavr tehsili,İşləyən,1753,Avtomobil krediti,16582,tibbi xərclər,16.12,943.0,3,Xeyr,Xeyr,Təsdiqlənib,Bütün sənədlər qaydasındadır
93939682,Nihat Nəsirov,05/02/1978,,Bakalvar,İşləyən,839,Nağd istehlak krediti,14844,məişət avadanlığı alışı,17.75,660.0,4,Xeyr,Xeyr,Təsdiqlənib,Müştərinin gəliri və krediti təsdiqləndi
36715158, Emin Babayev ,1985-10-31,,Bakalavr,Sahibkar,5478,Mikro kredit,38385,dövriyyə vəsaitlərinin artırılması - Biznes krediti,18.87,1274.0,6,Bəli,Xeyr,Təsdiqlənib,Müştərinin gəliri və krediti təsdiqləndi
76350310,Ayan Rüstəmova,12-17-73,qadin,Orta məktəb,İşsiz,399,Nağd istehlak krediti,638,şəxsi istehlak məqsədi,14.18,523.0,1,Xeyr,Xeyr,Təsdiqlənib,Bütün sənədlər qaydasındadır
27566165,Zülfiyyə Babayeva,10-07-68,qadin,Orta məktəb,İşsiz,278,Nağd istehlak krediti,408,toy xərcləri,20.59,228.0,1,Xeyr,Xeyr,Rədd edilib,Aşağı kredit reytinqi
34274245,Nihat Sultanov,1981-05-03,K,Magistr,İşləyən,1010,Nağd istehlak krediti,18098,toy xərcləri,14.74,714.0,4,Xeyr,Xeyr,Təsdiqlənib,Müştərinin gəliri və krediti təsdiqləndi
64555344,Samir Nəsirov,17/11/1995, kişi ,Orta məktəb,İşsiz,224,Nağd istehlak krediti,865,təmir,21.49,363.0,0,,Bəli,Rədd edilib,'Qara siyahı'da olmaq | Yoxlayıcı_ID: 448
69817484,Kamal Cavadov,1989-09-24,,Bakalavr,İşləyən,3521,Avtomobil krediti,22653,toy xərcləri,20.19,593.0,1,Bəli,Xeyr,Təsdiqlənib,Bütün sənədlər qaydasındadır
27947468,Elvin Məmmədov,11/10/1981,,Bakalavr,İşləyən,2722,Nağd istehlak krediti,14429,şəxsi istehlak məqsədi,15.35,802.0,0,,Xeyr,Təsdiqlənib,Müştərinin gəliri və krediti təsdiqləndi | Yoxlayıcı_ID: 255
89160162,Rəşad Səfərov,1999-10-09,,Bakalavr tehsili,İşləyən,1912,Avtomobil krediti,11108,məişət avadanlığı alışı,18.69,754.0,2,Bəli,Xeyr,Təsdiqlənib,Müştərinin gəliri və krediti təsdiqləndi
22970238,Nərmin Əliyeva,2006-02-13,,Magistr,Tələbə,108,Təhsil krediti,1484,əsas vəsaitlərin alınması - Biznes krediti,12.41,489.0,1,Bəli,Xeyr,Rədd edilib,Aşağı kredit reytinqi
83805907,Nihat Məmmədov,11-07-75,K,Bakalavr,İşləyən,1092,Nağd istehlak krediti,15627,toy xərcləri,16.84,1034.0,3,Xeyr,Xeyr,Təsdiqlənib,Müştərinin gəliri və krediti təsdiqləndi
41603553,Uğur Cəfərov,1976-10-04,Kişi,Bakalavr tehsili,İşləyən,3883 AZN,Nağd istehlak krediti,8049,şəxsi istehlak məqsədi,17.4,578.0,0,,Bəli,Rədd edilib,'Qara siyahı'da olmaq
27997181,Fidan Hüseynova,1975-07-17,qadin,Magistr,İşləyən,1114,Nağd istehlak krediti,654,tibbi xərclər,22.86,877.0,1,Bəli,Xeyr,Təsdiqlənib,Müştərinin gəliri və krediti təsdiqləndi | Yoxlayıcı_ID: 127
46912038,Məryəm Sultanova,2007-10-08,Q,Magistr,Tələbə,157,Təhsil krediti,2471,əsas vəsaitlərin alınması - Biznes krediti,17.91,681.0,0,,Xeyr,Təsdiqlənib,Bütün sənədlər qaydasındadır
23038375,Kamal Əliyev,05-03-83,,Magistr,Sahibkar,5015,Mikro kredit,45696,əsas vəsaitlərin alınması - Biznes krediti,24.18,948.0,3,Xeyr,Xeyr,Təsdiqlənib,Bütün sənədlər qaydasındadır
80049911,Ləman İsmayılova,2005-10-11,qadin,Magistr,Tələbə,245,Təhsil krediti,2061,dövriyyə vəsaitlərinin artırılması - Biznes krediti,24.26,701.0,1,Xeyr,Xeyr,Təsdiqlənib,Bütün sənədlər qaydasındadır
38245161,Hüseyn Quliyev,04/02/1979,Kişi,Bakalavr tehsili,İşləyən,2510,Nağd istehlak krediti,"18,208",məişət avadanlığı alışı,13.3,935.0,3,Bəli,Xeyr,Təsdiqlənib,Müştərinin gəliri və krediti təsdiqləndi
31417753,Murad Sultanov,06/01/2006,K,Bakalavr tehsili,Tələbə,107,Təhsil krediti,2489,dövriyyə vəsaitlərinin artırılması - Biznes krediti,17.76,293.0,0,,Xeyr,Təsdiqlənib,Aşağı kredit reytinqi
36760014,Ayan Nəsirova,2004-03-10,qadin,Bakalavr,Tələbə,140,Təhsil krediti,2513,əsas vəsaitlərin alınması - Biznes krediti,18.47,223.0,0,,Xeyr,Rədd edilib,Aşağı kredit reytinqi
63411792,nigar səfərova,1983-01-29,Q,Bakalavr,Sahibkar,,Mikro kredit,55645,Biznes krediti,24.21,1557.0,3,Bəli,Xeyr,Təsdiqlənib,Bütün sənədlər qaydasındadır
12886085,Elvin Cavadov,22/02/1999,K,Orta məktəb,İşsiz,16,Nağd istehlak krediti,771,şəxsi istehlak məqsədi,19.25,379.0,0,,Xeyr,Rədd edilib,Aşağı kredit reytinqi
44168432,Tağıyev Rauf,1992-10-20,Kişi,Bakalavr,Sahibkar,6196,Mikro kredit,69458,əsas vəsaitlərin alınması - Biznes krediti,22.09,974.0,7,Xeyr,Xeyr,Təsdiqlənib,Bütün sənədlər qaydasındadır
72518121,Səbinə Cavadova,21/07/2005,Q,Magistr,Tələbə,167,Təhsil krediti,2052,Biznes krediti,21.81,275.0,1,Xeyr,Xeyr,Rədd edilib,Aşağı kredit reytinqi
65947488,Ayan Rüstəmova,1978-10-16,Qadın,Orta məktəb,İşsiz,65,Nağd istehlak krediti,674,tibbi xərclər,13.24,107.0,1,Xeyr,Xeyr,Rədd edilib,Aşağı kredit reytinqi
89655352,Zülfiyyə Səfərova,1987-07-03,Q,Bakalavr,İşləyən,1794,Nağd istehlak krediti,16878,toy xərcləri,12.52,442.0,0,,Xeyr,Rədd edilib,Aşağı kredit reytinqi | Yoxlayıcı_ID: 242
39313033,Hüseyn Cəfərov,1985-07-15,Kişi,Bakalavr tehsili,İşləyən,1651,Nağd istehlak krediti,5683,təmir,19.37,1522.0,1,Xeyr,Xeyr,Təsdiqlənib,Bütün sənədlər qaydasındadır
26944366,Əli Səfərov,29/03/2003,,Bakalavr,Tələbə,180,Təhsil krediti,"2,693",dövriyyə vəsaitlərinin artırılması - Biznes krediti,20.98,320.0,1,Xeyr,Xeyr,Rədd edilib,Aşağı kredit reytinqi
40169747,Ləman Səfərova,21/03/2000,,Bakalavr,İşləyən,2108,Nağd istehlak krediti,14323,məişət avadanlığı alışı,22.93,660.0,3,Xeyr,Xeyr,Təsdiqlənib,Bütün sənədlər qaydasındadır
45713241,Aylin Əliyeva,1992-06-12,qadin,Bakalavr,İşləyən,1467,Nağd istehlak krediti,12612,toy xərcləri,21.24,1289.0,3,Xeyr,Xeyr,Təsdiqlənib,Bütün sənədlər qaydasındadır
29391969,Zülfiyyə Əliyeva,1961-04-01,qadin,Orta məktəb,İşsiz,78,Nağd istehlak krediti,902,tibbi xərclər,17.82,179.0,1,Xeyr,Bəli,Rədd edilib,'Qara siyahı'da olmaq
82201890,Zəhra Abdullayeva,1998-03-10,,Magistr,İşləyən,2568,Avtomobil krediti,11970,məişət avadanlığı alışı,16.26,1299.0,3,Bəli,Xeyr,Təsdiqlənib,Bütün sənədlər qaydasındadır
34616557,Nərmin Quliyeva,20/04/2000,,Orta məktəb,İşsiz,243,Nağd istehlak krediti,757,tibbi xərclər,19.48,164.0,1,Bəli,Bəli,Rədd edilib,'Qara siyahı'da olmaq
76017113,Ramin Quliyev,15/01/1971,Kişi,Bakalavr tehsili,İşləyən,3175,Avtomobil krediti,37261,toy xərcləri,12.31,748.0,1,Xeyr,Xeyr,Təsdiqlənib,Müştərinin gəliri və krediti təsdiqləndi
90283238,Ramin İbrahimov,22/04/1989, kişi ,Bakalavr tehsili,İşləyən,1191,Nağd istehlak krediti,17145,şəxsi istehlak məqsədi,19.36,931.0,2,Bəli,Xeyr,Təsdiqlənib,Müştərinin gəliri və krediti təsdiqləndi
94829543,Aylin Babayeva,1990-03-24,Q,Bakalavr,İşləyən,1988,Nağd istehlak krediti,5580,məişət avadanlığı alışı,16.56,1169.0,0,,Xeyr,Təsdiqlənib,Müştərinin gəliri və krediti təsdiqləndi | Yoxlayıcı_ID: 353
95947797,Ayan Rəhimova,05-16-85,Qadın,Magistr,İşləyən,1575,Nağd istehlak krediti,10345,məişət avadanlığı alışı,19.2,1275.0,2,Xeyr,Xeyr,Təsdiqlənib,Müştərinin gəliri və krediti təsdiqləndi
49609462,Anar Rüstəmov,01-12-04,Kişi,Bakalavr,Tələbə,190,Təhsil krediti,728,dövriyyə vəsaitlərinin artırılması - Biznes krediti,22.14,615.0,1,Xeyr,Xeyr,Təsdiqlənib,Bütün sənədlər qaydasındadır
47055645,Fərid Sultanov,07-08-97,K,Magistr,İşləyən,3914,Avtomobil krediti,"17,936",şəxsi istehlak məqsədi,22.95,725.0,4,Xeyr,Xeyr,Təsdiqlənib,Bütün sənədlər qaydasındadır | Yoxlayıcı_ID: 302
64605684,Rəşad Cəfərov,1976-03-15, kişi ,Bakalavr tehsili,Sahibkar,2606,Mikro kredit,57907,Biznes krediti,16.46,1529.0,6,Bəli,Xeyr,Təsdiqlənib,Müştərinin gəliri və krediti təsdiqləndi
19924361,Tural Rzayev,11-08-92,,Orta məktəb,İşsiz,221,Nağd istehlak krediti,504,şəxsi istehlak məqsədi,19.16,479.0,0,,Xeyr,Rədd edilib,Aşağı kredit reytinqi
85521059,Zəhra Məmmədova,1962-05-17,qadin,Orta məktəb,İşsiz,126,Nağd istehlak krediti,675,tibbi xərclər,21.16,182.0,2,Xeyr,Xeyr,Rədd edilib,Aşağı kredit reytinqi
74432761,Günel Hüseynova,18/04/1986,Qadın,Orta məktəb,İşsiz,73,Nağd istehlak krediti,348,məişət avadanlığı alışı,12.63,101.0,2,Bəli,Bəli,Rədd edilib,'Qara siyahı'da olmaq
88600125,Orxan Əliyev,2003-10-20,,Bakalavr tehsili,Tələbə,157,Təhsil krediti,935,dövriyyə vəsaitlərinin artırılması - Biznes krediti,20.47,554.0,0,Bəli,Xeyr,Təsdiqlənib,Bütün sənədlər qaydasındadır
36354723,Aylin Sultanova,1983-11-21,qadin,Bakalavr,İşləyən,2103,Nağd istehlak krediti,585,toy xərcləri,19.93,697.0,2,Bəli,Xeyr,Təsdiqlənib,Müştərinin gəliri və krediti təsdiqləndi
19510903,Zülfiyyə Məmmədova,1996-09-21,qadin,Bakalavr,İşləyən,1775,Nağd istehlak krediti,4366,tibbi xərclər,13.63,852.0,0,,Xeyr,Təsdiqlənib,Müştərinin gəliri və krediti təsdiqləndi
56372761,Emin Səfərov,2003-04-17,Kişi,Bakalavr tehsili,Tələbə,190,Təhsil krediti,1625,Biznes krediti,23.58,472.0,0,,Xeyr,Rədd edilib,Aşağı kredit reytinqi
34302546,yusif rəhimov,2006-08-03,K,Magistr,Tələbə,267,Təhsil krediti,2991,dövriyyə vəsaitlərinin artırılması - Biznes krediti,18.95,763.0,0,,Xeyr,Təsdiqlənib,Bütün sənədlər qaydasındadır
40886215,Zeynəb Nəsirova,12/05/2007,qadin,Bakalvar,Tələbə,288,Təhsil krediti,1355,Biznes krediti,15.06,401.0,1,Xeyr,Xeyr,Rədd edilib,Aşağı kredit reytinqi | Yoxlayıcı_ID: 734
69983357,Sevinc Cavadova,26/03/1974,Qadın,Bakalavr,İşləyən,2963,Nağd istehlak krediti,17787,tibbi xərclər,17.49,1450.0,0,,Xeyr,Təsdiqlənib,Bütün sənədlər qaydasındadır
62826269,Orxan Rəhimov,1984-02-25,K,Orta məktəb,İşsiz,332,Nağd istehlak krediti,977,tibbi xərclər,22.35,348.0,2,Bəli,Xeyr,Rədd edilib,Aşağı kredit reytinqi
76457573,Yusif Hüseynov,03-04-90,K,Bakalavr,İşləyən,,Nağd istehlak krediti,19071,toy xərcləri,13.71,741.0,1,Xeyr,Xeyr,Təsdiqlənib,Müştərinin gəliri və krediti təsdiqləndi
70050839,Tural Qasımov,2005-06-06,Kişi,Magistr,Tələbə,107,Təhsil krediti,1623,əsas vəsaitlərin alınması - Biznes krediti,18.07,345.0,0,,Xeyr,Rədd edilib,Aşağı kredit reytinqi
41100214,Cavid Hüseynov,1975-11-27,K,Magistr,Sahibkar,7415,Mikro kredit,34971,dövriyyə vəsaitlərinin artırılması - Biznes krediti,23.74,1084.0,4,Bəli,Xeyr,Təsdiqlənib,Gəlir çatışmazlığı
89819973,Zülfiyyə Rzayeva,17/10/1995,,Magistr,İşləyən,2300,Nağd istehlak krediti,15477,tibbi xərclər,23.4,715.0,2,Xeyr,Xeyr,Təsdiqlənib,Müştərinin gəliri və krediti təsdiqləndi
79788789,Zeynəb Əhmədova,11-05-02,qadin,Bakalavr tehsili,Tələbə,174,Təhsil krediti,1557,əsas vəsaitlərin alınması - Biznes krediti,12.15,,0,,Xeyr,Təsdiqlənib,Bütün sənədlər qaydasındadır
19751706,Elvin Səfərov,1992-09-24,,Orta məktəb,İşsiz,264,Nağd istehlak krediti,474,məişət avadanlığı alışı,23.15,456.0,1,Xeyr,Bəli,Rədd edilib,'Qara siyahı'da olmaq
62286812,Fidan Hüseynova,08-08-92,Qadın,Bakalavr,İşləyən,3631,Avtomobil krediti,8146,şəxsi istehlak məqsədi,10.92,1529.0,3,Bəli,Xeyr,Təsdiqlənib,Bütün sənədlər qaydasındadır
33258740,Samir Vəliyev,12-22-03,,Magistr,Tələbə,112,Təhsil krediti,591,dövriyyə vəsaitlərinin artırılması - Biznes krediti,24.42,220.0,0,,Xeyr,Rədd edilib,Aşağı kredit reytinqi
10392432,Məhəmməd Cavadov,03-30-06,,Bakalavr,Tələbə,299,Təhsil krediti,1939,Biznes krediti,16.15,242.0,0,,Xeyr,Rədd edilib,Aşağı kredit reytinqi
98261064,Kəmalə Qasımova,01-13-89,Q,Magistr,İşləyən,2783,Nağd istehlak krediti,10581,məişət avadanlığı alışı,20.17,1483.0,1,Bəli,Xeyr,Təsdiqlənib,Müştərinin gəliri və krediti təsdiqləndi
95410576,Məmmədova Səbinə,12/02/1973,Qadın,Bakalavr,İşləyən,1416,Nağd istehlak krediti,6188,toy xərcləri,23.15,1460.0,2,Xeyr,Bəli,Rədd edilib,'Qara siyahı'da olmaq
89975025,Kamal Babayev,27/04/1997,Kişi,Bakalavr tehsili,İşləyən,1902,Nağd istehlak krediti,18728,şəxsi istehlak məqsədi,12.19,643.0,1,Xeyr,Xeyr,Təsdiqlənib,Bütün sənədlər qaydasındadır
23821732,Ayan Rzayeva,1974-05-06,qadin,Bakalavr,İşləyən,"1,512",Nağd istehlak krediti,8786,toy xərcləri,23.93,670.0,2,Xeyr,Xeyr,Təsdiqlənib,Bütün sənədlər qaydasındadır
73361933,Günel Babayeva,02/08/2005,,Magistr,Tələbə,282,Təhsil krediti,795,dövriyyə vəsaitlərinin artırılması - Biznes krediti,23.87,529.0,1,Xeyr,Xeyr,Təsdiqlənib,Müştərinin gəliri və krediti təsdiqləndi
12681783,Fidan Səfərova,1980-07-29,Q,Bakalavr,İşləyən,816,Nağd istehlak krediti,11178,məişət avadanlığı alışı,21.94,908.0,1,Bəli,Xeyr,Təsdiqlənib,Müştərinin gəliri və krediti təsdiqləndi
87730695,şəbnəm i̇smayılova,01/10/1992,,Bakalavr,İşləyən,2296,Avtomobil krediti,38276,təmir,22.93,578.0,2,Bəli,Xeyr,Təsdiqlənib,Müştərinin gəliri və krediti təsdiqləndi | Yoxlayıcı_ID: 967
23971326,Fatimə Cəfərova,09-30-81,qadin,Magistr,İşləyən,1485,Nağd istehlak krediti,1666,məişət avadanlığı alışı,12.58,1541.0,2,Xeyr,Xeyr,Təsdiqlənib,Bütün sənədlər qaydasındadır
32643290,Murad Tağıyev,1993-12-22,K,Bakalavr,İşləyən,3192,Nağd istehlak krediti,14685,toy xərcləri,20.23,748.0,4,Xeyr,Xeyr,Təsdiqlənib,Müştərinin gəliri və krediti təsdiqləndi | Yoxlayıcı_ID: 495
68350283,Orxan Məmmədov,15/08/1971,K,Bakalavr,İşləyən,816,Nağd istehlak krediti,12869,şəxsi istehlak məqsədi,16.47,1079.0,3,Xeyr,Xeyr,Təsdiqlənib,Səhv və ya natamam müraciət
66156598,Səbinə Quliyeva,1990-09-05,Q,Orta məktəb,İşsiz,119,Nağd istehlak krediti,645,tibbi xərclər,12.1,354.0,1,Xeyr,Xeyr,Rədd edilib,Aşağı kredit reytinqi | Yoxlayıcı_ID: 863
26416315,Əli Sultanov,01/01/1973,K,Bakalavr tehsili,İşləyən,3064,Nağd istehlak krediti,6230,şəxsi istehlak məqsədi,15.46,1140.0,3,Xeyr,Xeyr,Təsdiqlənib,Müştərinin gəliri və krediti təsdiqləndi | Yoxlayıcı_ID: 812
54564578,Lalə Məmmədova,1983-07-20,Qadın,Magistr,İşləyən,3979,Nağd istehlak krediti,11872,şəxsi istehlak məqsədi,10.91,706.0,4,Bəli,Bəli,Rədd edilib,'Qara siyahı'da olmaq
46959242,Ramin Qasımov,1991-12-15,Kişi,Bakalavr tehsili,İşləyən,804,Nağd istehlak krediti,14543,toy xərcləri,18.56,943.0,1,Bəli,Xeyr,Təsdiqlənib,Müştərinin gəliri və krediti təsdiqləndi | Yoxlayıcı_ID: 609
86560025,Nigar Cəfərova,01-26-04,,Magistr,Tələbə,297,Təhsil krediti,1195,əsas vəsaitlərin alınması - Biznes krediti,12.77,386.0,0,,Xeyr,Rədd edilib,Aşağı kredit reytinqi
71078854,ləman nəsirova,04-08-84,,Orta məktəb,İşsiz,174,Nağd istehlak krediti,963,məişət avadanlığı alışı,22.68,,1,Bəli,Xeyr,Təsdiqlənib,Bütün sənədlər qaydasındadır
79150599,Murad Tağıyev,2003-09-19, kişi ,Magistr,Tələbə,209,Təhsil krediti,871 AZN,dövriyyə vəsaitlərinin artırılması - Biznes krediti,16.7,535.0,1,Xeyr,Xeyr,Təsdiqlənib,Müştərinin gəliri və krediti təsdiqləndi
85615448,Rauf Nəsirov,2004-07-22,K,Magistr,Tələbə,132,Təhsil krediti,1129,əsas vəsaitlərin alınması - Biznes krediti,11.33,387.0,0,,Xeyr,Rədd edilib,Aşağı kredit reytinqi
37232707,Samir Rəhimov,1992-04-13, kişi ,Magistr,İşləyən,2707,Nağd istehlak krediti,6138,məişət avadanlığı alışı,22.85,1014.0,3,Bəli,Xeyr,Təsdiqlənib,Bütün sənədlər qaydasındadır
81531875,Zülfiyyə Səfərova,10/03/2002,,Bakalavr,İşləyən,2576,Nağd istehlak krediti,667,məişət avadanlığı alışı,16.1,1196.0,0,,Xeyr,Təsdiqlənib,Müştərinin gəliri və krediti təsdiqləndi
95806479,Hüseyn Qasımov,05-19-75,Kişi,Orta məktəb,İşsiz,193,Nağd istehlak krediti,759,şəxsi istehlak məqsədi,11.61,520.0,1,Xeyr,Xeyr,Təsdiqlənib,Bütün sənədlər qaydasındadır | Yoxlayıcı_ID: 168
88237817,Fatimə Rəhimova,01/04/1971,Qadın,Bakalavr tehsili,İşləyən,2182,Nağd istehlak krediti,10822,şəxsi istehlak məqsədi,23.14,681.0,1,Bəli,Xeyr,Təsdiqlənib,Bütün sənədlər qaydasındadır | Yoxlayıcı_ID: 836
36657728,Nihat Tağıyev,28/03/1990, kişi ,Bakalavr tehsili,İşləyən,3374,Avtomobil krediti,26001,təmir,17.17,871.0,0,,Xeyr,Təsdiqlənib,Bütün sənədlər qaydasındadır | Yoxlayıcı_ID: 586
76234365,Rəna Əhmədova,08/06/1994,,Bakalavr tehsili,İşləyən,3872,Nağd istehlak krediti,4008,məişət avadanlığı alışı,19.37,1008.0,4,Bəli,Xeyr,Təsdiqlənib,Bütün sənədlər qaydasındadır
19315110,nihat quliyev,12-03-85, kişi ,Bakalvar tehsili,İşləyən,3874,Nağd istehlak krediti,13264,şəxsi istehlak məqsədi,16.24,616.0,3,Xeyr,Xeyr,Təsdiqlənib,Səhv və ya natamam müraciət
11050841,Əhmədov Hüseyn,14/05/1980,Kişi,Bakalavr,İşləyən,1778,Nağd istehlak krediti,13867,şəxsi istehlak məqsədi,21.11,,1,Xeyr,Xeyr,Təsdiqlənib,Müştərinin gəliri və krediti təsdiqləndi | Yoxlayıcı_ID: 275
62454883,Anar Rzayev,1973-02-23,,Bakalavr tehsili,İşləyən,3457,Nağd istehlak krediti,11470,şəxsi istehlak məqsədi,14.49,708.0,3,Xeyr,Xeyr,Təsdiqlənib,Bütün sənədlər qaydasındadır
46660803,Səbinə Quliyeva,09/07/2007,qadin,Bakalavr,Tələbə,173,Təhsil krediti,2169,Biznes krediti,17.24,264.0,0,,Xeyr,Rədd edilib,Aşağı kredit reytinqi
87613696,Zəhra Rzayeva,08-06-63,Qadın,Orta məktəb,İşsiz,310,Nağd istehlak krediti,862,tibbi xərclər,13.24,268.0,1,Xeyr,Xeyr,Rədd edilib,Aşağı kredit reytinqi
78070956,Kamal Cavadov,08-12-99,K,Bakalavr,İşləyən,1055,Nağd istehlak krediti,"15,110",məişət avadanlığı alışı,13.73,1150.0,2,Xeyr,Xeyr,Təsdiqlənib,Aşağı kredit reytinqi | Yoxlayıcı_ID: 484
41383237,Zəhra Məmmədova,16/11/1980,,Bakalavr,İşləyən,3249,Nağd istehlak krediti,15525,təmir,24.98,903.0,4,Bəli,Bəli,Rədd edilib,'Qara siyahı'da olmaq
90923322,Kəmalə İbrahimova,01-11-65,,Orta məktəb,İşsiz,3,Nağd istehlak krediti,515,tibbi xərclər,15.13,579.0,0,,Xeyr,Rədd edilib,Gəlir çatışmazlığı
68425356,Tural Tağıyev,05/08/1983,Kişi,Magistr,İşləyən,,Avtomobil krediti,14766,məişət avadanlığı alışı,18.15,1571.0,0,,Xeyr,Təsdiqlənib,Bütün sənədlər qaydasındadır
65071233,Cavid Qasımov,20/02/1987,,Bakalavr,İşləyən,3155,Nağd istehlak krediti,17422,təmir,11.33,1421.0,2,Bəli,Xeyr,Təsdiqlənib,Bütün sənədlər qaydasındadır
25231680, Yusif İsmayılov ,06-12-04,,Bakalavr,Tələbə,135,Təhsil krediti,1949,əsas vəsaitlərin alınması - Biznes krediti,12.66,207.0,0,,Xeyr,Rədd edilib,Aşağı kredit reytinqi
38096695,Məryəm Əliyeva,1973-07-11,Q,Orta məktəb,İşsiz,109,Nağd istehlak krediti,713,şəxsi istehlak məqsədi,20.29,448.0,2,Bəli,Xeyr,Rədd edilib,Aşağı kredit reytinqi
58162613,Anar Əliyev,05/04/1984,,Magistr,Sahibkar,5083,Mikro kredit,31780,əsas vəsaitlərin alınması - Biznes krediti,21.87,1051.0,2,Bəli,Xeyr,Təsdiqlənib,Müştərinin gəliri və krediti təsdiqləndi
97130295,Zeynəb Cəfərova,15/08/1989,Q,Orta məktəb,İşsiz,113,Nağd istehlak krediti,548365,məişət avadanlığı alışı,21.09,481.0,2,Bəli,Xeyr,Rədd edilib,Aşağı kredit reytinqi
18397039,Ramin Vəliyev,01-18-89,,Orta məktəb,İşsiz,200,Nağd istehlak krediti,864,şəxsi istehlak məqsədi,11.42,559.0,1,Xeyr,Xeyr,Təsdiqlənib,Bütün sənədlər qaydasındadır
96558547,Aydan Sultanova,1969-03-04,,Magistr,Sahibkar,6489,Mikro kredit,27767,əsas vəsaitlərin alınması - Biznes krediti,20.18,877.0,6,Bəli,Xeyr,Təsdiqlənib,Müştərinin gəliri və krediti təsdiqləndi
77230295,Aydan Sultanova,05-24-84,Q,Orta məktəb,İşsiz,88,Nağd istehlak krediti,850,məişət avadanlığı alışı,22.97,158.0,1,Bəli,Xeyr,Rədd edilib,Aşağı kredit reytinqi
64230645,zəhra quliyeva,19/06/1974,Qadın,Bakalavr tehsili,İşləyən,3893,Nağd istehlak krediti,13223,məişət avadanlığı alışı,14.81,545.0,4,Bəli,Xeyr,Təsdiqlənib,Müştərinin gəliri və krediti təsdiqləndi
36365112,Elvin Nəsirov,12/09/1986, kişi ,Bakalavr,İşləyən,"1,651",Nağd istehlak krediti,10374,təmir,23.31,1129.0,3,Bəli,Xeyr,Təsdiqlənib,Bütün sənədlər qaydasındadır
61958732,Rauf Sultanov,17/12/1972, kişi ,Bakalavr,İşləyən,3293,Avtomobil krediti,34629,tibbi xərclər,15.67,1390.0,1,Xeyr,Xeyr,Təsdiqlənib,Bütün sənədlər qaydasındadır
95254249,Lalə Cəfərova,1978-02-23,Q,Bakalavr,İşləyən,2126,Nağd istehlak krediti,16616,tibbi xərclər,11.36,1510.0,0,,Xeyr,Təsdiqlənib,Bütün sənədlər qaydasındadır
68672135, Rəşad İbrahimov ,1985-12-19, kişi ,Bakalavr tehsili,İşləyən,2000,Nağd istehlak krediti,11431,şəxsi istehlak məqsədi,17.66,1156.0,4,Bəli,Xeyr,Təsdiqlənib,Müştərinin gəliri və krediti təsdiqləndi | Yoxlayıcı_ID: 848
31925803,Aysel İsmayılova,20/02/1983,Q,Bakalavr tehsili,İşləyən,1308,Avtomobil krediti,37414,şəxsi istehlak məqsədi,17.75,986.0,2,Bəli,Xeyr,Rədd edilib,Gəlir çatışmazlığı
57120769,Rauf Tağıyev,2005-07-17,K,Bakalavr,Tələbə,145,Təhsil krediti,883,əsas vəsaitlərin alınması - Biznes krediti,15.13,722.0,0,,Xeyr,Təsdiqlənib,Bütün sənədlər qaydasındadır | Yoxlayıcı_ID: 343
15248594,Hüseyn Vəliyev,08-11-70,K,Magistr,Sahibkar,7384,Mikro kredit,85586,dövriyyə vəsaitlərinin artırılması - Biznes krediti,19.36,1314.0,6,Bəli,Xeyr,Təsdiqlənib,Bütün sənədlər qaydasındadır
42848176,Zəhra Hüseynova,12-05-94,,Bakalavr,İşləyən,1452,Nağd istehlak krediti,6910,təmir,24.41,,4,Bəli,Xeyr,Təsdiqlənib,Müştərinin gəliri və krediti təsdiqləndi
41338867,Nigar Babayeva,2004-01-25,qadin,Magistr,Tələbə,104,Təhsil krediti,1892,dövriyyə vəsaitlərinin artırılması - Biznes krediti,17.72,520.0,1,Bəli,Xeyr,Təsdiqlənib,Bütün sənədlər qaydasındadır
51093429,Uğur Babayev,06-01-07, kişi ,Bakalavr,Tələbə,117,Təhsil krediti,916,əsas vəsaitlərin alınması - Biznes krediti,14.57,348.0,0,,Xeyr,Rədd edilib,Aşağı kredit reytinqi
39849869,Kamal Rzayev,1986-04-15,Kişi,Bakalavr tehsili,İşləyən,2865,Avtomobil krediti,"34,508",təmir,13.47,614.0,3,Xeyr,Xeyr,Təsdiqlənib,Müştərinin gəliri və krediti təsdiqləndi
87971982,Rəna Tağıyeva,12-25-97,,Magistr,İşləyən,3651,Nağd istehlak krediti,12364,məişət avadanlığı alışı,14.98,1206.0,1,Bəli,Xeyr,Təsdiqlənib,Müştərinin gəliri və krediti təsdiqləndi | Yoxlayıcı_ID: 346
94542828,anar rəhimov,2000-01-08, kişi ,Bakalavr tehsili,İşləyən,884,Nağd istehlak krediti,6367,məişət avadanlığı alışı,12.82,950.0,2,Bəli,Xeyr,Təsdiqlənib,Bütün sənədlər qaydasındadır
55044130,Fidan Hüseynova,12/08/1979,,Bakalavr tehsili,İşləyən,3905,Avtomobil krediti,37261 AZN,şəxsi istehlak məqsədi,14.29,879.0,3,Xeyr,Xeyr,Təsdiqlənib,Müştərinin gəliri və krediti təsdiqləndi
91329420,Yusif Qasımov,1990-01-07,K,Bakalavr tehsili,Sahibkar,,Mikro kredit,46392,əsas vəsaitlərin alınması - Biznes krediti,15.4,926.0,6,Bəli,Xeyr,Təsdiqlənib,Aşağı kredit reytinqi
19281511,Anar Rəhimov,10/02/2004, kişi ,Magistr,Tələbə,289,Təhsil krediti,2420,Biznes krediti,22.26,474.0,0,,Xeyr,Rədd edilib,Aşağı kredit reytinqi
64631129,Aydan Məmmədova,04/10/1980,Qadın,Bakalavr tehsili,İşləyən,3904,Avtomobil krediti,23825,şəxsi istehlak məqsədi,19.1,916.0,2,Xeyr,Xeyr,Təsdiqlənib,Bütün sənədlər qaydasındadır | Yoxlayıcı_ID: 575
78537623,Aylin Cəfərova,1975-09-28,,Magistr,İşləyən,3394,Nağd istehlak krediti,3263,tibbi xərclər,22.83,1445.0,4,Bəli,Xeyr,Təsdiqlənib,Bütün sənədlər qaydasındadır
72976349,Emin Səfərov,2007-03-31,Kişi,Bakalavr,Tələbə,147,Təhsil krediti,1447,Biznes krediti,24.97,390.0,0,,Xeyr,Rədd edilib,Aşağı kredit reytinqi
95841096,samir rüstəmov,1987-08-25, kişi ,Bakalavr tehsili,İşləyən,1712 manat,Nağd istehlak krediti,11813,toy xərcləri,11.64,,1,Xeyr,Xeyr,Təsdiqlənib,Müştərinin gəliri və krediti təsdiqləndi
62395555,Şəbnəm Rəhimova,01/03/1984,Q,Bakalavr tehsili,Sahibkar,9682,Mikro kredit,53005,Biznes krediti,13.8,1676.0,5,Bəli,Xeyr,Təsdiqlənib,Bütün sənədlər qaydasındadır
65317112,Fərid Səfərov,20/12/1971, kişi ,Magistr,Sahibkar,2960,Mikro kredit,35036,Biznes krediti,13.46,1648.0,3,Bəli,Xeyr,Təsdiqlənib,Müştərinin gəliri və krediti təsdiqləndi
98563404,Aydan Səfərova,07-08-99,Q,Magistr,İşləyən,,Avtomobil krediti,12754,məişət avadanlığı alışı,20.53,434.0,0,,Xeyr,Rədd edilib,Aşağı kredit reytinqi
32183439,Orxan Qasımov,11/05/1983, kişi ,Magistr,İşləyən,3064,Nağd istehlak krediti,15212,məişət avadanlığı alışı,19.17,673.0,2,Xeyr,Xeyr,Təsdiqlənib,Müştərinin gəliri və krediti təsdiqləndi | Yoxlayıcı_ID: 215
71695455,Cavid Babayev,07/06/1983, kişi ,Bakalavr,İşləyən,2875,Avtomobil krediti,30039,toy xərcləri,13.3,1358.0,1,Xeyr,Bəli,Rədd edilib,'Qara siyahı'da olmaq | Yoxlayıcı_ID: 579
80253548,Ramin Rzayev,1990-01-27,,Bakalavr,İşləyən,2814,Nağd istehlak krediti,1555,məişət avadanlığı alışı,11.72,1041.0,0,,Xeyr,Təsdiqlənib,Müştərinin gəliri və krediti təsdiqləndi | Yoxlayıcı_ID: 874
50799044,Emin Məmmədov,01/02/1976,Kişi,Bakalavr,İşləyən,1539,Nağd istehlak krediti,12890,tibbi xərclər,24.96,1149.0,2,Bəli,Xeyr,Təsdiqlənib,Bütün sənədlər qaydasındadır
54777366,Sahil Rüstəmov,06/11/2003,,Magistr,Tələbə,283,Təhsil krediti,806,Biznes krediti,22.14,640.0,1,Bəli,Xeyr,Təsdiqlənib,Bütün sənədlər qaydasındadır
53432738,Nigar Babayeva,03/08/2006,,Bakalavr,Tələbə,193,Təhsil krediti,2988,əsas vəsaitlərin alınması - Biznes krediti,24.06,298.0,0,,Xeyr,Rədd edilib,Aşağı kredit reytinqi
71673848,Emin Abdullayev,23/08/1986,Kişi,Bakalavr tehsili,İşləyən,3996,Nağd istehlak krediti,853,tibbi xərclər,15.86,636.0,0,,Xeyr,Təsdiqlənib,Müştərinin gəliri və krediti təsdiqləndi | Yoxlayıcı_ID: 228
64317067,Məryəm Vəliyeva,01-11-63,qadin,Orta məktəb,İşsiz,337,Nağd istehlak krediti,347,təmir,24.16,563.0,0,,Xeyr,Təsdiqlənib,Müştərinin gəliri və krediti təsdiqləndi
97017899,Emin Vəliyev,12/08/1988,Kişi,Orta məktəb,İşsiz,327,Nağd istehlak krediti,580,məişət avadanlığı alışı,18.48,113.0,1,Xeyr,Xeyr,Rədd edilib,Aşağı kredit reytinqi
53236711,Murad Vəliyev,17/11/1993,Kişi,Bakalavr tehsili,İşləyən,3245,Nağd istehlak krediti,8481,toy xərcləri,20.39,718.0,2,Xeyr,Xeyr,Təsdiqlənib,Gəlir çatışmazlığı
51912288, Əli İbrahimov ,1989-04-05,Kişi,Bakalvar tehsili,İşləyən,,Avtomobil krediti,25208,təmir,11.69,1100.0,2,Xeyr,Bəli,Rədd edilib,'Qara siyahı'da olmaq
54436277,Nərmin Babayeva,10-19-96,qadin,Orta məktəb,İşsiz,139,Nağd istehlak krediti,300,məişət avadanlığı alışı,18.86,478.0,1,Xeyr,Xeyr,Rədd edilib,Aşağı kredit reytinqi
95709340,Günel Məmmədova,09-26-07,qadin,Bakalavr,Tələbə,460651,Təhsil krediti,1968,dövriyyə vəsaitlərinin artırılması - Biznes krediti,23.44,727.0,0,,Xeyr,Təsdiqlənib,Müştərinin gəliri və krediti təsdiqləndi
79437092,Emin Sultanov,1977-03-15,Kişi,Bakalavr tehsili,İşləyən,989,Nağd istehlak krediti,2396,şəxsi istehlak məqsədi,24.24,1292.0,3,Xeyr,Xeyr,Təsdiqlənib,Müştərinin gəliri və krediti təsdiqləndi
27927178,Elvin İsmayılov,1982-06-04,,Bakalavr,İşləyən,1065,Nağd istehlak krediti,14098,məişət avadanlığı alışı,12.47,1098.0,2,Xeyr,Xeyr,Təsdiqlənib,Bütün sənədlər qaydasındadır
38890663,Zeynəb Sultanova,14/04/2000,Qadın,Magistr,İşləyən,1725,Nağd istehlak krediti,17814,şəxsi istehlak məqsədi,13.89,1244.0,0,,Xeyr,Təsdiqlənib,Bütün sənədlər qaydasındadır
41912627,Ramin İsmayılov,1975-03-31,Kişi,Orta məktəb,İşsiz,389,Nağd istehlak krediti,618,tibbi xərclər,14.07,412.0,2,Bəli,Xeyr,Rədd edilib,Aşağı kredit reytinqi | Yoxlayıcı_ID: 673
20622521,Nigar Rəhimova,01/02/1973,,Magistr,İşləyən,2730,Nağd istehlak krediti,1002,şəxsi istehlak məqsədi,12.23,481.0,3,Bəli,Xeyr,Rədd edilib,Aşağı kredit reytinqi
22489206,Sevinc Hüseynova,05/05/1987,,Magistr,İşləyən,2113,Avtomobil krediti,29840,şəxsi istehlak məqsədi,16.36,905.0,2,Xeyr,Xeyr,Təsdiqlənib,Müştərinin gəliri və krediti təsdiqləndi
81593717,Şəbnəm Quliyeva,17/02/1985,qadin,Bakalavr,İşləyən,3178,Nağd istehlak krediti,"19,018",şəxsi istehlak məqsədi,13.8,1302.0,2,Bəli,Bəli,Rədd edilib,'Qara siyahı'da olmaq
13770512,Anar Tağıyev,02-08-72,K,Magistr,Sahibkar,5555,Mikro kredit,40749,dövriyyə vəsaitlərinin artırılması - Biznes krediti,18.73,1624.0,7,Xeyr,Xeyr,Təsdiqlənib,Müştərinin gəliri və krediti təsdiqləndi
61604878,Əli Tağıyev,16/08/1994, kişi ,Magistr,İşləyən,1699,Nağd istehlak krediti,1808,toy xərcləri,22.88,,4,Xeyr,Xeyr,Təsdiqlənib,Bütün sənədlər qaydasındadır
10561940,Zəhra Rzayeva,1987-12-02,Q,Bakalavr,İşləyən,1482,Avtomobil krediti,30365,şəxsi istehlak məqsədi,18.17,620.0,2,Xeyr,Xeyr,Təsdiqlənib,Müştərinin gəliri və krediti təsdiqləndi
28856450,Fatimə Cavadova,10-21-93,Q,Bakalavr tehsili,İşləyən,3613,Nağd istehlak krediti,9510,təmir,22.71,1098.0,0,,Xeyr,Təsdiqlənib,Bütün sənədlər qaydasındadır
28445418,Fatimə Tağıyeva,2001-09-19,Qadın,Bakalavr tehsili,İşləyən,2722,Nağd istehlak krediti,8374 AZN,şəxsi istehlak məqsədi,13.72,421.0,3,Xeyr,Xeyr,Təsdiqlənib,Aşağı kredit reytinqi
91753508,Zülfiyyə Quliyeva,1973-05-22,Qadın,Magistr,İşləyən,2998,Nağd istehlak krediti,10741,şəxsi istehlak məqsədi,17.39,1076.0,3,Bəli,Xeyr,Təsdiqlənib,Müştərinin gəliri və krediti təsdiqləndi
39743679,Kəmalə Quliyeva,1997-04-19,qadin,Bakalavr,İşləyən,1551,Nağd istehlak krediti,18520,təmir,21.34,441.0,4,Xeyr,Xeyr,Rədd edilib,Aşağı kredit reytinqi | Yoxlayıcı_ID: 728
60684284,Kamal Abdullayev,1991-01-14,K,Magistr,İşləyən,3226 manat,Nağd istehlak krediti,13111,təmir,11.53,1528.0,3,Xeyr,Xeyr,Təsdiqlənib,Bütün sənədlər qaydasındadır
81132247,Məhəmməd Rəhimov,17/07/1963, kişi ,Orta məktəb,İşsiz,68,Nağd istehlak krediti,375,tibbi xərclər,14.41,352.0,1,Xeyr,Xeyr,Rədd edilib,Aşağı kredit reytinqi
23926274,Nihat Hüseynov,1971-12-29,,Bakalavr tehsili,İşləyən,2874,Nağd istehlak krediti,4166,məişət avadanlığı alışı,18.59,1194.0,2,Xeyr,Xeyr,Təsdiqlənib,Müştərinin gəliri və krediti təsdiqləndi | Yoxlayıcı_ID: 318
76082898,Tural İbrahimov,1994-12-02, kişi ,Orta məktəb,İşsiz,378,Nağd istehlak krediti,729,şəxsi istehlak məqsədi,12.8,440.0,0,,Xeyr,Rədd edilib,Aşağı kredit reytinqi
24686814,Elvin Qasımov,1995-04-12,,Magistr,İşləyən,2477,Nağd istehlak krediti,1787,şəxsi istehlak məqsədi,15.48,638.0,0,,Xeyr,Təsdiqlənib,Bütün sənədlər qaydasındadır
23960103,Kəmalə Cəfərova,2004-02-16,qadin,Bakalavr,Tələbə,102,Təhsil krediti,1833,dövriyyə vəsaitlərinin artırılması - Biznes krediti,22.2,754.0,1,Xeyr,Xeyr,Təsdiqlənib,Bütün sənədlər qaydasındadır
34820684,Murad Cavadov,1974-06-29, kişi ,Magistr,Sahibkar,5928,Mikro kredit,64326,Təmir,21.82,1242.0,4,Bəli,Xeyr,Təsdiqlənib,Müştərinin gəliri və krediti təsdiqləndi
14336536,Elvin Vəliyev,1974-02-12,,Magistr,İşləyən,3280,Nağd istehlak krediti,17173,şəxsi istehlak məqsədi,23.33,1378.0,3,Xeyr,Xeyr,Təsdiqlənib,Müştərinin gəliri və krediti təsdiqləndi | Yoxlayıcı_ID: 844
13307300,Səbinə Rzayeva,23/09/1981,qadin,Bakalavr tehsili,Sahibkar,6597,Mikro kredit,56790,dövriyyə vəsaitlərinin artırılması - Biznes krediti,14.39,1383.0,4,Bəli,Xeyr,Təsdiqlənib,Bütün sənədlər qaydasındadır
91257948,Fatimə Babayeva,08/10/1985,Q,Orta məktəb,İşsiz,102,Nağd istehlak krediti,383,şəxsi istehlak məqsədi,18.92,106.0,0,,Xeyr,Rədd edilib,Aşağı kredit reytinqi
55976788,Emin Sultanov,1993-08-07,K,Bakalavr tehsili,İşləyən,1161,Nağd istehlak krediti,8079,toy xərcləri,17.57,933.0,2,Xeyr,Xeyr,Təsdiqlənib,Bütün sənədlər qaydasındadır
85877440,Aysel Hüseynova,1990-03-02,,Bakalavr,İşləyən,3488,Nağd istehlak krediti,10610,şəxsi istehlak məqsədi,13.37,1285.0,1,Bəli,Xeyr,Təsdiqlənib,Müştərinin gəliri və krediti təsdiqləndi | Yoxlayıcı_ID: 973
19297678,Kamal Rzayev,2005-03-15, kişi ,Bakalavr,Tələbə,100,Təhsil krediti,1695,əsas vəsaitlərin alınması - Biznes krediti,14.25,622.0,0,,Xeyr,Təsdiqlənib,Müştərinin gəliri və krediti təsdiqləndi
88706318,Uğur Rzayev,08-28-06,Kişi,Bakalavr tehsili,Tələbə,185,Təhsil krediti,1891,dövriyyə vəsaitlərinin artırılması - Biznes krediti,15.16,247.0,0,,Xeyr,Rədd edilib,Aşağı kredit reytinqi
71311247,Hüseyn Quliyev,07-06-77,Kişi,Magistr,İşləyən,2987,Nağd istehlak krediti,9655,tibbi xərclər,14.02,1351.0,1,Bəli,Xeyr,Təsdiqlənib,Bütün sənədlər qaydasındadır
38293422,Lalə Əhmədova,1994-06-12,Qadın,Bakalavr tehsili,İşləyən,3668,Nağd istehlak krediti,3340,şəxsi istehlak məqsədi,13.53,1400.0,0,,Xeyr,Təsdiqlənib,Bütün sənədlər qaydasındadır | Yoxlayıcı_ID: 932
59886288,Günel İbrahimova,01/04/2001,,Bakalvar tehsili,İşləyən,3422,Nağd istehlak krediti,655,tibbi xərclər,11.67,740.0,2,Bəli,Xeyr,Təsdiqlənib,Müştərinin gəliri və krediti təsdiqləndi
88367631,Fatimə Babayeva,11-24-68,,Bakalavr tehsili,Sahibkar,9311,Mikro kredit,85498,dövriyyə vəsaitlərinin artırılması - Biznes krediti,23.03,1557.0,8,Xeyr,Xeyr,Təsdiqlənib,Müştərinin gəliri və krediti təsdiqləndi
46384996, Nihat İsmayılov ,04/05/2007,,Magistr,Tələbə,124 manat,Təhsil krediti,2788,Biznes krediti,22.98,433.0,1,Bəli,Xeyr,Rədd edilib,Aşağı kredit reytinqi
63981707,Samir Qasımov,1979-05-13, kişi ,Bakalavr tehsili,İşləyən,1943,Nağd istehlak krediti,16546,toy xərcləri,15.33,1356.0,3,Xeyr,Xeyr,Təsdiqlənib,Müştərinin gəliri və krediti təsdiqləndi
37098412,Məmmədova Fidan,25/12/2002,Qadın,Bakalavr,Tələbə,160,Təhsil krediti,"2,951",əsas vəsaitlərin alınması - Biznes krediti,16.1,630.0,1,Xeyr,Xeyr,Təsdiqlənib,Müştərinin gəliri və krediti təsdiqləndi
30486830,Anar Əhmədov,1963-01-13,Kişi,Orta məktəb,İşsiz,17 AZN,Nağd istehlak krediti,312,şəxsi istehlak məqsədi,16.43,509.0,1,Xeyr,Xeyr,Təsdiqlənib,Bütün sənədlər qaydasındadır | Yoxlayıcı_ID: 694
35064400,Əliyev Murad,1995-12-20,,Bakalavr,İşləyən,3926,Avtomobil krediti,21841,toy xərcləri,18.48,408.0,2,Xeyr,Xeyr,Təsdiqlənib,Aşağı kredit reytinqi | Yoxlayıcı_ID: 689
75969834,Günel Vəliyeva,25/01/2003,qadin,Bakalavr,Tələbə,167,Təhsil krediti,2995,dövriyyə vəsaitlərinin artırılması - Biznes krediti,18.8,377.0,0,,Xeyr,Rədd edilib,Aşağı kredit reytinqi
44474482,Rauf Tağıyev,07-03-89,Kişi,Orta məktəb,İşsiz,160,Nağd istehlak krediti,362,məişət avadanlığı alışı,24.86,437.0,0,,Xeyr,Rədd edilib,Aşağı kredit reytinqi | Yoxlayıcı_ID: 734
92535965,Sahil Qasımov,1988-10-13, kişi ,Orta məktəb,İşsiz,163,Nağd istehlak krediti,994,tibbi xərclər,21.07,180.0,1,Xeyr,Bəli,Rədd edilib,'Qara siyahı'da olmaq
17866655,Elvin Babayev,2002-09-03,Kişi,Magistr,İşləyən,,Nağd istehlak krediti,10514,toy xərcləri,23.69,,3,Xeyr,Xeyr,Təsdiqlənib,Müştərinin gəliri və krediti təsdiqləndi | Yoxlayıcı_ID: 219
27490678,Fidan Rzayeva,2002-09-17,,Bakalavr tehsili,İşləyən,2539 manat,Nağd istehlak krediti,16173,məişət avadanlığı alışı,21.78,991.0,3,Bəli,Xeyr,Təsdiqlənib,Müştərinin gəliri və krediti təsdiqləndi
95094650,Günel Rüstəmova,09-18-00,Qadın,Bakalavr tehsili,İşləyən,833,Nağd istehlak krediti,17227 manat,tibbi xərclər,14.47,930.0,4,Bəli,Xeyr,Təsdiqlənib,Bütün sənədlər qaydasındadır | Yoxlayıcı_ID: 445
82546643,Fidan Babayeva,1976-01-09,Q,Orta məktəb,İşsiz,154,Nağd istehlak krediti,961,məişət avadanlığı alışı,24.57,217.0,2,Xeyr,Xeyr,Rədd edilib,Aşağı kredit reytinqi
86603620,Məhəmməd Rüstəmov,2005-05-30,,Bakalavr tehsili,Tələbə,,Təhsil krediti,515,əsas vəsaitlərin alınması - Biznes krediti,13.99,580.0,0,Bəli,Xeyr,Təsdiqlənib,Bütün sənədlər qaydasındadır
95788751,Murad Səfərov,17/10/1984,K,Orta məktəb,İşsiz,199,Nağd istehlak krediti,845,təmir,17.07,110.0,0,,Xeyr,Rədd edilib,Aşağı kredit reytinqi
29095999,Kamal Sultanov,12-22-86,Kişi,Magistr,İşləyən,"3,544",Nağd istehlak krediti,4199,toy xərcləri,17.56,940.0,2,Bəli,Xeyr,Təsdiqlənib,Aşağı kredit reytinqi | Yoxlayıcı_ID: 162
16530340,Aylin Vəliyeva,12-30-03,qadin,Bakalavr tehsili,Tələbə,252,Təhsil krediti,2422,dövriyyə vəsaitlərinin artırılması - Biznes krediti,12.94,680.0,1,Xeyr,Xeyr,Təsdiqlənib,Bütün sənədlər qaydasındadır
27675628,Cavid Rüstəmov,03-22-85,K,Bakalavr tehsili,İşləyən,2581,Nağd istehlak krediti,13662,toy xərcləri,24.19,1292.0,4,Xeyr,Xeyr,Təsdiqlənib,Bütün sənədlər qaydasındadır | Yoxlayıcı_ID: 438
32047222,Yusif Vəliyev,09-15-73,Kişi,Orta məktəb,İşsiz,188,Nağd istehlak krediti,562070 AZN,tibbi xərclər,24.05,356.0,2,Xeyr,Xeyr,Rədd edilib,Aşağı kredit reytinqi
13347799,Məhəmməd Hüseynov,1977-05-20,,Bakalavr tehsili,Sahibkar,9616,Mikro kredit,53579,Biznes krediti,16.9,1246.0,3,Bəli,Xeyr,Təsdiqlənib,Müştərinin gəliri və krediti təsdiqləndi
21814083,Emin Qasımov,2006-02-18,,Bakalavr tehsili,Tələbə,161,Təhsil krediti,1464,əsas vəsaitlərin alınması - Biznes krediti,18.55,677.0,0,,Xeyr,Təsdiqlənib,Müştərinin gəliri və krediti təsdiqləndi
64943984,Elvin Əhmədov,11-30-02,,Bakalavr tehsili,Tələbə,208,Təhsil krediti,2609,əsas vəsaitlərin alınması - Biznes krediti,23.21,796.0,1,Bəli,Xeyr,Təsdiqlənib,Müştərinin gəliri və krediti təsdiqləndi
77325746,Rəna Cəfərova,02/11/2006,,Magistr,Tələbə,233,Təhsil krediti,2752,Biznes krediti,22.09,396.0,1,Xeyr,Xeyr,Rədd edilib,Aşağı kredit reytinqi
73819230,Zəhra Səfərova,22/01/2007,,Bakalavr tehsili,Tələbə,197,Təhsil krediti,2364,dövriyyə vəsaitlərinin artırılması - Biznes krediti,14.49,544.0,0,,Xeyr,Təsdiqlənib,Bütün sənədlər qaydasındadır
59405777,Tural Babayev,1984-12-26,K,Bakalavr,Sahibkar,3959,Mikro kredit,43320,Biznes krediti,24.9,1208.0,5,Xeyr,Xeyr,Təsdiqlənib,Müştərinin gəliri və krediti təsdiqləndi | Yoxlayıcı_ID: 386
85428144,Ramin Cəfərov,1989-03-22,K,Magistr,Sahibkar,5089,Mikro kredit,44195,Biznes krediti,24.27,1522.0,8,Bəli,Xeyr,Təsdiqlənib,Bütün sənədlər qaydasındadır | Yoxlayıcı_ID: 342
23352271,Zülfiyyə Qasımova,1967-02-15,,Bakalavr,Sahibkar,5625,Mikro kredit,81059,Biznes krediti,16.7,828.0,8,Bəli,Xeyr,Təsdiqlənib,Müştərinin gəliri və krediti təsdiqləndi
76080472,Aylin Rüstəmova,1995-11-13,qadin,Bakalavr tehsili,İşləyən,2271,Avtomobil krediti,29707,Təmir,13.36,1247.0,0,,Xeyr,Təsdiqlənib,Bütün sənədlər qaydasındadır | Yoxlayıcı_ID: 126
36595008,Cəfərova Zülfiyyə,19/10/1999,,Magistr,İşləyən,2990,Nağd istehlak krediti,16078,şəxsi istehlak məqsədi,14.32,1431.0,3,Bəli,Xeyr,Təsdiqlənib,Müştərinin gəliri və krediti təsdiqləndi
10863054,Murad Məmmədov,1978-12-08,,Magistr,Sahibkar,9104,Mikro kredit,13671,əsas vəsaitlərin alınması - Biznes krediti,11.93,1365.0,4,Bəli,Xeyr,Təsdiqlənib,Bütün sənədlər qaydasındadır
93240713,Zeynəb İsmayılova,07/05/2003,qadin,Bakalavr tehsili,Tələbə,138,Təhsil krediti,2164,Biznes krediti,11.19,323.0,1,Bəli,Xeyr,Rədd edilib,Aşağı kredit reytinqi
33417712,Uğur Qasımov,2002-07-08,K,Bakalavr tehsili,İşləyən,2390,Nağd istehlak krediti,16832,toy xərcləri,13.25,859.0,1,Bəli,Xeyr,Təsdiqlənib,Müştərinin gəliri və krediti təsdiqləndi
92392097,Məhəmməd Tağıyev,10-31-01,Kişi,Bakalavr tehsili,İşləyən,,Nağd istehlak krediti,1599,şəxsi istehlak məqsədi,21.58,604.0,0,,Xeyr,Təsdiqlənib,Müştərinin gəliri və krediti təsdiqləndi
77434623,Məhəmməd Rüstəmov,07-30-91,K,Bakalavr tehsili,İşləyən,2493,Nağd istehlak krediti,5774,tibbi xərclər,18.75,947.0,4,Xeyr,Xeyr,Təsdiqlənib,Bütün sənədlər qaydasındadır
92230036,Murad Cəfərov,08-01-82,Kişi,Orta məktəb,İşsiz,120,Nağd istehlak krediti,644,toy xərcləri,14.21,452.0,1,Bəli,Xeyr,Rədd edilib,Aşağı kredit reytinqi
74565359,Fidan Babayeva,19/12/1974,qadin,Magistr,İşləyən,3213,Nağd istehlak krediti,12754,tibbi xərclər,24.71,1023.0,3,Xeyr,Xeyr,Təsdiqlənib,Bütün sənədlər qaydasındadır
81966735,Rəşad Rəhimov,10/09/1982,K,Bakalavr tehsili,Sahibkar,2795,Mikro kredit,63834,Biznes krediti,24.44,1272.0,5,Bəli,Xeyr,Təsdiqlənib,Bütün sənədlər qaydasındadır
60379120,Samir Səfərov,06-06-90,K,Magistr,İşləyən,1787,Nağd istehlak krediti,12160,toy xərcləri,16.08,1269.0,3,Bəli,Xeyr,Təsdiqlənib,Bütün sənədlər qaydasındadır
91861829, Emin Əliyev ,10-27-76,Kişi,Magistr,İşləyən,1008,Nağd istehlak krediti,10828,təmir,17.58,1224.0,4,Xeyr,Xeyr,Təsdiqlənib,Müştərinin gəliri və krediti təsdiqləndi
21490042,Nihat Cavadov,1991-11-09, kişi ,Bakalavr tehsili,İşləyən,1537 manat,Avtomobil krediti,29544,şəxsi istehlak məqsədi,15.23,464.0,4,Bəli,Xeyr,Rədd edilib,Aşağı kredit reytinqi | Yoxlayıcı_ID: 815
64017926,Zülfiyyə Nəsirova,1974-08-13,Qadın,Bakalavr,İşləyən,955,Avtomobil krediti,34906,toy xərcləri,23.38,1012.0,1,Bəli,Bəli,Rədd edilib,'Qara siyahı'da olmaq | Yoxlayıcı_ID: 529
49870591,Nərmin Səfərova,21/01/1998,,Orta məktəb,İşsiz,154,Nağd istehlak krediti,609521,məişət avadanlığı alışı,17.84,509.0,0,,Xeyr,Rədd edilib,Gəlir çatışmazlığı
26296180,Babayev Ramin,01/11/1996,Kişi,Bakalavr,İşləyən,1916,Avtomobil krediti,32575,məişət avadanlığı alışı,17.4,818.0,3,Xeyr,Xeyr,Təsdiqlənib,Müştərinin gəliri və krediti təsdiqləndi | Yoxlayıcı_ID: 130
35967784,Səbinə Səfərova,21/07/1982,Q,Magistr,Sahibkar,8721,Mikro kredit,61595,dövriyyə vəsaitlərinin artırılması - Biznes krediti,12.2,923.0,7,Bəli,Xeyr,Təsdiqlənib,Bütün sənədlər qaydasındadır
66274461,rəşad qasımov,01-02-87, kişi ,Bakalavr tehsili,İşləyən,810,Avtomobil krediti,29640,Təmir,11.73,890.0,4,Bəli,Xeyr,Rədd edilib,Gəlir çatışmazlığı
94788016,Zülfiyyə Cəfərova,19/11/1985,qadin,Magistr,İşləyən,1479,Nağd istehlak krediti,6344,toy xərcləri,23.86,759.0,0,,Xeyr,Təsdiqlənib,Müştərinin gəliri və krediti təsdiqləndi
57665034,Cavid Babayev,2001-03-16,Kişi,Magistr,İşləyən,1579,Nağd istehlak krediti,16372,təmir,19.99,753.0,2,Bəli,Xeyr,Təsdiqlənib,Bütün sənədlər qaydasındadır
89999546,Ləman Quliyeva,30/01/2007,qadin,Magistr,Tələbə,151,Təhsil krediti,2885,Biznes krediti,14.02,670.0,0,,Xeyr,Təsdiqlənib,Bütün sənədlər qaydasındadır
67417602,Elvin Cavadov,05/11/1986,Kişi,Magistr,İşləyən,1138,Nağd istehlak krediti,14653 AZN,şəxsi istehlak məqsədi,11.88,899.0,3,Bəli,Xeyr,Təsdiqlənib,Müştərinin gəliri və krediti təsdiqləndi | Yoxlayıcı_ID: 361
11829756, Aydan Abdullayeva ,1991-01-20,Q,Bakalavr,İşləyən,1672,Nağd istehlak krediti,17062,tibbi xərclər,22.53,1179.0,4,Xeyr,Xeyr,Təsdiqlənib,Bütün sənədlər qaydasındadır
64714381,Orxan Hüseynov,1972-12-21,Kişi,Magistr,İşləyən,1692,Nağd istehlak krediti,15771,təmir,13.09,492.0,3,Bəli,Bəli,Rədd edilib,'Qara siyahı'da olmaq
82209702,Uğur İbrahimov,2005-12-04,,Magistr,Tələbə,158,Təhsil krediti,1993,əsas vəsaitlərin alınması - Biznes krediti,13.76,258.0,0,,Xeyr,Rədd edilib,Aşağı kredit reytinqi
71864879,Rəna Hüseynova,1971-08-03,Q,Orta məktəb,İşsiz,70,Nağd istehlak krediti,611,şəxsi istehlak məqsədi,19.16,571.0,1,Xeyr,Xeyr,Təsdiqlənib,Müştərinin gəliri və krediti təsdiqləndi
79084319,nihat rəhimov,12-19-04, kişi ,Bakalavr tehsili,Tələbə,118,Təhsil krediti,2723 AZN,əsas vəsaitlərin alınması - Biznes krediti,21.49,691.0,0,,Xeyr,Təsdiqlənib,Bütün sənədlər qaydasındadır
13692932,Aylin Tağıyeva,1982-10-28,,Bakalavr,İşləyən,1945,Nağd istehlak kriditi,13432 manat,toy xərcləri,20.68,863.0,4,Bəli,Xeyr,Təsdiqlənib,Bütün sənədlər qaydasındadır
52869978,Nərmin Cəfərova,06/08/2004,Qadın,Bakalavr,Tələbə,132,Təhsil krediti,2938,dövriyyə vəsaitlərinin artırılması - Biznes krediti,11.25,,0,,Xeyr,Rədd edilib,Aşağı kredit reytinqi
17565023,Nihat Hüseynov,10-03-94, kişi ,Orta məktəb,İşsiz,285,Nağd istehlak krediti,992,məişət avadanlığı alışı,14.94,312.0,1,Xeyr,Xeyr,Rədd edilib,Aşağı kredit reytinqi | Yoxlayıcı_ID: 738
20426513,Aysel Cəfərova,02-21-83,Q,Bakalavr tehsili,İşləyən,887,Nağd istehlak krediti,6586,şəxsi istehlak məqsədi,24.22,494.0,3,Xeyr,Xeyr,Rədd edilib,Aşağı kredit reytinqi
37012536,Rəna Rzayeva,09-10-80,,Magistr,İşləyən,3221,Avtomobil krediti,24124,şəxsi istehlak məqsədi,13.65,,1,Bəli,Xeyr,Təsdiqlənib,Müştərinin gəliri və krediti təsdiqləndi
80898162,Murad Hüseynov,1986-10-20,,Bakalavr,İşləyən,3044,Nağd istehlak krediti,10661,məişət avadanlığı alışı,20.89,976.0,0,,Xeyr,Təsdiqlənib,Bütün sənədlər qaydasındadır
60423842,Hüseyn Vəliyev,1991-11-01,,Bakalavr tehsili,İşləyən,3757,Avtomobil krediti,21141,tibbi xərclər,15.04,982.0,2,Bəli,Xeyr,Təsdiqlənib,Bütün sənədlər qaydasındadır
41300505,Cavid Cəfərov,07/03/2003,,Bakalavr tehsili,Tələbə,298,Təhsil krediti,"2,435",Biznes krediti,12.71,229.0,0,,Xeyr,Rədd edilib,Aşağı kredit reytinqi
73385063,Elvin Əliyev,19/02/2005, kişi ,Magistr,Tələbə,125,Təhsil krediti,2212,Biznes krediti,22.86,778.0,0,,Xeyr,Təsdiqlənib,Bütün sənədlər qaydasındadır
75430876,zülfiyyə cavadova,08-09-80,,Magistr,Sahibkar,5545,Mikro kredit,9396,əsas vəsaitlərin alınması - Biznes krediti,15.2,893.0,7,Bəli,Xeyr,Təsdiqlənib,Müştərinin gəliri və krediti təsdiqləndi
65239387,Orxan Rzayev,1975-05-13, kişi ,Bakalavr,İşləyən,2895,Nağd istehlak krediti,13748,toy xərcləri,18.55,685.0,3,Xeyr,Xeyr,Təsdiqlənib,Müştərinin gəliri və krediti təsdiqləndi | Yoxlayıcı_ID: 911
99808138,Sahil İbrahimov,1988-05-29,Kişi,Orta məktəb,İşsiz,300,Nağd istehlak krediti,722,tibbi xərclər,11.98,518.0,2,Xeyr,Xeyr,Təsdiqlənib,Bütün sənədlər qaydasındadır
42310904,Kamal Rəhimov,1964-01-08,,Orta məktəb,İşsiz,199,Nağd istehlak krediti,841,tibbi xərclər,18.38,337.0,1,Bəli,Xeyr,Rədd edilib,Aşağı kredit reytinqi
72663743,Anar Rəhimov,1975-04-08,Kişi,Bakalavr tehsili,Sahibkar,5755,Mikro kredit,73140,dövriyyə vəsaitlərinin artırılması - Biznes krediti,16.34,,2,Xeyr,Xeyr,Təsdiqlənib,Müştərinin gəliri və krediti təsdiqləndi
87683601,Əli Əhmədov,10-01-73,Kişi,Bakalavr,İşləyən,1261,Nağd istehlak krediti,4655,məişət avadanlığı alışı,20.62,988.0,0,,Xeyr,Təsdiqlənib,Müştərinin gəliri və krediti təsdiqləndi
85972120,Ayan Rzayeva,1998-05-05,Q,Bakalavr tehsili,İşləyən,892,Nağd istehlak krediti,9872,toy xərcləri,19.94,1321.0,3,Bəli,Xeyr,Təsdiqlənib,Müştərinin gəliri və krediti təsdiqləndi
67045683,Anar Səfərov,1996-01-24,,Bakalavr tehsili,İşləyən,1687,Nağd istehlak krediti,10731,məişət avadanlığı alışı,17.0,627.0,4,Xeyr,Xeyr,Təsdiqlənib,Zaminlik məsələləri
10420007,Məryəm Hüseynova,12-15-81,,Bakalavr tehsili,Sahibkar,4360,Mikro kredit,52207,dövriyyə vəsaitlərinin artırılması - Biznes krediti,20.73,1352.0,2,Xeyr,Xeyr,Təsdiqlənib,Müştərinin gəliri və krediti təsdiqləndi
79584986,Aylin Vəliyeva,1982-05-23,qadin,Orta məktəb,İşsiz,144,Nağd istehlak krediti,319 manat,təmir,11.9,299.0,0,,Xeyr,Rədd edilib,Aşağı kredit reytinqi
59925243,Cavid İsmayılov,1972-06-28,,Bakalavr tehsili,İşləyən,2966,Nağd istehlak krediti,8051,məişət avadanlığı alışı,10.92,932.0,0,,Xeyr,Təsdiqlənib,Bütün sənədlər qaydasındadır | Yoxlayıcı_ID: 525
83659773,Günel Hüseynova,12-12-80,Q,Bakalvar,İşləyən,3639,Nağd istehlak krediti,5663,tibbi xərclər,14.56,1190.0,2,Bəli,Xeyr,Təsdiqlənib,Bütün sənədlər qaydasındadır
18598374,Fərid Babayev,1997-02-28,,Orta məktəb,İşsiz,128,Nağd istehlak krediti,806,toy xərcləri,24.37,325.0,2,Xeyr,Xeyr,Rədd edilib,Aşağı kredit reytinqi | Yoxlayıcı_ID: 245
55719768,Cəfərov Hüseyn,2007-02-12,K,Bakalavr tehsili,Tələbə,275,Təhsil krediti,2837,dövriyyə vəsaitlərinin artırılması - Biznes krediti,22.17,402.0,0,,Xeyr,Rədd edilib,Aşağı kredit reytinqi | Yoxlayıcı_ID: 401
71528620,Kamal Əliyev,27/10/2006, kişi ,Magistr,Tələbə,253,Təhsil krediti,1380,Biznes krediti,24.49,554.0,0,,Xeyr,Təsdiqlənib,Gəlir çatışmazlığı
23139183,Samir Quliyev,09/04/1993,,Magistr,İşləyən,3247,Nağd istehlak krediti,11592,məişət avadanlığı alışı,14.75,1236.0,2,Bəli,Xeyr,Təsdiqlənib,Bütün sənədlər qaydasındadır
91718599,İsmayılova Zeynəb,12-23-72,,Bakalvar,İşləyən,3475,Nağd istehlak krediti,13681,tibbi xərclər,20.96,1583.0,0,,Xeyr,Təsdiqlənib,Bütün sənədlər qaydasındadır
66158725,Zəhra Quliyeva,2003-10-15,Q,Bakalavr,Tələbə,275,Təhsil krediti,976,dövriyyə vəsaitlərinin artırılması - Biznes krediti,11.61,714.0,0,,Xeyr,Təsdiqlənib,Müştərinin gəliri və krediti təsdiqləndi
93363797,Fatimə Səfərova,08-12-05,Q,Bakalavr tehsili,Tələbə,238,Təhsil krediti,990,Biznes krediti,18.01,337.0,0,,Xeyr,Rədd edilib,Aşağı kredit reytinqi
54391600,Zeynəb Qasımova,12/12/1999,Q,Orta məktəb,İşsiz,1 AZN,Nağd istehlak krediti,565,məişət avadanlığı alışı,23.45,,1,Bəli,Bəli,Rədd edilib,'Qara siyahı'da olmaq | Yoxlayıcı_ID: 507
31138312,Cavid Cəfərov,27/12/1971,Kişi,Magistr,İşləyən,3466,Nağd istehlak krediti,15363,təmir,14.66,1203.0,0,,Xeyr,Təsdiqlənib,Müştərinin gəliri və krediti təsdiqləndi
76145908, Hüseyn Tağıyev ,31/03/2002, kişi ,Magistr,İşləyən,3865,Nağd istehlak krediti,4887,məişət avadanlığı alışı,13.61,742.0,1,Xeyr,Xeyr,Təsdiqlənib,Müştərinin gəliri və krediti təsdiqləndi
41501939,Orxan Babayev,10/03/1991,,Magistr,Sahibkar,8553,Mikro kredit,90501,Biznes krediti,23.29,1101.0,5,Bəli,Xeyr,Təsdiqlənib,Müştərinin gəliri və krediti təsdiqləndi | Yoxlayıcı_ID: 492
49908760,Nihat İsmayılov,2005-02-25,Kişi,Bakalavr,Tələbə,150,Təhsil krediti,567,əsas vəsaitlərin alınması - Biznes krediti,11.95,620.0,0,,Xeyr,Təsdiqlənib,Müştərinin gəliri və krediti təsdiqləndi
27209731,Nigar Vəliyeva,2005-10-01,qadin,Bakalavr tehsili,Tələbə,171,Təhsil krediti,1571,Biznes krediti,20.61,789.0,0,,Xeyr,Təsdiqlənib,Bütün sənədlər qaydasındadır | Yoxlayıcı_ID: 125
37923957,Nihat Quliyev,25/11/1994,,Bakalavr tehsili,İşləyən,954,Nağd istehlak krediti,12300,təmir,12.4,648.0,1,Xeyr,Xeyr,Təsdiqlənib,Müştərinin gəliri və krediti təsdiqləndi
71203462,Fidan Quliyeva,1994-08-07,Qadın,Bakalavr,İşləyən,2402,Avtomobil krediti,22916,məişət avadanlığı alışı,17.43,470.0,1,Bəli,Xeyr,Rədd edilib,Aşağı kredit reytinqi | Yoxlayıcı_ID: 812
14943332,Aysel Əhmədova,06-13-62,Qadın,Orta məktəb,İşsiz,246,Nağd istehlak krediti,597,şəxsi istehlak məqsədi,18.12,290.0,1,Xeyr,Xeyr,Rədd edilib,Aşağı kredit reytinqi
53670836,Rauf Cavadov,2005-10-15,K,Magistr,Tələbə,117,Təhsil krediti,2521,dövriyyə vəsaitlərinin artırılması - Biznes krediti,13.81,603.0,1,Xeyr,Xeyr,Təsdiqlənib,Müştərinin gəliri və krediti təsdiqləndi
86734852,Şəbnəm Nəsirova,19/07/2007,Qadın,Magistr,Tələbə,216,Təhsil krediti,601,əsas vəsaitlərin alınması - Biznes krediti,11.02,490.0,0,,Xeyr,Rədd edilib,Aşağı kredit reytinqi | Yoxlayıcı_ID: 122
68421422,Rəna Quliyeva,1988-08-02,,Bakalavr,Sahibkar,4979,Mikro kredit,82500,dövriyyə vəsaitlərinin artırılması - Biznes krediti,14.13,919.0,3,Bəli,Xeyr,Təsdiqlənib,Müştərinin gəliri və krediti təsdiqləndi
81950348,Nərmin Vəliyeva,1972-05-28,Q,Orta məktəb,İşsiz,45,Nağd istehlak krediti,562,toy xərcləri,23.11,,1,Bəli,Xeyr,Təsdiqlənib,Müştərinin gəliri və krediti təsdiqləndi
16544500,Lalə Vəliyeva,29/01/1982,Q,Bakalavr tehsili,İşləyən,1888 manat,Nağd istehlak krediti,2447,təmir,14.57,1286.0,0,,Xeyr,Təsdiqlənib,'Qara siyahı'da olmaq
98706831,Fatimə İsmayılova,04-17-81,Q,Magistr,İşləyən,3182,Avtomobil krediti,32119,şəxsi istehlak məqsədi,12.77,912.0,1,Bəli,Xeyr,Təsdiqlənib,Bütün sənədlər qaydasındadır | Yoxlayıcı_ID: 774
64599323,Zəhra Hüseynova,1972-06-27,Qadın,Bakalavr,Sahibkar,2886,Mikro kredit,98330,əsas vəsaitlərin alınması - Biznes krediti,16.5,1239.0,2,Xeyr,Xeyr,Rədd edilib,Gəlir çatışmazlığı
73238478,Cavid Rəhimov,06-11-02,Kişi,Magistr,İşləyən,2090,Nağd istehlak krediti,10436,şəxsi istehlak məqsədi,15.88,1519.0,4,Bəli,Xeyr,Təsdiqlənib,Bütün sənədlər qaydasındadır
92780327,Kamal Rüstəmov,2003-07-02,Kişi,Bakalavr,Tələbə,,Təhsil krediti,2631,Biznes krediti,10.97,667.0,1,Xeyr,Xeyr,Təsdiqlənib,Bütün sənədlər qaydasındadır
74357892,Sevinc Rzayeva,10-10-78,,Orta məktəb,İşsiz,297,Nağd istehlak krediti,538,toy xərcləri,11.03,306.0,0,,Xeyr,Rədd edilib,Aşağı kredit reytinqi
69197217,Fatimə Nəsirova,14/07/2003,Q,Bakalavr tehsili,Tələbə,200,Təhsil krediti,2881,Biznes krediti,18.32,622.0,0,,Xeyr,Təsdiqlənib,Bütün sənədlər qaydasındadır | Yoxlayıcı_ID: 525
56069236,Fidan Səfərova,1973-10-01,Q,Bakalavr,İşləyən,1975,Nağd istehlak krediti,17029,məişət avadanlığı alışı,12.37,708.0,0,,Xeyr,Təsdiqlənib,Müştərinin gəliri və krediti təsdiqləndi
64073536,Orxan Səfərov,1987-04-20, kişi ,Orta məktəb,İşsiz,353,Nağd istehlak krediti,311,toy xərcləri,22.66,174.0,0,,Xeyr,Rədd edilib,Aşağı kredit reytinqi
98716710,Murad Rüstəmov,1978-07-26,K,Bakalavr,İşləyən,3519,Avtomobil krediti,38986,tibbi xərclər,14.9,1233.0,4,Xeyr,Xeyr,Təsdiqlənib,Müştərinin gəliri və krediti təsdiqləndi
19804077, Fatimə Hüseynova ,02-05-99,Q,Orta məktəb,İşsiz,141,Nağd istehlak krediti,726,şəxsi istehlak məqsədi,18.64,455.0,0,,Xeyr,Rədd edilib,Aşağı kredit reytinqi
19179723,Rəşad İsmayılov,12/04/1979,,Bakalavr tehsili,İşləyən,3672,Nağd istehlak krediti,777,tibbi xərclər,18.84,1573.0,2,Xeyr,Xeyr,Təsdiqlənib,Bütün sənədlər qaydasındadır
66347113,nihat quliyev,1991-08-25,,Magistr,İşləyən,3833,Nağd istehlak krediti,7413,tibbi xərclər,11.2,834.0,3,Xeyr,Bəli,Rədd edilib,'Qara siyahı'da olmaq
80722786,Tural Rəhimov,1969-10-16,Kişi,Orta məktəb,İşsiz,53,Nağd istehlak krediti,775,təmir,12.05,115.0,2,Xeyr,Xeyr,Rədd edilib,Aşağı kredit reytinqi
90949645,Sevinc Sultanova,05/06/1990,qadin,Magistr,İşləyən,2943,Nağd istehlak krediti,19103,məişət avadanlığı alışı,15.17,750.0,3,Bəli,Xeyr,Təsdiqlənib,Bütün sənədlər qaydasındadır | Yoxlayıcı_ID: 671
87836956,Rəna İbrahimova,22/08/2004,,Bakalavr tehsili,Tələbə,131,Təhsil krediti,2193,Biznes krediti,21.58,577.0,1,Xeyr,Xeyr,Təsdiqlənib,Müştərinin gəliri və krediti təsdiqləndi
17375868,Lalə Quliyeva,2006-04-27,qadin,Bakalavr tehsili,Tələbə,234,Təhsil krediti,1029,əsas vəsaitlərin alınması - Biznes krediti,16.88,409.0,0,,Xeyr,Rədd edilib,Aşağı kredit reytinqi
95064691,Aylin Hüseynova,02-18-93,qadin,Bakalavr tehsili,İşləyən,1056,Nağd istehlak krediti,16098,məişət avadanlığı alışı,17.93,437.0,4,Bəli,Xeyr,Rədd edilib,Aşağı kredit reytinqi
12045531,Aylin İsmayılova,08-13-97,Qadın,Magistr,İşləyən,3408,Nağd istehlak krediti,2893,tibbi xərclər,18.74,567.0,0,,Xeyr,Təsdiqlənib,Bütün sənədlər qaydasındadır
54078573,Hüseyn Rəhimov,1997-09-15,,Bakalavr,İşləyən,"2,068",Avtomobil krediti,31432 manat,şəxsi istehlak məqsədi,22.63,1062.0,1,Xeyr,Bəli,Rədd edilib,'Qara siyahı'da olmaq | Yoxlayıcı_ID: 177
40095272,Məryəm Abdullayeva,20/10/1986,qadin,Orta məktəb,İşsiz,154,Nağd istehlak krediti,802,təmir,19.53,548.0,1,Bəli,Bəli,Rədd edilib,'Qara siyahı'da olmaq
47795327,Uğur Məmmədov,2005-09-22,,Bakalavr,Tələbə,156,Təhsil krediti,1542,Biznes krediti,22.58,359.0,0,,Xeyr,Rədd edilib,Aşağı kredit reytinqi
94030998,Aydan Tağıyeva,12/05/1990,,Bakalavr,Sahibkar,5539,Mikro kredit,53601,Biznes krediti,23.86,1397.0,2,Bəli,Xeyr,Təsdiqlənib,Müştərinin gəliri və krediti təsdiqləndi | Yoxlayıcı_ID: 851
89883675,Kəmalə Babayeva,04-01-71,Q,Bakalavr,İşləyən,1011,Nağd istehlak krediti,2047,təmir,14.76,1575.0,1,Bəli,Xeyr,Təsdiqlənib,Bütün sənədlər qaydasındadır
36337506,Rəşad Cavadov,09/05/1989, kişi ,Magistr,İşləyən,,Nağd istehlak krediti,1826,şəxsi istehlak məqsədi,17.26,900.0,3,Bəli,Xeyr,Təsdiqlənib,Bütün sənədlər qaydasındadır | Yoxlayıcı_ID: 941
39652352,Aysel Rüstəmova,1996-03-06,qadin,Magistr,İşləyən,1581,Nağd istehlak krediti,16192,tibbi xərclər,18.95,411.0,0,,Xeyr,Rədd edilib,Aşağı kredit reytinqi
64779336,Zeynəb Məmmədova,25/11/1980,Q,Bakalavr,İşləyən,2920,Nağd istehlak krediti,6221 AZN,şəxsi istehlak məqsədi,19.81,690.0,3,Bəli,Xeyr,Təsdiqlənib,Bütün sənədlər qaydasındadır
31132241,Cavid Cavadov,1975-08-12, kişi ,Bakalavr,Sahibkar,3878,Mikro kredit,49345,əsas vəsaitlərin alınması - Biznes krediti,23.03,1050.0,8,Bəli,Xeyr,Təsdiqlənib,Müştərinin gəliri və krediti təsdiqləndi | Yoxlayıcı_ID: 315
19823869,Ləman Tağıyeva,05-19-07,Qadın,Bakalavr tehsili,Tələbə,181,Təhsil krediti,2004,dövriyyə vəsaitlərinin artırılması - Biznes krediti,21.78,762.0,0,,Xeyr,Təsdiqlənib,Müştərinin gəliri və krediti təsdiqləndi
30896877,Aydan Quliyeva,04-14-92,Q,Bakalavr,İşləyən,3645,Nağd istehlak krediti,15847,şəxsi istehlak məqsədi,24.01,634.0,0,,Xeyr,Təsdiqlənib,Müştərinin gəliri və krediti təsdiqləndi
58925039, Ayan Qasımova ,16/09/1983,qadin,Bakalavr tehsili,İşləyən,3703,Nağd istehlak krediti,11416,təmir,20.85,687.0,3,Xeyr,Bəli,Rədd edilib,'Qara siyahı'da olmaq
40246435,Nihat Hüseynov,04/12/1987,,Magistr,İşləyən,3113,Nağd istehlak krediti,5712,təmir,24.24,1153.0,1,Xeyr,Xeyr,Təsdiqlənib,Müştərinin gəliri və krediti təsdiqləndi | Yoxlayıcı_ID: 289
26140405,Məhəmməd Məmmədov,12/01/2005, kişi ,Bakalavr,Tələbə,160,Təhsil krediti,692,dövriyyə vəsaitlərinin artırılması - Biznes krediti,11.15,,0,,Xeyr,Rədd edilib,Aşağı kredit reytinqi
96261928,Əhmədova Günel,02-22-82,Qadın,Bakalavr,İşləyən,1680,Nağd istehlak krediti,4373,təmir,24.83,509.0,0,,Xeyr,Təsdiqlənib,Müştərinin gəliri və krediti təsdiqləndi
50990354,Emin Tağıyev,10-14-80,Kişi,Bakalavr,İşləyən,2450,Avtomobil krediti,34065,toy xərcləri,20.53,1366.0,2,Bəli,Xeyr,Təsdiqlənib,Müştərinin gəliri və krediti təsdiqləndi
79897224,Anar Nəsirov,2006-02-25,K,Bakalavr tehsili,Tələbə,239,Təhsil krediti,1300,dövriyyə vəsaitlərinin artırılması - Biznes krediti,12.65,,1,Bəli,Xeyr,Təsdiqlənib,Bütün sənədlər qaydasındadır
84645345,Ramin Sultanov,2005-01-27,,Bakalavr tehsili,Tələbə,101,Təhsil krediti,2959,əsas vəsaitlərin alınması - Biznes krediti,14.34,207.0,1,Xeyr,Xeyr,Rədd edilib,Aşağı kredit reytinqi
40774430,Zeynəb Səfərova,1987-02-16,qadin,Bakalavr tehsili,İşləyən,2389,Nağd istehlak krediti,5783,məişət avadanlığı alışı,13.39,698.0,2,Xeyr,Xeyr,Təsdiqlənib,Bankın kredit şərtlərinə uyğun deyil
71661328,Ramin Hüseynov,1979-07-27,Kişi,Bakalavr,Sahibkar,6465,Mikro kredit,24061,dövriyyə vəsaitlərinin artırılması - Biznes krediti,24.59,1573.0,2,Xeyr,Xeyr,Təsdiqlənib,Bütün sənədlər qaydasındadır
11491152,Nigar İsmayılova,10-25-74,Q,Magistr,İşləyən,3513,Nağd istehlak krediti,5597,məişət avadanlığı alışı,21.97,670.0,1,Bəli,Xeyr,Təsdiqlənib,Müştərinin gəliri və krediti təsdiqləndi
52312819,Zeynəb Hüseynova,01/07/1978,Q,Bakalavr,İşləyən,3705,Nağd istehlak krediti,17142,tibbi xərclər,23.77,680.0,1,Xeyr,Xeyr,Təsdiqlənib,Müştərinin gəliri və krediti təsdiqləndi | Yoxlayıcı_ID: 296
66742198,Məryəm Abdullayeva,1996-07-10,Qadın,Orta məktəb,İşsiz,112,Nağd istehlak krediti,557,toy xərcləri,20.22,315.0,1,Bəli,Xeyr,Rədd edilib,Aşağı kredit reytinqi | Yoxlayıcı_ID: 875
10064483,Murad Rəhimov,03-09-66,K,Magistr,Sahibkar,7102,Mikro kredit,10402,əsas vəsaitlərin alınması - Biznes krediti,12.87,1207.0,2,Bəli,Xeyr,Təsdiqlənib,Bütün sənədlər qaydasındadır | Yoxlayıcı_ID: 753
21962286,Uğur Əhmədov,07-15-99,,Bakalavr tehsili,İşləyən,,Nağd istehlak krediti,15019,məişət avadanlığı alışı,13.74,1244.0,1,Xeyr,Xeyr,Təsdiqlənib,Bütün sənədlər qaydasındadır
23543399,Sevinc Əhmədova,1995-07-06,qadin,Bakalavr tehsili,İşləyən,994,Nağd istehlak krediti,14583,şəxsi istehlak məqsədi,13.32,1344.0,2,Xeyr,Xeyr,Təsdiqlənib,Bütün sənədlər qaydasındadır
66644021,Rəşad Səfərov,1996-12-29,K,Bakalavr,İşləyən,1492,Nağd istehlak krediti,"14,284",məişət avadanlığı alışı,24.27,799.0,0,,Xeyr,Təsdiqlənib,Müştərinin gəliri və krediti təsdiqləndi
71548350,Murad İbrahimov,1975-02-04,Kişi,Bakalavr,İşləyən,886,Nağd istehlak krediti,15844,təmir,10.93,442.0,1,Xeyr,Xeyr,Rədd edilib,Aşağı kredit reytinqi
74848320,Zeynəb İbrahimova,02-09-90,Q,Orta məktəb,İşsiz,,Nağd istehlak kriditi,642 manat,təmir,17.08,,1,Xeyr,Xeyr,Rədd edilib,Aşağı kredit reytinqi
70130456,Nigar Rzayeva,1980-01-14,Q,Bakalavr tehsili,İşləyən,2612,Nağd istehlak krediti,9139,toy xərcləri,19.92,1270.0,0,,Xeyr,Təsdiqlənib,Bütün sənədlər qaydasındadır
13733656,Kamal Səfərov,18/04/1998,Kişi,Orta məktəb,İşsiz,204,Nağd istehlak krediti,913,tibbi xərclər,16.71,349.0,2,Xeyr,Bəli,Rədd edilib,'Qara siyahı'da olmaq
45478817,Samir Məmmədov,1972-07-14, kişi ,Bakalavr,İşləyən,2641,Nağd istehlak krediti,19879,şəxsi istehlak məqsədi,23.4,548.0,0,,Xeyr,Təsdiqlənib,Bütün sənədlər qaydasındadır
40223350,Ayan Rzayeva,1974-01-26,qadin,Magistr,İşləyən,2378,Nağd istehlak krediti,962,tibbi xərclər,18.04,1433.0,0,,Xeyr,Təsdiqlənib,Bütün sənədlər qaydasındadır
37558397,Rəşad Məmmədov,1971-08-20, kişi ,Bakalavr tehsili,İşləyən,842,Avtomobil krediti,33659,tibbi xərclər,22.58,769.0,2,Bəli,Xeyr,Rədd edilib,Gəlir çatışmazlığı
24901820,Məhəmməd Rəhimov,1972-11-08,,Bakalavr,İşləyən,,Nağd istehlak krediti,10934,məişət avadanlığı alışı,22.77,1227.0,2,Bəli,Xeyr,Təsdiqlənib,Bütün sənədlər qaydasındadır | Yoxlayıcı_ID: 892
24065588,Emin Nəsirov,03-10-63, kişi ,Orta məktəb,İşsiz,24,Nağd istehlak krediti,610,təmir,24.7,260.0,1,Bəli,Bəli,Rədd edilib,'Qara siyahı'da olmaq
77499465,Nihat Vəliyev,1974-04-20,Kişi,Magistr,İşləyən,2741,Nağd istehlak krediti,5465,toy xərcləri,14.76,1541.0,3,Bəli,Xeyr,Təsdiqlənib,Bütün sənədlər qaydasındadır | Yoxlayıcı_ID: 973
74375083,Fərid Nəsirov,12-27-04, kişi ,Bakalavr,Tələbə,270,Təhsil krediti,1644,əsas vəsaitlərin alınması - Biznes krediti,17.18,499.0,0,,Xeyr,Təsdiqlənib,Aşağı kredit reytinqi
57200044,Cavid Rəhimov,06-21-62,K,Orta məktəb,İşsiz,321,Nağd istehlak krediti,718,təmir,20.01,442.0,1,Bəli,Bəli,Rədd edilib,'Qara siyahı'da olmaq
59377462,Zəhra Cəfərova,04-24-94,qadin,Orta məktəb,İşsiz,67,Nağd istehlak krediti,690,şəxsi istehlak məqsədi,20.52,223.0,2,Xeyr,Bəli,Rədd edilib,'Qara siyahı'da olmaq | Yoxlayıcı_ID: 394
49323973,Uğur Cəfərov,2004-06-05,Kişi,Magistr,Tələbə,215,Təhsil krediti,1892 manat,əsas vəsaitlərin alınması - Biznes krediti,21.52,526.0,1,Bəli,Xeyr,Təsdiqlənib,Bütün sənədlər qaydasındadır | Yoxlayıcı_ID: 278
32638042,Uğur Abdullayev,03-27-82,K,Bakalavr,Sahibkar,7650,Mikro kredit,49226,əsas vəsaitlərin alınması - Biznes krediti,17.51,900.0,3,Xeyr,Xeyr,Təsdiqlənib,Bütün sənədlər qaydasındadır
49107042,Fatimə Rzayeva,1997-04-22,,Bakalavr,İşləyən,2426,Avtomobil krediti,20653,təmir,19.53,551.0,0,,Xeyr,Təsdiqlənib,Müştərinin gəliri və krediti təsdiqləndi
40025234,Zülfiyyə Vəliyeva,10/03/1971,Qadın,Magistr,İşləyən,1030,Nağd istehlak krediti,5444,tibbi xərclər,11.95,1078.0,3,Bəli,Xeyr,Təsdiqlənib,Müştərinin gəliri və krediti təsdiqləndi
47399723,Kamal Rəhimov,30/04/2004,Kişi,Magistr,Tələbə,132,Təhsil krediti,2821,dövriyyə vəsaitlərinin artırılması - Biznes krediti,22.45,258.0,0,,Xeyr,Rədd edilib,Aşağı kredit reytinqi
40664871,Ayan Cəfərova,1998-06-29,,Orta məktəb,İşsiz,28,Nağd istehlak krediti,933,şəxsi istehlak məqsədi,16.61,395.0,1,Xeyr,Xeyr,Rədd edilib,Aşağı kredit reytinqi
57124295,Aylin Tağıyeva,10-25-93,,Orta məktəb,İşsiz,0,Nağd istehlak krediti,732,toy xərcləri,14.92,292.0,1,Xeyr,Xeyr,Rədd edilib,Aşağı kredit reytinqi
32744289,Günel Əliyeva,1986-06-19,Qadın,Magistr,İşləyən,2856,Nağd istehlak krediti,6908,şəxsi istehlak məqsədi,18.98,581.0,3,Xeyr,Xeyr,Təsdiqlənib,Bütün sənədlər qaydasındadır
58317000,Məhəmməd İsmayılov,02-17-63,,Orta məktəb,İşsiz,327,Nağd istehlak krediti,787,məişət avadanlığı alışı,14.04,370.0,0,,Xeyr,Rədd edilib,Aşağı kredit reytinqi
70457667,Murad Abdullayev,2000-12-01, kişi ,Bakalavr tehsili,İşləyən,3707,Nağd istehlak krediti,4389,tibbi xərclər,19.17,533.0,3,Xeyr,Xeyr,Təsdiqlənib,Müştərinin gəliri və krediti təsdiqləndi
70236002,Zülfiyyə Quliyeva,1985-02-09,,Orta məktəb,İşsiz,232,Nağd istehlak krediti,753,toy xərcləri,19.22,285.0,1,Bəli,Xeyr,Rədd edilib,Aşağı kredit reytinqi
93308187,Rauf Vəliyev,05-20-81,Kişi,Bakalavr,İşləyən,1458,Avtomobil krediti,39959,tibbi xərclər,24.0,401.0,4,Bəli,Xeyr,Rədd edilib,Aşağı kredit reytinqi
59449002,Nigar Tağıyeva,1967-10-13,qadin,Magistr,Sahibkar,6158,Mikro kredit,43969,əsas vəsaitlərin alınması - Biznes krediti,15.44,1798.0,7,Bəli,Xeyr,Təsdiqlənib,Bütün sənədlər qaydasındadır
94364808,Ləman Quliyeva,08/11/1992,Qadın,Magistr,İşləyən,1502,Nağd istehlak krediti,5182,şəxsi istehlak məqsədi,16.57,1130.0,3,Xeyr,Xeyr,Təsdiqlənib,Müştərinin gəliri və krediti təsdiqləndi | Yoxlayıcı_ID: 122
58953422,Zəhra Quliyeva,04-13-91,,Bakalavr,Sahibkar,3929,Mikro kredit,32712,dövriyyə vəsaitlərinin artırılması - Biznes krediti,11.4,1699.0,6,Bəli,Xeyr,Təsdiqlənib,Müştərinin gəliri və krediti təsdiqləndi
20632445,Hüseyn Vəliyev,2007-09-23,Kişi,Bakalavr tehsili,Tələbə,111,Təhsil kriditi,1798,dövriyyə vəsaitlərinin artırılması - Biznes krediti,21.98,259.0,0,,Xeyr,Rədd edilib,Aşağı kredit reytinqi | Yoxlayıcı_ID: 517
45130265,Ləman Rüstəmova,1994-01-07,qadin,Bakalavr,İşləyən,1981,Avtomobil krediti,11149,şəxsi istehlak məqsədi,14.65,1316.0,0,,Xeyr,Təsdiqlənib,Müştərinin gəliri və krediti təsdiqləndi | Yoxlayıcı_ID: 328
27734769,Kəmalə İbrahimova,19/01/1996,Qadın,Bakalavr,İşləyən,923,Nağd istehlak kriditi,7236,təmir,23.57,1508.0,4,Bəli,Xeyr,Təsdiqlənib,Müştərinin gəliri və krediti təsdiqləndi
73172102,Şəbnəm Cavadova,04-08-73,qadin,Bakalavr,İşləyən,2080,Nağd istehlak kriditi,5215,tibbi xərclər,13.29,1410.0,2,Bəli,Xeyr,Təsdiqlənib,Müştərinin gəliri və krediti təsdiqləndi
30213863,Əli Əhmədov,2000-02-12, kişi ,Bakalavr,İşləyən,3002,Nağd istehlak krediti,18202,məişət avadanlığı alışı,11.73,1168.0,2,Bəli,Xeyr,Təsdiqlənib,Bütün sənədlər qaydasındadır
85094610,Səfərova Kəmalə,08/05/1992,,Bakalavr tehsili,İşləyən,1277,Nağd istehlak krediti,"12,157",məişət avadanlığı alışı,13.45,1372.0,3,Bəli,Xeyr,Təsdiqlənib,Bütün sənədlər qaydasındadır | Yoxlayıcı_ID: 382
11146576,Zəhra Babayeva,10-21-07,,Bakalavr tehsili,Tələbə,229,Təhsil krediti,2037,Biznes krediti,23.19,292.0,1,Bəli,Xeyr,Rədd edilib,Aşağı kredit reytinqi
15986270,Cavid Rzayev,15/01/1975, kişi ,Orta məktəb,İşsiz,326,Nağd istehlak krediti,933,toy xərcləri,23.29,330.0,1,Xeyr,Xeyr,Rədd edilib,Aşağı kredit reytinqi
53187029,Zülfiyyə Abdullayeva,12-22-93,qadin,Bakalavr tehsili,İşləyən,1601,Nağd istehlak krediti,11023,şəxsi istehlak məqsədi,22.29,1076.0,3,Xeyr,Xeyr,Təsdiqlənib,Bütün sənədlər qaydasındadır
17175330,Məryəm Nəsirova,14/09/2005,Qadın,Bakalavr tehsili,Tələbə,279,Təhsil krediti,1295,Biznes krediti,21.21,362.0,0,,Xeyr,Rədd edilib,Aşağı kredit reytinqi
54244593,Məhəmməd Babayev,10-30-04,Kişi,Bakalavr,Tələbə,184,Təhsil krediti,976 manat,əsas vəsaitlərin alınması - Biznes krediti,15.42,378.0,1,Xeyr,Xeyr,Rədd edilib,Aşağı kredit reytinqi | Yoxlayıcı_ID: 701
22843052,Ləman Səfərova,1980-09-09,qadin,Magistr,Sahibkar,8803,Mikro kredit,49346,dövriyyə vəsaitlərinin artırılması - Biznes krediti,11.56,1500.0,5,Xeyr,Xeyr,Təsdiqlənib,Bütün sənədlər qaydasındadır
89479701,Nigar Əhmədova,1968-12-27,Q,Magistr,Sahibkar,6413,Mikro kredit,93973,əsas vəsaitlərin alınması - Biznes krediti,16.11,986.0,7,Bəli,Xeyr,Təsdiqlənib,Bütün sənədlər qaydasındadır
44609226,Məryəm Rüstəmova,1982-08-02,Q,Orta məktəb,İşsiz,250,Nağd istehlak krediti,489,toy xərcləri,15.13,242.0,1,Bəli,Bəli,Rədd edilib,'Qara siyahı'da olmaq | Yoxlayıcı_ID: 777
20685688,Fatimə Rəhimova,12-02-68,Q,Orta məktəb,İşsiz,52,Nağd istehlak krediti,802,şəxsi istehlak məqsədi,16.36,522.0,0,,Xeyr,Təsdiqlənib,Səhv və ya natamam müraciət
26331473,Ləman Qasımova,15/03/1979,qadin,Bakalavr,İşləyən,3749,Nağd istehlak krediti,6475,məişət avadanlığı alışı,22.94,1533.0,0,,Xeyr,Təsdiqlənib,Müştərinin gəliri və krediti təsdiqləndi
81766178,Zeynəb Məmmədova,02/02/2006,Qadın,Bakalavr,Tələbə,143,Təhsil krediti,1278,dövriyyə vəsaitlərinin artırılması - Biznes krediti,21.16,441.0,0,,Xeyr,Rədd edilib,Aşağı kredit reytinqi
63702900,anar cavadov,12-30-06,K,Bakalavr tehsili,Tələbə,265,Təhsil krediti,2603,əsas vəsaitlərin alınması - Biznes krediti,16.6,739.0,0,,Xeyr,Təsdiqlənib,Zaminlik məsələləri | Yoxlayıcı_ID: 162
59215748,Elvin Nəsirov,11-12-96,Kişi,Bakalvar,İşləyən,3735,Nağd istehlak krediti,13632,tibbi xərclər,24.63,527.0,2,Xeyr,Xeyr,Təsdiqlənib,Bütün sənədlər qaydasındadır | Yoxlayıcı_ID: 374
76337454,Emin Cəfərov,06-13-88,,Magistr,İşləyən,1466,Nağd istehlak krediti,14702,toy xərcləri,18.73,1207.0,1,Bəli,Xeyr,Təsdiqlənib,Bütün sənədlər qaydasındadır
59586250,Murad Rüstəmov,09-11-79, kişi ,Orta məktəb,İşsiz,269,Nağd istehlak krediti,773,təmir,11.49,132.0,1,Bəli,Xeyr,Rədd edilib,Aşağı kredit reytinqi
82423529,Fərid Rüstəmov,15/07/2004,,Bakalavr,Tələbə,269,Təhsil krediti,998,Biznes krediti,16.26,733.0,0,,Xeyr,Təsdiqlənib,Bütün sənədlər qaydasındadır
37958160,Nihat Nəsirov,25/11/2002,,Magistr,Tələbə,202,Təhsil krediti,542,əsas vəsaitlərin alınması - Biznes krediti,18.42,791.0,0,,Xeyr,Təsdiqlənib,Müştərinin gəliri və krediti təsdiqləndi
13016189,Rəşad Quliyev,10-15-93,Kişi,Bakalavr tehsili,İşləyən,3175,Nağd istehlak krediti,"8,743",toy xərcləri,11.63,1546.0,2,Xeyr,Bəli,Rədd edilib,'Qara siyahı'da olmaq
27416344,Günel Rüstəmova,18/02/1987,qadin,Magistr,İşləyən,1632,Nağd istehlak krediti,3822,məişət avadanlığı alışı,22.19,1146.0,1,Xeyr,Xeyr,Təsdiqlənib,Müştərinin gəliri və krediti təsdiqləndi
90878382,Məryəm Quliyeva,09-29-86,Q,Bakalavr tehsili,Sahibkar,3507,Mikro kredit,30405,əsas vəsaitlərin alınması - Biznes krediti,17.07,978.0,4,Bəli,Xeyr,Təsdiqlənib,Müştərinin gəliri və krediti təsdiqləndi
53779961,Lalə Qasımova,06/10/2006,Q,Bakalavr tehsili,Tələbə,247,Təhsil krediti,873,dövriyyə vəsaitlərinin artırılması - Biznes krediti,24.44,624.0,1,Bəli,Xeyr,Təsdiqlənib,Müştərinin gəliri və krediti təsdiqləndi
21048361,Emin Vəliyev,04-21-04,Kişi,Bakalavr,Tələbə,148,Təhsil krediti,1854,Biznes krediti,21.22,474.0,0,,Xeyr,Rədd edilib,Aşağı kredit reytinqi
41930485,Yusif Nəsirov,1994-12-05,Kişi,Orta məktəb,İşsiz,397,Nağd istehlak krediti,924,şəxsi istehlak məqsədi,10.96,307.0,0,,Xeyr,Rədd edilib,Aşağı kredit reytinqi
33808438,Fatimə Nəsirova,11-03-84,Q,Bakalavr tehsili,İşləyən,2051,Nağd istehlak krediti,17901,şəxsi istehlak məqsədi,13.87,732.0,2,Xeyr,Xeyr,Təsdiqlənib,Bütün sənədlər qaydasındadır
29508048,Aysel Babayeva,2001-11-02,Q,Bakalavr,İşləyən,1483,Nağd istehlak krediti,17900,tibbi xərclər,14.99,1378.0,2,Bəli,Xeyr,Təsdiqlənib,Bütün sənədlər qaydasındadır | Yoxlayıcı_ID: 416
50204149,Səbinə Məmmədova,1983-01-22,Q,Bakalavr tehsili,Sahibkar,2934,Mikro kredit,32051,dövriyyə vəsaitlərinin artırılması - Biznes krediti,18.59,1423.0,8,Bəli,Xeyr,Təsdiqlənib,Bütün sənədlər qaydasındadır | Yoxlayıcı_ID: 451
91855931,Yusif Rəhimov,26/05/2002,K,Bakalavr,İşləyən,1309,Nağd istehlak krediti,3581,toy xərcləri,15.26,752.0,2,Bəli,Xeyr,Təsdiqlənib,Müştərinin gəliri və krediti təsdiqləndi
79774365,Ləman Cavadova,2002-08-17,Q,Bakalavr,İşləyən,3168,Avtomobil krediti,39830,tibbi xərclər,13.53,871.0,1,Xeyr,Xeyr,Təsdiqlənib,Müştərinin gəliri və krediti təsdiqləndi
85920212,Orxan Quliyev,10-08-65,Kişi,Orta məktəb,İşsiz,177,Nağd istehlak krediti,844 manat,məişət avadanlığı alışı,11.72,534.0,0,,Bəli,Rədd edilib,'Qara siyahı'da olmaq
83154914,Aysel Tağıyeva,1986-09-22,qadin,Bakalavr,Sahibkar,7693,Mikro kredit,52295,dövriyyə vəsaitlərinin artırılması - Biznes krediti,21.27,820.0,5,Bəli,Xeyr,Təsdiqlənib,Müştərinin gəliri və krediti təsdiqləndi
86121502,Ramin Əhmədov,05-30-07, kişi ,Bakalavr,Tələbə,223,Təhsil krediti,609 AZN,Biznes krediti,20.45,495.0,1,Xeyr,Xeyr,Rədd edilib,Aşağı kredit reytinqi | Yoxlayıcı_ID: 813
14403215,Orxan Nəsirov,2001-04-06, kişi ,Bakalavr tehsili,İşləyən,3584,Nağd istehlak krediti,19815,təmir,20.27,771.0,2,Bəli,Xeyr,Təsdiqlənib,Bütün sənədlər qaydasındadır
55527353,Aylin İsmayılova,1978-01-27,Q,Orta məktəb,İşsiz,129,Nağd istehlak krediti,631,məişət avadanlığı alışı,21.38,431.0,0,,Xeyr,Rədd edilib,Aşağı kredit reytinqi
66742158,Anar Rəhimov,27/07/1963, kişi ,Orta məktəb,İşsiz,226 AZN,Nağd istehlak krediti,838,şəxsi istehlak məqsədi,13.15,213.0,1,Xeyr,Bəli,Rədd edilib,'Qara siyahı'da olmaq
30201682,Samir Tağıyev,1985-06-01, kişi ,Bakalavr tehsili,İşləyən,2438,Nağd istehlak krediti,9610,məişət avadanlığı alışı,22.67,1099.0,2,Xeyr,Xeyr,Təsdiqlənib,Bütün sənədlər qaydasındadır
56824438,Uğur Vəliyev,1996-08-26, kişi ,Bakalavr,İşləyən,3071,Nağd istehlak krediti,9499,şəxsi istehlak məqsədi,18.43,1011.0,2,Bəli,Bəli,Təsdiqlənib,'Qara siyahı'da olmaq
62987611,Murad İsmayılov,01-08-05,Kişi,Bakalavr tehsili,Tələbə,191,Təhsil krediti,2408,dövriyyə vəsaitlərinin artırılması - Biznes krediti,18.6,751.0,0,,Xeyr,Təsdiqlənib,Müştərinin gəliri və krediti təsdiqləndi
41253604,Murad Qasımov,17/05/2003,K,Magistr,Tələbə,280,Təhsil krediti,755,dövriyyə vəsaitlərinin artırılması - Biznes krediti,20.61,238.0,0,,Xeyr,Rədd edilib,Aşağı kredit reytinqi
44089396,Zeynəb Abdullayeva,03-15-80,Qadın,Magistr,İşləyən,1552,Nağd istehlak krediti,19613,toy xərcləri,18.2,1589.0,2,Xeyr,Xeyr,Təsdiqlənib,Bütün sənədlər qaydasındadır | Yoxlayıcı_ID: 696
67656332,Aysel Məmmədova,1992-09-02,qadin,Bakalavr tehsili,İşləyən,1444,Avtomobil krediti,8005,tibbi xərclər,18.91,1174.0,3,Bəli,Xeyr,Təsdiqlənib,Müştərinin gəliri və krediti təsdiqləndi
70913974,Fidan Tağıyeva,08/05/1981,qadin,Bakalavr tehsili,Sahibkar,6871,Mikro kredit,51163,dövriyyə vəsaitlərinin artırılması - Biznes krediti,15.62,,4,Xeyr,Xeyr,Təsdiqlənib,Bütün sənədlər qaydasındadır
29304716,Kamal Babayev,1977-06-01, kişi ,Bakalavr tehsili,İşləyən,2615,Nağd istehlak krediti,6365,məişət avadanlığı alışı,21.08,609.0,1,Bəli,Xeyr,Təsdiqlənib,Müştərinin gəliri və krediti təsdiqləndi
41015764,Orxan Cəfərov,1997-03-05, kişi ,Orta məktəb,İşsiz,132,Nağd istehlak krediti,847,tibbi xərclər,24.1,453.0,2,Bəli,Xeyr,Rədd edilib,Aşağı kredit reytinqi
32723479,Səbinə Əliyeva,1995-07-21,,Magistr,İşləyən,3335,Nağd istehlak krediti,9965,məişət avadanlığı alışı,16.92,,4,Bəli,Xeyr,Təsdiqlənib,Müştərinin gəliri və krediti təsdiqləndi
78607776, Cavid Səfərov ,03-28-82,K,Bakalavr tehsili,İşləyən,3158,Nağd istehlak krediti,"11,490",təmir,23.55,485.0,4,Bəli,Xeyr,Rədd edilib,Aşağı kredit reytinqi
34943271,Nigar Vəliyeva,29/12/1995,qadin,Bakalavr tehsili,İşləyən,1141,Avtomobil krediti,34914,toy xərcləri,23.64,995.0,4,Xeyr,Xeyr,Rədd edilib,Gəlir çatışmazlığı
65437396,Ayan Tağıyeva,01-06-07,Qadın,Magistr,Tələbə,,Təhsil krediti,1676,Biznes krediti,23.21,237.0,0,,Xeyr,Rədd edilib,Aşağı kredit reytinqi
46795951,Aysel Cavadova,26/08/1977,,Bakalavr,İşləyən,860,Nağd istehlak krediti,9062 manat,tibbi xərclər,17.41,1427.0,2,Bəli,Xeyr,Təsdiqlənib,Müştərinin gəliri və krediti təsdiqləndi
84759040,Fidan Hüseynova,2003-02-20,Q,Bakalavr,Tələbə,216,Təhsil krediti,634,Biznes krediti,12.29,398.0,0,,Xeyr,Təsdiqlənib,Aşağı kredit reytinqi
29746977,Tağıyev Emin,15/02/1994,K,Magistr,Sahibkar,8517,Mikro kredit,12384,əsas vəsaitlərin alınması - Biznes krediti,13.81,1344.0,8,Bəli,Xeyr,Təsdiqlənib,Müştərinin gəliri və krediti təsdiqləndi
63734479,Günel Cəfərova,11/07/2001,qadin,Bakalavr tehsili,İşləyən,3385,Nağd istehlak krediti,9124,təmir,23.35,1429.0,4,Xeyr,Xeyr,Təsdiqlənib,Müştərinin gəliri və krediti təsdiqləndi
17408662,Emin Rzayev,11/03/1981,,Bakalavr,Sahibkar,2897,Mikro kredit,98862,Biznes krediti,22.33,989.0,2,Bəli,Xeyr,Rədd edilib,Gəlir çatışmazlığı | Yoxlayıcı_ID: 335
89047759,Zeynəb Babayeva,2004-06-24,,Bakalavr,Tələbə,151,Təhsil krediti,504,əsas vəsaitlərin alınması - Biznes krediti,18.55,459.0,1,Xeyr,Xeyr,Rədd edilib,Aşağı kredit reytinqi | Yoxlayıcı_ID: 475
69384189,Aysel Abdullayeva,24/04/1986,Q,Bakalavr tehsili,İşləyən,2570,Nağd istehlak krediti,18286 AZN,məişət avadanlığı alışı,11.21,1403.0,4,Bəli,Xeyr,Təsdiqlənib,Müştərinin gəliri və krediti təsdiqləndi
64397968,Ramin Tağıyev,1962-11-08,Kişi,Orta məktəb,İşsiz,40,Nağd istehlak krediti,761,məişət avadanlığı alışı,22.01,212.0,1,Xeyr,Xeyr,Rədd edilib,Aşağı kredit reytinqi
12076425,Elvin Əhmədov,09-24-83,Kişi,Orta məktəb,İşsiz,4,Nağd istehlak krediti,453,təmir,23.04,,0,,Xeyr,Rədd edilib,Aşağı kredit reytinqi
88994384,Yusif Vəliyev,08-05-97,,Bakalavr tehsili,İşləyən,2978,Nağd istehlak krediti,678,şəxsi istehlak məqsədi,17.21,1101.0,2,Bəli,Xeyr,Təsdiqlənib,Müştərinin gəliri və krediti təsdiqləndi | Yoxlayıcı_ID: 658
45842044,Emin Hüseynov,1974-12-16,,Bakalavr,İşləyən,2211 manat,Avtomobil krediti,11106,şəxsi istehlak məqsədi,19.35,1551.0,1,Xeyr,Bəli,Rədd edilib,'Qara siyahı'da olmaq
22539415,Aydan Vəliyeva,2002-08-20,,Magistr,İşləyən,2937,Nağd istehlak krediti,"10,938",təmir,12.42,582.0,0,,Xeyr,Təsdiqlənib,Müştərinin gəliri və krediti təsdiqləndi
91586877,Hüseyn Babayev,02-12-87, kişi ,Magistr,İşləyən,2490,Nağd istehlak krediti,2174,toy xərcləri,20.93,,1,Xeyr,Xeyr,Təsdiqlənib,Müştərinin gəliri və krediti təsdiqləndi
25663185,Nərmin Nəsirova,08-17-92,qadin,Bakalavr tehsili,İşləyən,1466,Nağd istehlak krediti,3710,təmir,23.12,650.0,4,Xeyr,Xeyr,Təsdiqlənib,Müştərinin gəliri və krediti təsdiqləndi
24440836,Aydan Qasımova,2007-08-30,Q,Bakalavr,Tələbə,215,Təhsil krediti,1983,dövriyyə vəsaitlərinin artırılması - Biznes krediti,15.39,721.0,1,Xeyr,Xeyr,Təsdiqlənib,Bankın kredit şərtlərinə uyğun deyil | Yoxlayıcı_ID: 246
99747012,Nərmin Cavadova,1976-10-05,Q,Bakalavr tehsili,İşləyən,1505,Nağd istehlak krediti,12514,tibbi xərclər,14.52,940.0,2,Bəli,Xeyr,Təsdiqlənib,Bütün sənədlər qaydasındadır
65982296,Kamal Əhmədov,11-22-85, kişi ,Magistr,İşləyən,3110,Nağd istehlak krediti,3224,tibbi xərclər,11.96,,3,Bəli,Xeyr,Təsdiqlənib,Bütün sənədlər qaydasındadır
34395225,Zəhra Sultanova,06-03-06,,Bakalavr tehsili,Tələbə,142,Təhsil krediti,2189,dövriyyə vəsaitlərinin artırılması - Biznes krediti,17.17,338.0,1,Xeyr,Xeyr,Rədd edilib,Aşağı kredit reytinqi | Yoxlayıcı_ID: 380
28828181,Uğur Məmmədov,1988-07-10,,Bakalavr,İşləyən,1821,Nağd istehlak krediti,8143,şəxsi istehlak məqsədi,22.09,1428.0,0,,Xeyr,Təsdiqlənib,Müştərinin gəliri və krediti təsdiqləndi | Yoxlayıcı_ID: 150
24918435,Səbinə Əhmədova,03-21-97,qadin,Magistr,İşləyən,1827,Nağd istehlak krediti,10119,tibbi xərclər,12.62,853.0,3,Xeyr,Xeyr,Təsdiqlənib,Bütün sənədlər qaydasındadır
14878691,Rauf Sultanov,1989-08-17,K,Bakalavr tehsili,İşləyən,2210,Nağd istehlak krediti,1999,şəxsi istehlak məqsədi,21.38,835.0,4,Bəli,Xeyr,Təsdiqlənib,Müştərinin gəliri və krediti təsdiqləndi
22759924,Nihat Əliyev,1970-11-18,Kişi,Bakalavr,Sahibkar,3178,Mikro kredit,52741,əsas vəsaitlərin alınması - Biznes krediti,18.62,1417.0,5,Xeyr,Xeyr,Təsdiqlənib,'Qara siyahı'da olmaq
50611760,kamal səfərov,2004-12-08,Kişi,Bakalavr tehsili,Tələbə,115,Təhsil krediti,2490 AZN,Biznes krediti,10.9,555.0,0,,Xeyr,Təsdiqlənib,Bütün sənədlər qaydasındadır
83461484,Kəmalə Rəhimova,17/09/2005,qadin,Bakalavr tehsili,Tələbə,288,Təhsil krediti,1344,Biznes krediti,19.0,366.0,0,,Xeyr,Rədd edilib,Aşağı kredit reytinqi
16925789,Ləman Rzayeva,10/04/2001,qadin,Bakalavr,İşləyən,3658,Avtomobil krediti,36444,şəxsi istehlak məqsədi,13.96,1524.0,1,Xeyr,Xeyr,Təsdiqlənib,Bütün sənədlər qaydasındadır | Yoxlayıcı_ID: 297
54940668,Emin Cəfərov,1986-09-21,,Bakalavr,İşləyən,2911 AZN,Nağd istehlak krediti,5588,tibbi xərclər,19.21,1508.0,2,Bəli,Xeyr,Təsdiqlənib,Bütün sənədlər qaydasındadır
38619390,Fərid Əhmədov,10-10-71,K,Bakalavr tehsili,İşləyən,3459,Nağd istehlak krediti,7668,tibbi xərclər,24.7,584.0,4,Xeyr,Xeyr,Təsdiqlənib,Bütün sənədlər qaydasındadır
13189287,Orxan Rəhimov,10-21-04,,Bakalavr,Tələbə,271,Təhsil krediti,1744,Biznes krediti,12.3,278.0,0,,Xeyr,Rədd edilib,Aşağı kredit reytinqi
35925174,Sahil Tağıyev,07-26-79, kişi ,Bakalavr,İşləyən,2860,Nağd istehlak krediti,19032,şəxsi istehlak məqsədi,24.18,571.0,4,Bəli,Xeyr,Təsdiqlənib,Müştərinin gəliri və krediti təsdiqləndi
88040956,Məhəmməd Rəhimov,03-30-94,,Bakalavr,Sahibkar,6506,Mikro kredit,67055 AZN,Biznes krediti,20.19,,2,Bəli,Bəli,Rədd edilib,'Qara siyahı'da olmaq
71099398,Kamal Məmmədov,1972-10-04,,Magistr,Sahibkar,5834,Mikro kredit,81610,əsas vəsaitlərin alınması - Biznes krediti,15.06,1700.0,7,Bəli,Xeyr,Təsdiqlənib,Bütün sənədlər qaydasındadır
84375645,Uğur Cavadov,1977-11-06,K,Bakalavr,İşləyən,1306,Nağd istehlak krediti,3340,məişət avadanlığı alışı,15.93,590.0,2,Xeyr,Xeyr,Təsdiqlənib,Bütün sənədlər qaydasındadır | Yoxlayıcı_ID: 537
25248401,Aysel Rzayeva,01-28-90,,Bakalavr tehsili,İşləyən,,Nağd istehlak krediti,19859,tibbi xərclər,10.97,1164.0,4,Bəli,Xeyr,Təsdiqlənib,Müştərinin gəliri və krediti təsdiqləndi
68606104,Fidan Quliyeva,04/12/1984,,Orta məktəb,İşsiz,298,Nağd istehlak krediti,510,tibbi xərclər,22.15,103.0,2,Xeyr,Xeyr,Rədd edilib,Aşağı kredit reytinqi | Yoxlayıcı_ID: 952
30453896,Uğur Rzayev,09-22-00, kişi ,Magistr,İşləyən,1799,Nağd istehlak krediti,2870,toy xərcləri,12.39,453.0,4,Bəli,Xeyr,Rədd edilib,Aşağı kredit reytinqi
67436575,Sevinc Rəhimova,28/12/1971,Q,Orta məktəb,İşsiz,197,Nağd istehlak krediti,526947,tibbi xərclər,15.77,566.0,0,,Xeyr,Rədd edilib,Gəlir çatışmazlığı
96149640,Fatimə İbrahimova,01-11-89,Qadın,Bakalavr,Sahibkar,,Mikro kredit,95608,dövriyyə vəsaitlərinin artırılması - Biznes krediti,24.7,944.0,3,Bəli,Xeyr,Təsdiqlənib,Bütün sənədlər qaydasındadır
92214578,Rəşad Sultanov,1976-08-08,,Bakalavr,Sahibkar,4712,Mikro kredit,66344,dövriyyə vəsaitlərinin artırılması - Biznes krediti,18.06,1451.0,2,Bəli,Xeyr,Təsdiqlənib,Müştərinin gəliri və krediti təsdiqləndi
87528274,Şəbnəm Qasımova,30/11/1995,Qadın,Orta məktəb,İşsiz,23,Nağd istehlak krediti,657 AZN,tibbi xərclər,14.33,381.0,1,Bəli,Xeyr,Təsdiqlənib,Aşağı kredit reytinqi
56305174,Cavid İbrahimov,08-28-95,,Bakalavr,İşləyən,3319,Nağd istehlak krediti,1055,tibbi xərclər,14.58,613.0,1,Xeyr,Xeyr,Təsdiqlənib,Bütün sənədlər qaydasındadır
35405486,Cavid Rüstəmov,1991-01-30,,Bakalavr tehsili,İşləyən,3476,Nağd istehlak krediti,12246,toy xərcləri,18.14,956.0,2,Xeyr,Xeyr,Təsdiqlənib,Müştərinin gəliri və krediti təsdiqləndi | Yoxlayıcı_ID: 502
44047206,Aydan Əhmədova,1978-12-17,,Orta məktəb,İşsiz,41,Nağd istehlak krediti,977,tibbi xərclər,20.84,259.0,1,Bəli,Xeyr,Rədd edilib,Aşağı kredit reytinqi
85967311,Anar Əhmədov,10-22-88,,Magistr,İşləyən,3751,Nağd istehlak krediti,18406,məişət avadanlığı alışı,15.96,1394.0,1,Bəli,Xeyr,Təsdiqlənib,Müştərinin gəliri və krediti təsdiqləndi | Yoxlayıcı_ID: 217
32312665,Nigar Quliyeva,2005-12-11,qadin,Bakalavr,Tələbə,249,Təhsil krediti,1188,Biznes krediti,17.1,285.0,0,,Xeyr,Rədd edilib,Aşağı kredit reytinqi
43338934,Aylin Rəhimova,1999-10-26,qadin,Bakalavr tehsili,İşləyən,1085,Nağd istehlak krediti,6098,məişət avadanlığı alışı,20.03,1299.0,1,Xeyr,Bəli,Rədd edilib,'Qara siyahı'da olmaq
61532024,Aylin Quliyeva,1999-06-06,qadin,Bakalavr tehsili,İşləyən,1997,Nağd istehlak krediti,5200,şəxsi istehlak məqsədi,24.6,500.0,4,Bəli,Xeyr,Təsdiqlənib,Bütün sənədlər qaydasındadır | Yoxlayıcı_ID: 934
77915192,Kəmalə Rəhimova,04-26-77,Qadın,Bakalavr tehsili,İşləyən,3769,Nağd istehlak krediti,6966,məişət avadanlığı alışı,18.53,1248.0,4,Bəli,Xeyr,Təsdiqlənib,Müştərinin gəliri və krediti təsdiqləndi
66764391,Sahil Abdullayev,03/06/1980, kişi ,Bakalavr,İşləyən,1657,Nağd istehlak krediti,843,toy xərcləri,11.69,471.0,2,Xeyr,Xeyr,Rədd edilib,Aşağı kredit reytinqi
30505300,Cavid İsmayılov,03-03-74, kişi ,Bakalavr tehsili,İşləyən,849,Nağd istehlak krediti,8283,tibbi xərclər,17.49,487.0,3,Bəli,Xeyr,Rədd edilib,Aşağı kredit reytinqi
42774325,Emin Tağıyev,1983-03-08,K,Magistr,İşləyən,1374,Nağd istehlak krediti,5563,məişət avadanlığı alışı,17.4,585.0,4,Xeyr,Bəli,Rədd edilib,'Qara siyahı'da olmaq
23372778, Murad Rüstəmov ,27/11/2002,,Bakalavr tehsili,Tələbə,292,Təhsil krediti,2685,dövriyyə vəsaitlərinin artırılması - Biznes krediti,14.74,601.0,0,,Xeyr,Təsdiqlənib,Müştərinin gəliri və krediti təsdiqləndi
40872955,Uğur İbrahimov,1992-04-21,Kişi,Magistr,İşləyən,1084,Nağd istehlak krediti,18383,tibbi xərclər,21.94,1182.0,0,,Xeyr,Təsdiqlənib,Müştərinin gəliri və krediti təsdiqləndi | Yoxlayıcı_ID: 837
54081193,Hüseynova Lalə,03-04-04,Q,Magistr,Tələbə,178,Təhsil krediti,1362,dövriyyə vəsaitlərinin artırılması - Biznes krediti,12.16,,0,,Xeyr,Təsdiqlənib,Müştərinin gəliri və krediti təsdiqləndi | Yoxlayıcı_ID: 667
21362236,Nihat Əhmədov,03-11-87,K,Bakalavr,İşləyən,2975 AZN,Nağd istehlak krediti,961,məişət avadanlığı alışı,11.05,849.0,1,Bəli,Xeyr,Təsdiqlənib,Müştərinin gəliri və krediti təsdiqləndi
44138088,Murad Rüstəmov,1961-04-05,,Orta məktəb,İşsiz,373,Nağd istehlak krediti,929,toy xərcləri,18.92,,1,Bəli,Xeyr,Rədd edilib,Aşağı kredit reytinqi
13995451,Zülfiyyə Cavadova,1995-03-03,qadin,Bakalavr tehsili,İşləyən,846,Nağd istehlak krediti,2780,şəxsi istehlak məqsədi,12.48,,4,Bəli,Xeyr,Təsdiqlənib,Müştərinin gəliri və krediti təsdiqləndi
37800885,Şəbnəm Abdullayeva,1976-07-22,Qadın,Bakalavr,İşləyən,2786 AZN,Nağd istehlak krediti,4169,toy xərcləri,18.66,1389.0,2,Bəli,Xeyr,Təsdiqlənib,Müştərinin gəliri və krediti təsdiqləndi
29028269,Yusif Nəsirov,1997-03-19,K,Magistr,İşləyən,,Nağd istehlak krediti,7351,məişət avadanlığı alışı,16.38,705.0,4,Bəli,Xeyr,Təsdiqlənib,Bütün sənədlər qaydasındadır
49683283,Sevinc Rəhimova,1993-06-22,Qadın,Magistr,Sahibkar,7319,Mikro kredit,22340,əsas vəsaitlərin alınması - Biznes krediti,24.55,825.0,2,Bəli,Xeyr,Təsdiqlənib,Gəlir çatışmazlığı
46279772,Fərid Quliyev,26/06/2005, kişi ,Magistr,Tələbə,237,Təhsil krediti,2864,Biznes krediti,22.67,756.0,0,,Xeyr,Təsdiqlənib,Müştərinin gəliri və krediti təsdiqləndi
90011965,Fatimə İbrahimova,1971-08-08,qadin,Bakalavr,İşləyən,2701,Avtomobil krediti,12149,təmir,23.05,1185.0,4,Xeyr,Xeyr,Təsdiqlənib,Müştərinin gəliri və krediti təsdiqləndi
76962233,Ramin Əliyev,14/09/1988,K,Bakalavr,İşləyən,1594,Avtomobil krediti,35155,toy xərcləri,19.9,948.0,1,Bəli,Xeyr,Təsdiqlənib,Müştərinin gəliri və krediti təsdiqləndi
91975559,Yusif Səfərov,31/12/1977,Kişi,Bakalavr tehsili,İşləyən,3780 AZN,Nağd istehlak krediti,15326,təmir,15.86,1001.0,0,,Xeyr,Təsdiqlənib,Müştərinin gəliri və krediti təsdiqləndi
71204787,Sevinc İsmayılova,01/05/1967,,Bakalavr,Sahibkar,8034,Mikro kredit,98587,dövriyyə vəsaitlərinin artırılması - Biznes krediti,15.76,1406.0,5,Bəli,Xeyr,Təsdiqlənib,Bütün sənədlər qaydasındadır | Yoxlayıcı_ID: 163
89975186,Orxan Sultanov,1976-12-31,,Bakalavr tehsili,İşləyən,2103,Nağd istehlak krediti,11884,təmir,11.19,412.0,2,Xeyr,Bəli,Rədd edilib,'Qara siyahı'da olmaq
63998924,Sevinc Babayeva,01-30-72,Q,Bakalavr tehsili,Sahibkar,7994,Mikro kredit,59659,əsas vəsaitlərin alınması - Biznes krediti,20.86,1681.0,4,Xeyr,Xeyr,Təsdiqlənib,Müştərinin gəliri və krediti təsdiqləndi | Yoxlayıcı_ID: 435
32077422, Samir Cavadov ,1990-11-25,Kişi,Bakalavr tehsili,Sahibkar,2895,Mikro kredit,95085,əsas vəsaitlərin alınması - Biznes krediti,18.61,1081.0,5,Xeyr,Xeyr,Rədd edilib,Gəlir çatışmazlığı
29927249,Rauf Əhmədov,07-26-73, kişi ,Magistr,İşləyən,3283,Avtomobil krediti,14628,məişət avadanlığı alışı,18.55,1496.0,2,Xeyr,Xeyr,Təsdiqlənib,Müştərinin gəliri və krediti təsdiqləndi | Yoxlayıcı_ID: 315
93583937,Lalə Əhmədova,2004-04-21,Q,Magistr,Tələbə,,Təhsil krediti,2927,dövriyyə vəsaitlərinin artırılması - Biznes krediti,12.02,458.0,1,Xeyr,Xeyr,Rədd edilib,Aşağı kredit reytinqi
90590328,Sevinc Tağıyeva,18/03/2005,Qadın,Bakalavr,Tələbə,144,Təhsil krediti,654,Biznes krediti,11.97,214.0,0,,Xeyr,Rədd edilib,Aşağı kredit reytinqi
71860245,Fidan Quliyeva,18/10/1975,Qadın,Bakalavr,Sahibkar,"6,069",Mikro kredit,32343,Biznes krediti,20.11,1265.0,5,Xeyr,Xeyr,Təsdiqlənib,Bütün sənədlər qaydasındadır
63982101,Anar Sultanov,01-12-87,Kişi,Bakalavr tehsili,İşləyən,1550 manat,Nağd istehlak krediti,17156,məişət avadanlığı alışı,18.93,1094.0,3,Xeyr,Xeyr,Təsdiqlənib,Müştərinin gəliri və krediti təsdiqləndi
23923234,Zülfiyyə Rəhimova,27/01/1981,,Orta məktəb,İşsiz,115,Nağd istehlak krediti,880 manat,şəxsi istehlak məqsədi,17.29,317.0,1,Xeyr,Xeyr,Təsdiqlənib,Aşağı kredit reytinqi
18571303,ayan i̇brahimova,09-15-04,Qadın,Magistr,Tələbə,198 AZN,Təhsil krediti,2157,əsas vəsaitlərin alınması - Biznes krediti,12.26,495.0,0,,Xeyr,Rədd edilib,Aşağı kredit reytinqi
98605117,Rəna Vəliyeva,1978-11-15,Qadın,Magistr,İşləyən,3759,Nağd istehlak krediti,13596,toy xərcləri,23.29,1435.0,3,Bəli,Xeyr,Təsdiqlənib,Bütün sənədlər qaydasındadır
69974182,Rəhimova Ayan,26/11/2004,qadin,Bakalavr tehsili,Tələbə,247,Təhsil krediti,1332,əsas vəsaitlərin alınması - Biznes krediti,20.44,470.0,1,Xeyr,Xeyr,Rədd edilib,Aşağı kredit reytinqi
17867051,Elvin Əhmədov,1971-08-07, kişi ,Bakalavr,Sahibkar,5136,Mikro kredit,7934,dövriyyə vəsaitlərinin artırılması - Biznes krediti,13.68,1620.0,5,Xeyr,Xeyr,Təsdiqlənib,Müştərinin gəliri və krediti təsdiqləndi
41750132,Kamal Hüseynov,27/09/2003, kişi ,Bakalavr tehsili,Tələbə,215,Təhsil krediti,2373,əsas vəsaitlərin alınması - Biznes krediti,14.56,369.0,0,,Xeyr,Rədd edilib,Aşağı kredit reytinqi
82606298,Fidan İbrahimova,1999-03-25,Qadın,Bakalavr tehsili,İşləyən,1487,Nağd istehlak krediti,3325,tibbi xərclər,21.39,1231.0,3,Bəli,Xeyr,Təsdiqlənib,Bütün sənədlər qaydasındadır
11425824,Anar Quliyev,1991-11-23,K,Bakalavr tehsili,Sahibkar,,Mikro kredit,98289,əsas vəsaitlərin alınması - Biznes krediti,12.27,1765.0,8,Bəli,Xeyr,Təsdiqlənib,Müştərinin gəliri və krediti təsdiqləndi
63855305,Zəhra Quliyeva,15/05/1990,Qadın,Bakalavr tehsili,İşləyən,1856,Nağd istehlak krediti,7517 manat,tibbi xərclər,15.28,1351.0,2,Bəli,Xeyr,Təsdiqlənib,Müştərinin gəliri və krediti təsdiqləndi
21966173,Anar Quliyev,02-06-79,K,Orta məktəb,İşsiz,376,Nağd istehlak krediti,349,təmir,11.53,327.0,1,Xeyr,Xeyr,Rədd edilib,Aşağı kredit reytinqi
48378345,Fərid Əhmədov,24/12/2001,,Bakalavr tehsili,İşləyən,3538,Nağd istehlak krediti,13412,tibbi xərclər,17.32,1375.0,3,Xeyr,Xeyr,Təsdiqlənib,Bütün sənədlər qaydasındadır
65414557,Murad Əliyev,1978-03-31, kişi ,Magistr,İşləyən,2957,Nağd istehlak krediti,6994,təmir,12.88,839.0,0,,Xeyr,Təsdiqlənib,Müştərinin gəliri və krediti təsdiqləndi | Yoxlayıcı_ID: 203
19294616,Fərid İbrahimov,1989-04-21,,Bakalavr,İşləyən,,Nağd istehlak krediti,7458,təmir,17.89,1580.0,4,Xeyr,Xeyr,Təsdiqlənib,Bütün sənədlər qaydasındadır | Yoxlayıcı_ID: 419
32286047,Kəmalə Əhmədova,16/12/1999,Q,Bakalavr tehsili,İşləyən,3765,Avtomobil krediti,31275,tibbi xərclər,16.62,1565.0,0,,Xeyr,Təsdiqlənib,Müştərinin gəliri və krediti təsdiqləndi
43362546,Aylin Əhmədova,04-14-82,qadin,Bakalavr,İşləyən,1370,Nağd istehlak krediti,6994,şəxsi istehlak məqsədi,19.84,1314.0,2,Bəli,Xeyr,Təsdiqlənib,Bütün sənədlər qaydasındadır
81243444,Ramin İsmayılov,04-09-01,K,Bakalavr tehsili,İşləyən,1379,Nağd istehlak krediti,10553,təmir,18.51,1250.0,0,,Xeyr,Təsdiqlənib,Bütün sənədlər qaydasındadır
14139710,Anar Vəliyev,01-03-04,,Magistr,Tələbə,112,Təhsil krediti,2237,dövriyyə vəsaitlərinin artırılması - Biznes krediti,17.23,229.0,1,Bəli,Xeyr,Rədd edilib,Aşağı kredit reytinqi
17627666,Orxan Qasımov,03-04-02, kişi ,Bakalavr,İşləyən,914,Nağd istehlak krediti,10648 manat,tibbi xərclər,18.87,565.0,2,Bəli,Xeyr,Təsdiqlənib,Müştərinin gəliri və krediti təsdiqləndi | Yoxlayıcı_ID: 965
90831770,Tural Rüstəmov,10-13-78,,Bakalavr tehsili,İşləyən,1615,Avtomobil krediti,23173 AZN,şəxsi istehlak məqsədi,12.48,1330.0,3,Bəli,Xeyr,Təsdiqlənib,Müştərinin gəliri və krediti təsdiqləndi
48271224,Fidan Rüstəmova,02-17-79,Qadın,Bakalavr tehsili,İşləyən,972,Avtomobil krediti,18579,toy xərcləri,16.97,869.0,1,Bəli,Xeyr,Təsdiqlənib,Bütün sənədlər qaydasındadır
64441590,Rəşad Babayev,1989-05-16,Kişi,Bakalavr,İşləyən,3904,Nağd istehlak krediti,985,toy xərcləri,19.41,1516.0,3,Xeyr,Xeyr,Təsdiqlənib,Bütün sənədlər qaydasındadır
68179258,Rauf İbrahimov,01/12/1984,K,Bakalavr tehsili,Sahibkar,3507,Mikro kredit,91679,əsas vəsaitlərin alınması - Biznes krediti,23.97,1629.0,6,Bəli,Xeyr,Rədd edilib,Gəlir çatışmazlığı | Yoxlayıcı_ID: 172
82216258,Lalə Vəliyeva,1971-06-12,,Magistr,İşləyən,1538,Nağd istehlak krediti,11194,şəxsi istehlak məqsədi,24.06,1320.0,0,,Xeyr,Təsdiqlənib,Bütün sənədlər qaydasındadır
65951580,Fərid Rüstəmov,03-07-02,K,Bakalavr,İşləyən,1809,Nağd istehlak krediti,2934,toy xərcləri,19.08,1579.0,3,Xeyr,Xeyr,Təsdiqlənib,Müştərinin gəliri və krediti təsdiqləndi | Yoxlayıcı_ID: 125
34073083,Kəmalə İsmayılova,11-28-89,qadin,Magistr,İşləyən,2862,Nağd istehlak krediti,14122,tibbi xərclər,23.5,820.0,1,Xeyr,Xeyr,Təsdiqlənib,Müştərinin gəliri və krediti təsdiqləndi
27641856,Aydan İsmayılova,1973-03-21,,Orta məktəb,İşsiz,,Nağd istehlak krediti,415,toy xərcləri,12.66,500.0,2,Bəli,Xeyr,Təsdiqlənib,Müştərinin gəliri və krediti təsdiqləndi
29861481,Məryəm Babayeva,1973-11-05,qadin,Orta məktəb,İşsiz,55,Nağd istehlak kriditi,717,toy xərcləri,11.98,398.0,1,Xeyr,Xeyr,Rədd edilib,Aşağı kredit reytinqi
39370023,Uğur Quliyev,02-20-06,K,Bakalavr,Tələbə,191,Təhsil krediti,722,Biznes krediti,22.69,633.0,0,,Xeyr,Təsdiqlənib,Müştərinin gəliri və krediti təsdiqləndi | Yoxlayıcı_ID: 395
84621558,Fidan Rzayeva,2002-10-07,,Magistr,İşləyən,3789,Nağd istehlak krediti,13093,toy xərcləri,15.97,981.0,4,Xeyr,Xeyr,Təsdiqlənib,Səhv və ya natamam müraciət | Yoxlayıcı_ID: 426
66130647,Kəmalə Əliyeva,1994-06-06,qadin,Bakalavr,İşləyən,2880 manat,Nağd istehlak krediti,14494,şəxsi istehlak məqsədi,21.63,1226.0,2,Xeyr,Xeyr,Təsdiqlənib,Bütün sənədlər qaydasındadır
96170608,Rəşad Rzayev,1983-06-29,Kişi,Magistr,İşləyən,2748,Nağd istehlak krediti,2230,tibbi xərclər,15.91,787.0,0,,Xeyr,Təsdiqlənib,Müştərinin gəliri və krediti təsdiqləndi
98326483,Uğur Cavadov,1985-10-29,Kişi,Orta məktəb,İşsiz,322,Nağd istehlak krediti,582 AZN,təmir,14.52,491.0,1,Xeyr,Xeyr,Rədd edilib,Aşağı kredit reytinqi
86712391,Emin Məmmədov,1996-08-05,K,Bakalavr tehsili,İşləyən,1778,Nağd istehlak krediti,"9,831",məişət avadanlığı alışı,18.13,754.0,2,Xeyr,Xeyr,Təsdiqlənib,Bütün sənədlər qaydasındadır
64440991,Tural Tağıyev,28/08/2000,Kişi,Bakalavr tehsili,İşləyən,1416,Avtomobil krediti,39789,məişət avadanlığı alışı,17.07,1090.0,4,Xeyr,Xeyr,Rədd edilib,Gəlir çatışmazlığı | Yoxlayıcı_ID: 613
73402639,Zülfiyyə Abdullayeva,1994-01-20,Qadın,Magistr,İşləyən,1125,Nağd istehlak krediti,13724,təmir,15.48,,0,,Xeyr,Təsdiqlənib,Müştərinin gəliri və krediti təsdiqləndi
97641103,Aylin Nəsirova,03-30-97,,Bakalavr tehsili,İşləyən,,Nağd istehlak krediti,10430,təmir,19.94,1535.0,2,Bəli,Xeyr,Təsdiqlənib,Müştərinin gəliri və krediti təsdiqləndi
73282426,Murad Cəfərov,1980-07-11,Kişi,Magistr,İşləyən,3401,Nağd istehlak krediti,14159,təmir,13.79,688.0,1,Bəli,Xeyr,Təsdiqlənib,Müştərinin gəliri və krediti təsdiqləndi
70584254,Fidan Quliyeva,30/12/1977,Q,Bakalavr tehsili,İşləyən,1194,Nağd istehlak krediti,4291,təmir,14.73,800.0,3,Bəli,Xeyr,Təsdiqlənib,Müştərinin gəliri və krediti təsdiqləndi
79286719,Nərmin Əliyeva,08/07/1980,qadin,Bakalavr tehsili,İşləyən,1998 AZN,Nağd istehlak krediti,1186,məişət avadanlığı alışı,20.48,1253.0,4,Xeyr,Xeyr,Təsdiqlənib,Bütün sənədlər qaydasındadır | Yoxlayıcı_ID: 843
10007645,Rəşad Səfərov,07/06/1995,,Bakalavr tehsili,Sahibkar,6895,Mikro kredit,56560,dövriyyə vəsaitlərinin artırılması - Biznes krediti,13.89,840.0,2,Xeyr,Xeyr,Təsdiqlənib,Müştərinin gəliri və krediti təsdiqləndi
59109239,Nərmin Məmmədova,1982-02-13,Qadın,Orta məktəb,İşsiz,116,Nağd istehlak krediti,400,məişət avadanlığı alışı,16.49,396.0,2,Bəli,Xeyr,Rədd edilib,Aşağı kredit reytinqi
62444973,Tural Rüstəmov,2007-09-23, kişi ,Magistr,Tələbə,267,Təhsil krediti,2054 AZN,Biznes krediti,14.69,760.0,0,,Xeyr,Təsdiqlənib,Müştərinin gəliri və krediti təsdiqləndi
33975859,Orxan Səfərov,1998-05-01,K,Magistr,İşləyən,1495,Nağd istehlak krediti,4886,toy xərcləri,23.16,1277.0,1,Bəli,Xeyr,Təsdiqlənib,Müştərinin gəliri və krediti təsdiqləndi
42547617,Zülfiyyə Babayeva,05-30-67,,Bakalavr tehsili,Sahibkar,9675,Mikro kredit,21575,Biznes krediti,13.81,831.0,8,Bəli,Xeyr,Təsdiqlənib,Gəlir çatışmazlığı
58353665,Tural Cavadov,27/02/2005,K,Bakalavr tehsili,Tələbə,178,Təhsil krediti,805,dövriyyə vəsaitlərinin artırılması - Biznes krediti,20.67,263.0,0,,Xeyr,Rədd edilib,Aşağı kredit reytinqi
64091674,Tural İbrahimov,1998-02-04,Kişi,Bakalavr tehsili,İşləyən,1920,Nağd istehlak krediti,16370,məişət avadanlığı alışı,17.42,713.0,0,,Xeyr,Təsdiqlənib,Müştərinin gəliri və krediti təsdiqləndi
60719952,Orxan Rzayev,02/09/1981, kişi ,Bakalavr tehsili,İşləyən,2808,Nağd istehlak krediti,5486,şəxsi istehlak məqsədi,22.2,502.0,2,Xeyr,Xeyr,Təsdiqlənib,Bütün sənədlər qaydasındadır | Yoxlayıcı_ID: 990
13718040,Rəşad Cavadov,06-18-98,,Magistr,İşləyən,1724,Nağd istehlak krediti,17070,şəxsi istehlak məqsədi,11.65,1227.0,4,Xeyr,Xeyr,Təsdiqlənib,Bütün sənədlər qaydasındadır
66817858,aydan rəhimova,11-21-88,Qadın,Bakalavr,İşləyən,1416,Avtomobil krediti,32485,şəxsi istehlak məqsədi,15.16,1084.0,3,Bəli,Bəli,Təsdiqlənib,'Qara siyahı'da olmaq
30528352,Sahil Rəhimov,02-18-89,K,Bakalavr tehsili,İşləyən,3070,Nağd istehlak krediti,6602,təmir,17.11,790.0,1,Xeyr,Xeyr,Təsdiqlənib,Müştərinin gəliri və krediti təsdiqləndi
85766187,Cavid Qasımov,03-11-07, kişi ,Bakalavr,Tələbə,245,Təhsil krediti,1406,Biznes krediti,20.86,663.0,1,Xeyr,Xeyr,Təsdiqlənib,Müştərinin gəliri və krediti təsdiqləndi
93508437,Kamal Cavadov,03-31-76,K,Bakalavr tehsili,İşləyən,3114,Nağd istehlak krediti,12902,məişət avadanlığı alışı,18.85,1504.0,1,Xeyr,Xeyr,Təsdiqlənib,Müştərinin gəliri və krediti təsdiqləndi
40259718,Rəna Əliyeva,2000-04-28,Qadın,Bakalavr,İşləyən,3452,Nağd istehlak krediti,11950,tibbi xərclər,13.25,1166.0,2,Bəli,Xeyr,Təsdiqlənib,Müştərinin gəliri və krediti təsdiqləndi
10133289,Ləman Sultanova,15/05/2002,Q,Bakalavr tehsili,İşləyən,2248,Nağd istehlak krediti,13845,təmir,20.22,1487.0,3,Bəli,Xeyr,Təsdiqlənib,Bütün sənədlər qaydasındadır
36703252,Şəbnəm Məmmədova,06-06-91,,Bakalavr tehsili,İşləyən,"3,308",Nağd istehlak krediti,11212,toy xərcləri,15.56,858.0,3,Bəli,Xeyr,Təsdiqlənib,Aşağı kredit reytinqi | Yoxlayıcı_ID: 940
69245226,Cəfərov Əli,05-07-83,Kişi,Orta məktəb,İşsiz,53,Nağd istehlak krediti,459 AZN,təmir,13.22,116.0,1,Xeyr,Xeyr,Rədd edilib,Aşağı kredit reytinqi
33457846, Zeynəb Rzayeva ,15/06/2002,qadin,Magistr,İşləyən,2713,Avtomobil krediti,"26,361",şəxsi istehlak məqsədi,13.78,490.0,0,,Xeyr,Təsdiqlənib,Aşağı kredit reytinqi
54956141,Orxan Cavadov,07/06/1962,,Orta məktəb,İşsiz,228,Nağd istehlak krediti,492,şəxsi istehlak məqsədi,15.43,553.0,0,,Xeyr,Təsdiqlənib,Müştərinin gəliri və krediti təsdiqləndi
38274148,Zülfiyyə Qasımova,12/04/1978,Qadın,Bakalavr tehsili,İşləyən,1080 manat,Nağd istehlak krediti,8913,şəxsi istehlak məqsədi,24.37,1134.0,3,Bəli,Xeyr,Təsdiqlənib,Müştərinin gəliri və krediti təsdiqləndi
43011487,Əliyeva Fatimə,2003-01-19,,Bakalavr tehsili,Tələbə,209,Təhsil krediti,2780,əsas vəsaitlərin alınması - Biznes krediti,23.56,378.0,0,,Xeyr,Rədd edilib,Aşağı kredit reytinqi
48288474,Quliyeva Nigar,24/02/1998,qadin,Bakalavr tehsili,İşləyən,2383,Avtomobil krediti,38331,tibbi xərclər,11.14,759.0,1,Bəli,Xeyr,Təsdiqlənib,Bütün sənədlər qaydasındadır
37748099,Nigar Sultanova,02-11-85,Q,Orta məktəb,İşsiz,362,Nağd istehlak krediti,735,toy xərcləri,16.48,332.0,1,Xeyr,Xeyr,Rədd edilib,Aşağı kredit reytinqi
52530812,Aylin Əliyeva,11-21-05,Q,Bakalavr,Tələbə,300,Təhsil krediti,2214 manat,dövriyyə vəsaitlərinin artırılması - Biznes krediti,20.81,510.0,0,,Xeyr,Təsdiqlənib,Bütün sənədlər qaydasındadır
77979020,Aylin İbrahimova,1991-07-13,Q,Bakalavr tehsili,Sahibkar,4753,Mikro kredit,95846,Biznes krediti,11.79,1599.0,6,Bəli,Xeyr,Təsdiqlənib,Müştərinin gəliri və krediti təsdiqləndi
86812108,Şəbnəm Qasımova,28/01/2004,qadin,Bakalavr tehsili,Tələbə,185,Təhsil krediti,664,Biznes krediti,18.1,783.0,0,,Xeyr,Təsdiqlənib,Bütün sənədlər qaydasındadır
92076134,Lalə Rəhimova,09-02-73,qadin,Bakalavr,Sahibkar,7791,Mikro kredit,96702,Biznes krediti,20.18,1591.0,5,Bəli,Xeyr,Təsdiqlənib,Bütün sənədlər qaydasındadır
41732161,Nihat Qasımov,26/06/1993,Kişi,Orta məktəb,İşsiz,279 AZN,Nağd istehlak krediti,820,toy xərcləri,11.49,183.0,1,Bəli,Bəli,Rədd edilib,'Qara siyahı'da olmaq
18710870,Günel Səfərova,08-02-76,qadin,Bakalavr tehsili,Sahibkar,2773,Mikro kredit,98473,dövriyyə vəsaitlərinin artırılması - Biznes krediti,23.42,1692.0,8,Bəli,Xeyr,Rədd edilib,Gəlir çatışmazlığı
45920034,Günel Rəhimova,07-04-76,qadin,Bakalavr,İşləyən,"1,646",Nağd istehlak krediti,10153,şəxsi istehlak məqsədi,19.4,439.0,3,Xeyr,Xeyr,Rədd edilib,Aşağı kredit reytinqi
83805477,Nihat Məmmədov,2001-10-14,K,Bakalavr,İşləyən,3084,Nağd istehlak krediti,6561,toy xərcləri,19.57,1242.0,0,,Xeyr,Təsdiqlənib,Müştərinin gəliri və krediti təsdiqləndi
77274526,məhəmməd rzayev,14/05/1982,K,Bakalavr tehsili,Sahibkar,9584,Mikro kredit,30781,əsas vəsaitlərin alınması - Biznes krediti,14.52,1370.0,8,Xeyr,Xeyr,Təsdiqlənib,Bütün sənədlər qaydasındadır
30321814,Zəhra Əhmədova,2003-01-11,qadin,Bakalavr tehsili,Tələbə,264,Təhsil krediti,960,dövriyyə vəsaitlərinin artırılması - Biznes krediti,17.42,361.0,0,,Xeyr,Rədd edilib,Aşağı kredit reytinqi
94394432,Emin Səfərov,1979-08-26,,Bakalavr tehsili,İşləyən,1563,Nağd istehlak krediti,14525,tibbi xərclər,16.31,1200.0,1,Xeyr,Xeyr,Təsdiqlənib,Bütün sənədlər qaydasındadır
35056490,Aysel Cəfərova,21/11/2003,Qadın,Bakalavr,Tələbə,251,Təhsil krediti,2495,Biznes krediti,23.09,282.0,0,,Xeyr,Rədd edilib,Aşağı kredit reytinqi
34351569,Nihat Sultanov,21/09/1987,K,Bakalavr,İşləyən,3448,Nağd istehlak kriditi,4037,toy xərcləri,24.38,706.0,2,Bəli,Xeyr,Təsdiqlənib,Müştərinin gəliri və krediti təsdiqləndi
28741759,Əliyev Murad,1991-01-25,K,Magistr,İşləyən,3386,Nağd istehlak krediti,18899,təmir,21.76,1181.0,2,Bəli,Xeyr,Təsdiqlənib,Müştərinin gəliri və krediti təsdiqləndi
92975391,Fərid Səfərov,05-15-04,,Magistr,Tələbə,172,Təhsil krediti,1102,əsas vəsaitlərin alınması - Biznes krediti,12.89,267.0,0,,Xeyr,Rədd edilib,Aşağı kredit reytinqi | Yoxlayıcı_ID: 419
51720464,Zeynəb Babayeva,1977-10-31,Q,Magistr,İşləyən,3771,Avtomobil krediti,15457,toy xərcləri,17.21,878.0,1,Xeyr,Xeyr,Təsdiqlənib,Gəlir çatışmazlığı
13686933, Məhəmməd Abdullayev ,03/10/1969,K,Magistr,Sahibkar,7701 manat,Mikro kredit,67046,Biznes krediti,18.43,1736.0,7,Xeyr,Xeyr,Təsdiqlənib,Müştərinin gəliri və krediti təsdiqləndi | Yoxlayıcı_ID: 450
34328111,Murad Rüstəmov,05-16-01, kişi ,Bakalavr tehsili,İşləyən,2828,Nağd istehlak krediti,877,toy xərcləri,12.12,1311.0,4,Xeyr,Xeyr,Təsdiqlənib,Müştərinin gəliri və krediti təsdiqləndi
29052492,Sahil Məmmədov,23/05/1973, kişi ,Magistr,İşləyən,1796,Nağd istehlak krediti,12591,şəxsi istehlak məqsədi,20.86,1274.0,3,Bəli,Xeyr,Təsdiqlənib,Müştərinin gəliri və krediti təsdiqləndi
42837835,Kamal Babayev,04-16-89,Kişi,Bakalavr,Sahibkar,8459,Mikro kredit,75775,dövriyyə vəsaitlərinin artırılması - Biznes krediti,18.95,,2,Bəli,Xeyr,Təsdiqlənib,Bütün sənədlər qaydasındadır
56311556, Məryəm Cəfərova ,25/04/1990,qadin,Bakalavr,İşləyən,1909,Nağd istehlak krediti,9309,şəxsi istehlak məqsədi,15.12,513.0,0,,Xeyr,Təsdiqlənib,Bütün sənədlər qaydasındadır | Yoxlayıcı_ID: 879
39833984,Lalə Hüseynova,03-09-68,qadin,Magistr,Sahibkar,"8,759",Mikro kredit,73430,Biznes krediti,22.06,1322.0,5,Xeyr,Xeyr,Təsdiqlənib,Müştərinin gəliri və krediti təsdiqləndi
96583663,Ləman Cəfərova,1974-04-05,Q,Orta məktəb,İşsiz,282,Nağd istehlak krediti,878,məişət avadanlığı alışı,11.27,,1,Xeyr,Xeyr,Rədd edilib,Aşağı kredit reytinqi | Yoxlayıcı_ID: 672
72405942,Məhəmməd Qasımov,21/01/2006,,Bakalavr,Tələbə,215,Təhsil krediti,1986,Biznes krediti,14.57,387.0,1,Xeyr,Xeyr,Rədd edilib,Aşağı kredit reytinqi | Yoxlayıcı_ID: 848
25735143,Məryəm Cavadova,07/11/1987,,Bakalavr,İşləyən,1976,Nağd istehlak krediti,4449,şəxsi istehlak məqsədi,19.71,1298.0,0,,Xeyr,Təsdiqlənib,'Qara siyahı'da olmaq
87372992,Hüseyn Cavadov,1991-01-13,K,Magistr,İşləyən,1496,Avtomobil krediti,"17,436",məişət avadanlığı alışı,20.63,420.0,2,Xeyr,Xeyr,Rədd edilib,Aşağı kredit reytinqi
85287967,Fidan Babayeva,10-18-90,qadin,Magistr,İşləyən,3891 AZN,Nağd istehlak krediti,13895 manat,toy xərcləri,13.82,931.0,2,Xeyr,Xeyr,Təsdiqlənib,Bütün sənədlər qaydasındadır
47896151,Emin Səfərov,12-11-99,K,Magistr,İşləyən,2291,Nağd istehlak krediti,19461,təmir,13.86,1513.0,3,Xeyr,Xeyr,Təsdiqlənib,Müştərinin gəliri və krediti təsdiqləndi
17921747,Yusif Quliyev,1990-10-26,,Orta məktəb,İşsiz,40,Nağd istehlak krediti,355,təmir,19.62,382.0,0,,Xeyr,Rədd edilib,Aşağı kredit reytinqi
37556562,Zülfiyyə Babayeva,1994-09-20,Q,Magistr,İşləyən,2281,Nağd istehlak krediti,5456,toy xərcləri,22.19,1069.0,3,Xeyr,Xeyr,Təsdiqlənib,Bütün sənədlər qaydasındadır
53595375, Əli İbrahimov ,25/06/1987,Kişi,Bakalavr tehsili,İşləyən,1628,Nağd istehlak krediti,8776,toy xərcləri,14.13,1360.0,2,Xeyr,Xeyr,Təsdiqlənib,Gəlir çatışmazlığı
83292201,Şəbnəm Babayeva,2002-07-10,Qadın,Magistr,İşləyən,2646,Avtomobil krediti,35641,toy xərcləri,21.8,1484.0,2,Xeyr,Xeyr,Təsdiqlənib,Müştərinin gəliri və krediti təsdiqləndi
65209236,Nihat Quliyev,26/06/1995, kişi ,Bakalavr,İşləyən,1921,Nağd istehlak krediti,10296,şəxsi istehlak məqsədi,16.36,624.0,3,Xeyr,Xeyr,Təsdiqlənib,Müştərinin gəliri və krediti təsdiqləndi | Yoxlayıcı_ID: 183
21511163,Uğur Sultanov,2005-07-15,,Bakalavr tehsili,Tələbə,125,Təhsil krediti,1820,dövriyyə vəsaitlərinin artırılması - Biznes krediti,16.54,,0,,Xeyr,Təsdiqlənib,Bütün sənədlər qaydasındadır
38077744,Fatimə Məmmədova,06-17-66,Q,Magistr,Sahibkar,3377,Mikro kredit,66070,dövriyyə vəsaitlərinin artırılması - Biznes krediti,24.04,1594.0,5,Bəli,Xeyr,Təsdiqlənib,Bütün sənədlər qaydasındadır
86281050,Nihat Səfərov,03-30-07, kişi ,Bakalavr,Tələbə,148,Təhsil krediti,1365,Biznes krediti,13.5,242.0,0,,Xeyr,Rədd edilib,Aşağı kredit reytinqi
86169437, Aydan Hüseynova ,02/09/1993,Q,Bakalavr tehsili,İşləyən,3684,Nağd istehlak krediti,16466,tibbi xərclər,15.23,526.0,3,Xeyr,Xeyr,Təsdiqlənib,Bütün sənədlər qaydasındadır
44321839,Lalə Sultanova,1980-02-22,qadin,Orta məktəb,İşsiz,369,Nağd istehlak krediti,639,məişət avadanlığı alışı,16.58,295.0,2,Bəli,Bəli,Rədd edilib,'Qara siyahı'da olmaq | Yoxlayıcı_ID: 705
12560771,Murad Rzayev,1997-03-02,Kişi,Magistr,İşləyən,1676,Nağd istehlak krediti,12394,məişət avadanlığı alışı,16.85,500.0,4,Bəli,Xeyr,Təsdiqlənib,Müştərinin gəliri və krediti təsdiqləndi
21641563,Murad İsmayılov,05-15-06,,Magistr,Tələbə,134,Təhsil krediti,677,dövriyyə vəsaitlərinin artırılması - Biznes krediti,12.8,676.0,0,,Xeyr,Təsdiqlənib,Bütün sənədlər qaydasındadır
91527482,Nigar Əhmədova,23/10/1991,qadin,Magistr,İşləyən,,Avtomobil krediti,"19,087",təmir,24.79,793.0,0,,Xeyr,Təsdiqlənib,Müştərinin gəliri və krediti təsdiqləndi
72295778,Yusif Rüstəmov,19/01/1978,Kişi,Magistr,İşləyən,1782,Nağd istehlak krediti,7649,toy xərcləri,12.79,493.0,2,Bəli,Bəli,Rədd edilib,'Qara siyahı'da olmaq | Yoxlayıcı_ID: 693
91184935,Tural Rüstəmov,03-21-04,Kişi,Magistr,Tələbə,176,Təhsil krediti,794,dövriyyə vəsaitlərinin artırılması - Biznes krediti,16.96,651.0,0,,Xeyr,Təsdiqlənib,Bütün sənədlər qaydasındadır
83912811,Cavid Cəfərov,1995-05-18,Kişi,Bakalavr tehsili,İşləyən,2354,Avtomobil krediti,35016,şəxsi istehlak məqsədi,20.16,1280.0,1,Bəli,Xeyr,Təsdiqlənib,Bütün sənədlər qaydasındadır
59245556,Emin Rəhimov,1977-01-13,,Bakalavr tehsili,İşləyən,1479,Nağd istehlak krediti,1952,təmir,18.81,806.0,2,Bəli,Xeyr,Təsdiqlənib,Zaminlik məsələləri | Yoxlayıcı_ID: 391
96031802,Aydan Rzayeva,10-21-74,Q,Bakalavr,İşləyən,1921,Avtomobil krediti,10584,şəxsi istehlak məqsədi,18.32,1179.0,1,Xeyr,Xeyr,Təsdiqlənib,Müştərinin gəliri və krediti təsdiqləndi
83760844,Şəbnəm Rüstəmova,06-14-77,qadin,Bakalvar tehsili,Sahibkar,3710,Mikro kredit,81508,Biznes krediti,12.6,1015.0,7,Xeyr,Xeyr,Təsdiqlənib,Müştərinin gəliri və krediti təsdiqləndi
88827990,Nihat Səfərov,19/09/1967,,Bakalavr tehsili,Sahibkar,9985,Mikro kredit,"44,969",dövriyyə vəsaitlərinin artırılması - Biznes krediti,19.79,1091.0,5,Xeyr,Xeyr,Təsdiqlənib,Bütün sənədlər qaydasındadır
77222849,Nərmin Rəhimova,21/03/1969,Qadın,Magistr,Sahibkar,7635,Mikro kredit,34961,Biznes krediti,21.46,1711.0,5,Xeyr,Xeyr,Təsdiqlənib,Müştərinin gəliri və krediti təsdiqləndi | Yoxlayıcı_ID: 144
69773778,Zeynəb İbrahimova,02-16-75,Q,Bakalavr tehsili,İşləyən,856,Nağd istehlak krediti,17757,tibbi xərclər,15.89,1408.0,0,,Xeyr,Təsdiqlənib,Müştərinin gəliri və krediti təsdiqləndi
50759300,Sevinc Nəsirova,15/12/2006,qadin,Magistr,Tələbə,267 AZN,Təhsil krediti,2886,dövriyyə vəsaitlərinin artırılması - Biznes krediti,12.31,486.0,0,,Xeyr,Rədd edilib,Aşağı kredit reytinqi
46680399,Şəbnəm Rzayeva,1981-03-04,qadin,Orta məktəb,İşsiz,108,Nağd istehlak krediti,393 manat,tibbi xərclər,20.52,256.0,2,Bəli,Xeyr,Rədd edilib,Aşağı kredit reytinqi
28458842,Ləman Qasımova,19/08/1984,qadin,Orta məktəb,İşsiz,354,Nağd istehlak krediti,498,təmir,11.4,495.0,0,,Xeyr,Rədd edilib,Aşağı kredit reytinqi
73794626,Uğur Abdullayev,1969-10-03, kişi ,Bakalavr,Sahibkar,2895,Mikro kredit,95354 manat,əsas vəsaitlərin alınması - Biznes krediti,20.78,985.0,7,Xeyr,Xeyr,Rədd edilib,Gəlir çatışmazlığı
64345087,Səbinə Əliyeva,1975-07-18,Q,Orta məktəb,İşsiz,134,Nağd istehlak krediti,400,toy xərcləri,18.99,115.0,1,Bəli,Xeyr,Rədd edilib,Aşağı kredit reytinqi | Yoxlayıcı_ID: 268
71492414,Məryəm İsmayılova,23/01/1997,qadin,Magistr,İşləyən,3714,Avtomobil krediti,18879,məişət avadanlığı alışı,21.59,1315.0,3,Xeyr,Bəli,Rədd edilib,'Qara siyahı'da olmaq
71448638,Əli Vəliyev,22/01/2006,,Bakalavr tehsili,Tələbə,262,Təhsil krediti,1955,əsas vəsaitlərin alınması - Biznes krediti,23.03,571.0,0,,Xeyr,Təsdiqlənib,Müştərinin gəliri və krediti təsdiqləndi
17976101,Emin Əhmədov,1981-07-26,,Orta məktəb,İşsiz,235,Nağd istehlak krediti,417,toy xərcləri,23.6,117.0,0,,Xeyr,Rədd edilib,Aşağı kredit reytinqi
88256795,Aysel Rüstəmova,2005-07-25,Q,Bakalavr,Tələbə,160,Təhsil krediti,1036,əsas vəsaitlərin alınması - Biznes krediti,19.32,674.0,0,,Xeyr,Təsdiqlənib,Müştərinin gəliri və krediti təsdiqləndi
95463085,Orxan Əliyev,26/02/2004, kişi ,Magistr,Tələbə,235,Təhsil krediti,1356,Biznes krediti,20.77,366.0,0,,Xeyr,Rədd edilib,Aşağı kredit reytinqi
41956087,Emin Rzayev,11-11-97,K,Bakalavr,İşləyən,3871 AZN,Nağd istehlak krediti,13034,şəxsi istehlak məqsədi,14.87,1330.0,4,Bəli,Xeyr,Təsdiqlənib,Müştərinin gəliri və krediti təsdiqləndi
94485146,məryəm rəhimova,18/06/1990,Qadın,Orta məktəb,İşsiz,,Nağd istehlak krediti,859,tibbi xərclər,21.59,402.0,2,Bəli,Xeyr,Rədd edilib,Aşağı kredit reytinqi | Yoxlayıcı_ID: 840
27532914,Aylin Tağıyeva,08-15-07,Qadın,Magistr,Tələbə,176,Təhsil krediti,2494,Biznes krediti,15.41,701.0,0,,Xeyr,Təsdiqlənib,Bütün sənədlər qaydasındadır
23706477,Səbinə Babayeva,11/10/2004,,Magistr,Tələbə,102,Təhsil krediti,980,dövriyyə vəsaitlərinin artırılması - Biznes krediti,13.24,467.0,0,,Xeyr,Rədd edilib,Aşağı kredit reytinqi
48783765,Sahil Abdullayev,05/11/1979,,Bakalavr,İşləyən,,Nağd istehlak krediti,4742,məişət avadanlığı alışı,18.37,612.0,0,,Xeyr,Təsdiqlənib,Bütün sənədlər qaydasındadır | Yoxlayıcı_ID: 257
46248797,Murad Tağıyev,1990-08-20,,Magistr,İşləyən,3627,Nağd istehlak krediti,3280,məişət avadanlığı alışı,24.9,1539.0,0,,Xeyr,Təsdiqlənib,Bütün sənədlər qaydasındadır | Yoxlayıcı_ID: 873
29292120,Ramin Məmmədov,06-25-94,Kişi,Bakalavr tehsili,İşləyən,3268,Nağd istehlak krediti,6483,məişət avadanlığı alışı,19.06,1447.0,2,Xeyr,Xeyr,Təsdiqlənib,Bütün sənədlər qaydasındadır
32576722,Rəşad İbrahimov,12-30-71, kişi ,Bakalavr,İşləyən,1601 AZN,Nağd istehlak krediti,8989,məişət avadanlığı alışı,11.12,1130.0,2,Bəli,Xeyr,Təsdiqlənib,Bütün sənədlər qaydasındadır
31252487,Məryəm İbrahimova,1987-10-01,qadin,Orta məktəb,İşsiz,193,Nağd istehlak krediti,407,şəxsi istehlak məqsədi,21.95,,2,Bəli,Bəli,Rədd edilib,'Qara siyahı'da olmaq
54399940,Ayan İsmayılova,2007-01-23,qadin,Bakalavr tehsili,Tələbə,138,Təhsil krediti,1138,Biznes krediti,17.94,208.0,0,,Xeyr,Rədd edilib,Aşağı kredit reytinqi
89560422,Emin Məmmədov,1982-05-06, kişi ,Orta məktəb,İşsiz,7,Nağd istehlak krediti,377,təmir,21.33,543.0,1,Xeyr,Xeyr,Rədd edilib,Gəlir çatışmazlığı
59258919,Məryəm Səfərova,1993-07-30,Qadın,Orta məktəb,İşsiz,,Nağd istehlak krediti,763,tibbi xərclər,16.79,573.0,1,Bəli,Xeyr,Təsdiqlənib,Müştərinin gəliri və krediti təsdiqləndi
16207169,Tural Nəsirov,1975-09-07,,Bakalavr tehsili,İşləyən,2918,Nağd istehlak krediti,2339,məişət avadanlığı alışı,11.4,618.0,3,Xeyr,Xeyr,Təsdiqlənib,Bütün sənədlər qaydasındadır
61857956,Aylin Rzayeva,1999-05-10,Q,Bakalavr tehsili,İşləyən,1885,Nağd istehlak krediti,7908,təmir,23.69,1085.0,2,Xeyr,Xeyr,Təsdiqlənib,Bütün sənədlər qaydasındadır
63781748,Cavid Qasımov,06-01-04, kişi ,Bakalavr,Tələbə,271,Təhsil krediti,1197,əsas vəsaitlərin alınması - Biznes krediti,19.38,611.0,0,,Xeyr,Təsdiqlənib,Müştərinin gəliri və krediti təsdiqləndi
76003652,şəbnəm məmmədova,1983-10-16,qadin,Orta məktəb,İşsiz,58,Nağd istehlak krediti,369,məişət avadanlığı alışı,23.95,537.0,1,Xeyr,Xeyr,Təsdiqlənib,Bütün sənədlər qaydasındadır | Yoxlayıcı_ID: 432
75351531,Kamal Nəsirov,26/08/1981,K,Bakalavr,İşləyən,,Nağd istehlak krediti,15322,təmir,21.91,1367.0,2,Bəli,Xeyr,Təsdiqlənib,Müştərinin gəliri və krediti təsdiqləndi
69465208,Rüstəmova Günel,04-15-77,Q,Bakalavr,İşləyən,3172 AZN,Nağd istehlak krediti,2986,şəxsi istehlak məqsədi,14.71,1124.0,3,Bəli,Xeyr,Təsdiqlənib,Müştərinin gəliri və krediti təsdiqləndi
90493847,Yusif Sultanov,16/04/2005,,Bakalavr tehsili,Tələbə,266,Təhsil krediti,2274,Biznes krediti,20.63,608.0,0,,Xeyr,Təsdiqlənib,Bütün sənədlər qaydasındadır | Yoxlayıcı_ID: 795
42112624,Nərmin Əliyeva,1980-12-17,Q,Bakalavr,İşləyən,2517,Nağd istehlak krediti,13070,məişət avadanlığı alışı,24.32,1229.0,4,Xeyr,Bəli,Rədd edilib,'Qara siyahı'da olmaq
75151036,Günel Cavadova,03-17-83,Qadın,Magistr,İşləyən,1532,Nağd istehlak krediti,14802,məişət avadanlığı alışı,13.93,1339.0,1,Bəli,Xeyr,Təsdiqlənib,Bütün sənədlər qaydasındadır
62177394,Nihat Səfərov,08/05/1984,Kişi,Bakalavr tehsili,İşləyən,1976,Nağd istehlak krediti,17421 manat,təmir,21.38,1451.0,3,Bəli,Xeyr,Təsdiqlənib,Zaminlik məsələləri
53533631,Rauf Vəliyev,2003-09-23,K,Magistr,Tələbə,253,Təhsil krediti,1058,əsas vəsaitlərin alınması - Biznes krediti,15.6,202.0,1,Bəli,Xeyr,Rədd edilib,Aşağı kredit reytinqi
40230113,Ramin Quliyev,1987-08-18,,Bakalavr,İşləyən,2565,Nağd istehlak krediti,18544,toy xərcləri,16.02,847.0,4,Bəli,Xeyr,Təsdiqlənib,Bütün sənədlər qaydasındadır
42493811,Qasımova Nigar,10-07-71,,Magistr,İşləyən,3669,Nağd istehlak krediti,17234,şəxsi istehlak məqsədi,15.39,889.0,1,Bəli,Bəli,Rədd edilib,'Qara siyahı'da olmaq
26662966,Kəmalə Cəfərova,1998-10-18,qadin,Bakalavr,İşləyən,3119,Avtomobil krediti,24993,tibbi xərclər,12.07,627.0,0,,Bəli,Rədd edilib,'Qara siyahı'da olmaq
80979259,Səbinə Cavadova,05-27-06,qadin,Magistr,Tələbə,287,Təhsil krediti,2323,dövriyyə vəsaitlərinin artırılması - Biznes krediti,11.5,748.0,0,,Xeyr,Təsdiqlənib,Müştərinin gəliri və krediti təsdiqləndi
59363218,Sahil Quliyev,04/06/1972,Kişi,Bakalavr,Sahibkar,6449,Mikro kredit,77787,Biznes krediti,14.27,938.0,6,Bəli,Xeyr,Təsdiqlənib,Müştərinin gəliri və krediti təsdiqləndi
59696974,Nigar Cəfərova,1990-01-29,,Magistr,İşləyən,2027,Nağd istehlak krediti,19991,toy xərcləri,18.88,621.0,0,,Xeyr,Təsdiqlənib,Müştərinin gəliri və krediti təsdiqləndi | Yoxlayıcı_ID: 831
91380982,yusif rüstəmov,10/08/1973,Kişi,Bakalavr,İşləyən,2859,Avtomobil krediti,20113,məişət avadanlığı alışı,22.56,981.0,2,Bəli,Xeyr,Təsdiqlənib,Bütün sənədlər qaydasındadır
33435219,Elvin Məmmədov,22/02/1967,K,Orta məktəb,İşsiz,142,Nağd istehlak krediti,699,toy xərcləri,22.81,124.0,1,Xeyr,Xeyr,Rədd edilib,Aşağı kredit reytinqi
95164238,Anar Rzayev,19/03/1998,K,Bakalavr tehsili,İşləyən,,Avtomobil krediti,39676,təmir,12.92,1316.0,1,Xeyr,Xeyr,Təsdiqlənib,Bütün sənədlər qaydasındadır
25074976,Nərmin Rəhimova,01/02/1964,qadin,Orta məktəb,İşsiz,246,Nağd istehlak krediti,404,şəxsi istehlak məqsədi,15.3,220.0,1,Bəli,Xeyr,Rədd edilib,Aşağı kredit reytinqi | Yoxlayıcı_ID: 509
53852314,Fidan İbrahimova,10/10/1972,qadin,Orta məktəb,İşsiz,23,Nağd istehlak krediti,848,şəxsi istehlak məqsədi,12.81,120.0,1,Xeyr,Bəli,Rədd edilib,'Qara siyahı'da olmaq
83505911,Məhəmməd Əliyev,14/10/1977,,Orta məktəb,İşsiz,160 AZN,Nağd istehlak krediti,534,toy xərcləri,13.98,586.0,1,Bəli,Xeyr,Təsdiqlənib,Bütün sənədlər qaydasındadır | Yoxlayıcı_ID: 365
83170182,Cavid Nəsirov,1985-05-26,Kişi,Magistr,İşləyən,"1,011",Nağd istehlak krediti,13574,toy xərcləri,23.15,1296.0,2,Xeyr,Xeyr,Təsdiqlənib,Bütün sənədlər qaydasındadır
79689899,Rəşad Abdullayev,05-24-90,K,Bakalavr tehsili,İşləyən,1695,Nağd istehlak krediti,11937,şəxsi istehlak məqsədi,23.33,588.0,3,Xeyr,Xeyr,Təsdiqlənib,Müştərinin gəliri və krediti təsdiqləndi
30518298,Nihat Cəfərov,1963-12-27,Kişi,Orta məktəb,İşsiz,258,Nağd istehlak krediti,335,tibbi xərclər,13.21,279.0,2,Xeyr,Xeyr,Rədd edilib,Aşağı kredit reytinqi
46926177,Günel Cəfərova,28/07/2003,Qadın,Bakalavr tehsili,Tələbə,277,Təhsil krediti,2333,əsas vəsaitlərin alınması - Biznes krediti,22.16,519.0,1,Xeyr,Xeyr,Təsdiqlənib,İş stajı yetərsizdir
18415504,Samir Məmmədov,1990-11-15, kişi ,Magistr,İşləyən,,Nağd istehlak krediti,4512,tibbi xərclər,21.81,1114.0,4,Xeyr,Bəli,Rədd edilib,'Qara siyahı'da olmaq | Yoxlayıcı_ID: 358
21581898,Kamal Cəfərov,04-21-90, kişi ,Orta məktəb,İşsiz,112,Nağd istehlak krediti,776,şəxsi istehlak məqsədi,23.35,591.0,0,,Xeyr,Təsdiqlənib,Müştərinin gəliri və krediti təsdiqləndi
49308673,Zülfiyyə Cavadova,2003-11-24,Q,Bakalavr,Tələbə,203,Təhsil krediti,1235,Biznes krediti,12.88,543.0,0,,Xeyr,Təsdiqlənib,Bütün sənədlər qaydasındadır
10384397,Orxan Nəsirov,06-21-07,,Magistr,Tələbə,125,Təhsil krediti,2834,Biznes krediti,18.52,227.0,0,,Xeyr,Rədd edilib,Aşağı kredit reytinqi | Yoxlayıcı_ID: 716
61262610,Məryəm Hüseynova,01-17-76,,Bakalavr,Sahibkar,9951,Mikro kredit,"67,112",əsas vəsaitlərin alınması - Biznes krediti,20.41,1347.0,5,Xeyr,Xeyr,Təsdiqlənib,Müştərinin gəliri və krediti təsdiqləndi
70944081,Kəmalə İsmayılova,24/01/1998,,Magistr,İşləyən,3915,Avtomobil krediti,18058,şəxsi istehlak məqsədi,15.48,1529.0,1,Xeyr,Xeyr,Təsdiqlənib,Müştərinin gəliri və krediti təsdiqləndi | Yoxlayıcı_ID: 555
41635136,Məhəmməd Qasımov,11/06/2000,Kişi,Bakalavr,İşləyən,2991,Nağd istehlak krediti,4172,məişət avadanlığı alışı,21.13,1050.0,3,Bəli,Xeyr,Təsdiqlənib,Bütün sənədlər qaydasındadır
57195707,Lalə İsmayılova,09-09-74,,Magistr,İşləyən,3405,Nağd istehlak krediti,5772,toy xərcləri,15.92,653.0,0,,Xeyr,Təsdiqlənib,Bütün sənədlər qaydasındadır
81733043,Ayan Səfərova,26/04/1977,Qadın,Bakalavr,Sahibkar,8081,Mikro kredit,19929,Biznes krediti,12.02,1624.0,8,Bəli,Xeyr,Təsdiqlənib,Müştərinin gəliri və krediti təsdiqləndi | Yoxlayıcı_ID: 219
55752390,Rəşad Nəsirov,05/02/2001,Kişi,Bakalavr tehsili,İşləyən,1715,Nağd istehlak krediti,16150,toy xərcləri,14.65,1044.0,0,,Xeyr,Təsdiqlənib,Müştərinin gəliri və krediti təsdiqləndi
43284342,Zeynəb Əliyeva,02-06-05,Qadın,Magistr,Tələbə,282,Təhsil krediti,2505,əsas vəsaitlərin alınması - Biznes krediti,24.34,599.0,0,,Xeyr,Təsdiqlənib,Müştərinin gəliri və krediti təsdiqləndi
58244167,Fərid Hüseynov,17/01/2004,K,Magistr,Tələbə,142,Təhsil krediti,1939 AZN,dövriyyə vəsaitlərinin artırılması - Biznes krediti,16.91,493.0,0,,Xeyr,Rədd edilib,Aşağı kredit reytinqi
74942666,Zeynəb Vəliyeva,06/08/2004,Qadın,Bakalavr,Tələbə,199,Təhsil krediti,630,Biznes krediti,21.2,457.0,0,,Xeyr,Rədd edilib,Aşağı kredit reytinqi
63631830,Rauf Cəfərov,10/08/1966, kişi ,Orta məktəb,İşsiz,156,Nağd istehlak krediti,412,toy xərcləri,17.4,147.0,0,,Xeyr,Rədd edilib,Aşağı kredit reytinqi | Yoxlayıcı_ID: 212
39337106,kəmalə səfərova,07/10/1968,Qadın,Bakalavr,Sahibkar,5207,Mikro kredit,87784,Biznes krediti,23.04,1508.0,2,Xeyr,Xeyr,Təsdiqlənib,Müştərinin gəliri və krediti təsdiqləndi
25503012,Məryəm Quliyeva,04-04-95,,Bakalavr tehsili,İşləyən,3079,Nağd istehlak krediti,10765 manat,şəxsi istehlak məqsədi,22.53,1502.0,3,Xeyr,Xeyr,Təsdiqlənib,Müştərinin gəliri və krediti təsdiqləndi
29433158,Şəbnəm İsmayılova,1993-07-01,Q,Magistr,İşləyən,2216,Nağd istehlak krediti,15998,toy xərcləri,11.92,1260.0,4,Xeyr,Xeyr,Təsdiqlənib,Müştərinin gəliri və krediti təsdiqləndi
38985221,Murad Nəsirov,1989-12-24, kişi ,Bakalavr tehsili,İşləyən,1600,Nağd istehlak krediti,12475,təmir,19.21,1039.0,4,Xeyr,Xeyr,Təsdiqlənib,Bütün sənədlər qaydasındadır | Yoxlayıcı_ID: 865
82232362,Uğur Məmmədov,1995-02-04,K,Orta məktəb,İşsiz,102,Nağd istehlak krediti,305,təmir,21.43,426.0,2,Xeyr,Bəli,Rədd edilib,'Qara siyahı'da olmaq | Yoxlayıcı_ID: 468
29053804,Aylin Babayeva,09-26-83,qadin,Bakalavr,Sahibkar,6371,Mikro kredit,61602,dövriyyə vəsaitlərinin artırılması - Biznes krediti,24.23,1349.0,6,Bəli,Xeyr,Təsdiqlənib,Müştərinin gəliri və krediti təsdiqləndi
21256269,Zülfiyyə Qasımova,1994-02-21,qadin,Bakalavr,Sahibkar,3223 manat,Mikro kredit,27069,dövriyyə vəsaitlərinin artırılması - Biznes krediti,21.56,1681.0,8,Xeyr,Xeyr,Təsdiqlənib,Bütün sənədlər qaydasındadır
49884899, Zəhra Quliyeva ,28/06/2004,Qadın,Bakalavr tehsili,Tələbə,242,Təhsil krediti,785,Biznes krediti,24.45,441.0,1,Bəli,Xeyr,Rədd edilib,Aşağı kredit reytinqi | Yoxlayıcı_ID: 957
90804006, Şəbnəm Rəhimova ,1996-08-17,Q,Bakalavr,İşləyən,1496,Nağd istehlak krediti,2934,tibbi xərclər,23.37,470.0,1,Xeyr,Xeyr,Rədd edilib,Aşağı kredit reytinqi
47147566,Rauf İsmayılov,1993-06-03,K,Orta məktəb,İşsiz,309,Nağd istehlak krediti,722,təmir,19.32,385.0,1,Xeyr,Xeyr,Rədd edilib,Aşağı kredit reytinqi
43555004,Aylin Vəliyeva,01/04/1974,Q,Bakalavr,İşləyən,1544,Nağd istehlak krediti,17657,toy xərcləri,19.25,1054.0,0,,Xeyr,Təsdiqlənib,Müştərinin gəliri və krediti təsdiqləndi
70077514,Lalə Hüseynova,1983-11-28,qadin,Bakalavr,İşləyən,3628,Avtomobil krediti,22209,təmir,23.12,588.0,4,Xeyr,Xeyr,Təsdiqlənib,Müştərinin gəliri və krediti təsdiqləndi
89049286,Orxan Əliyev,02/11/1993, kişi ,Orta məktəb,İşsiz,80 manat,Nağd istehlak krediti,493,məişət avadanlığı alışı,18.18,475.0,1,Bəli,Xeyr,Rədd edilib,Aşağı kredit reytinqi
58240379,Hüseyn Qasımov,01-28-92, kişi ,Orta məktəb,İşsiz,147,Nağd istehlak krediti,711,toy xərcləri,22.13,,1,Xeyr,Xeyr,Rədd edilib,Aşağı kredit reytinqi
35389054,Ayan Tağıyeva,14/10/1982,,Bakalavr,İşləyən,1988,Avtomobil krediti,8115,tibbi xərclər,16.04,1376.0,2,Bəli,Xeyr,Təsdiqlənib,Müştərinin gəliri və krediti təsdiqləndi
95582328,Məhəmməd Nəsirov,1975-04-04,,Bakalavr,İşləyən,1927,Nağd istehlak krediti,15146,şəxsi istehlak məqsədi,14.84,958.0,3,Xeyr,Xeyr,Təsdiqlənib,Müştərinin gəliri və krediti təsdiqləndi
36955200,Ramin Cavadov,02-05-89,,Bakalavr tehsili,Sahibkar,7543 manat,Mikro kredit,20262,dövriyyə vəsaitlərinin artırılması - Biznes krediti,14.69,1149.0,5,Bəli,Xeyr,Təsdiqlənib,Müştərinin gəliri və krediti təsdiqləndi
10455792,Lalə Rəhimova,1980-10-08,Qadın,Bakalavr tehsili,Sahibkar,8281,Mikro kredit,30825,əsas vəsaitlərin alınması - Biznes krediti,17.06,1500.0,6,Bəli,Xeyr,Təsdiqlənib,Müştərinin gəliri və krediti təsdiqləndi
88812320,Emin Hüseynov,03-13-00, kişi ,Magistr,İşləyən,2439,Nağd istehlak krediti,16930,şəxsi istehlak məqsədi,14.79,1254.0,2,Bəli,Bəli,Rədd edilib,'Qara siyahı'da olmaq | Yoxlayıcı_ID: 322
23947629,Aydan Əhmədova,05-08-01,,Bakalavr tehsili,İşləyən,2394,Nağd istehlak krediti,1917,təmir,15.82,871.0,4,Xeyr,Xeyr,Təsdiqlənib,Bütün sənədlər qaydasındadır
25855635,Zülfiyyə İbrahimova,1986-05-24,Q,Bakalavr,Sahibkar,8921 manat,Mikro kredit,26014,Biznes krediti,22.36,1734.0,6,Bəli,Xeyr,Təsdiqlənib,Müştərinin gəliri və krediti təsdiqləndi | Yoxlayıcı_ID: 166
68273826,Nərmin Vəliyeva,1997-11-14,,Bakalavr tehsili,İşləyən,3764,Nağd istehlak krediti,2487,şəxsi istehlak məqsədi,19.23,884.0,0,,Xeyr,Təsdiqlənib,Müştərinin gəliri və krediti təsdiqləndi
43772062,Samir Quliyev,25/07/1980, kişi ,Bakalavr tehsili,İşləyən,3863,Nağd istehlak krediti,10358,şəxsi istehlak məqsədi,24.67,878.0,4,Bəli,Xeyr,Təsdiqlənib,Müştərinin gəliri və krediti təsdiqləndi
48047485,Uğur Qasımov,02-20-02,Kişi,Bakalvar,İşləyən,1501,Nağd istehlak krediti,10996,tibbi xərclər,20.1,1046.0,1,Bəli,Xeyr,Təsdiqlənib,Bütün sənədlər qaydasındadır | Yoxlayıcı_ID: 697
51792850,Kamal Səfərov,1987-02-12,,Magistr,İşləyən,3286,Avtomobil krediti,31865,məişət avadanlığı alışı,23.53,,2,Bəli,Xeyr,Təsdiqlənib,Bütün sənədlər qaydasındadır
87814013,Rəşad Səfərov,1995-07-21,Kişi,Bakalavr,İşləyən,2220,Nağd istehlak krediti,2532,məişət avadanlığı alışı,20.01,1457.0,3,Bəli,Xeyr,Təsdiqlənib,Bütün sənədlər qaydasındadır
24075170,Yusif Sultanov,1987-11-22,,Bakalavr tehsili,İşləyən,811,Nağd istehlak krediti,11181,toy xərcləri,14.65,462.0,3,Xeyr,Xeyr,Rədd edilib,Aşağı kredit reytinqi
98607009,Şəbnəm Quliyeva,1972-04-26,,Magistr,İşləyən,3415,Nağd istehlak krediti,3385,təmir,24.96,497.0,3,Xeyr,Xeyr,Rədd edilib,Aşağı kredit reytinqi
43764112,Tural Hüseynov,2005-07-06, kişi ,Bakalavr,Tələbə,179,Təhsil krediti,1943,Biznes krediti,14.51,464.0,0,,Xeyr,Rədd edilib,Aşağı kredit reytinqi
93441612,Hüseyn Səfərov,10-21-89, kişi ,Magistr,Sahibkar,9950,Mikro kredit,86787,Biznes krediti,19.93,1642.0,6,Xeyr,Xeyr,Təsdiqlənib,Bütün sənədlər qaydasındadır
14690508,Fatimə İsmayılova,09/05/1991,Qadın,Bakalavr,İşləyən,2192,Avtomobil krediti,15107,məişət avadanlığı alışı,12.56,510.0,1,Xeyr,Xeyr,Təsdiqlənib,Bütün sənədlər qaydasındadır
63744558,Rəşad Səfərov,01-05-88,K,Magistr,İşləyən,3296,Nağd istehlak krediti,7119,tibbi xərclər,23.51,857.0,4,Xeyr,Xeyr,Təsdiqlənib,Müştərinin gəliri və krediti təsdiqləndi
21259514,Fatimə Abdullayeva,1988-03-21,qadin,Bakalavr tehsili,İşləyən,2752,Nağd istehlak krediti,3286,tibbi xərclər,20.6,588.0,2,Bəli,Xeyr,Təsdiqlənib,Müştərinin gəliri və krediti təsdiqləndi
53746430,Anar Cəfərov,07-06-84,,Bakalavr,Sahibkar,4698,Mikro kredit,97533,Biznes krediti,19.59,,8,Xeyr,Xeyr,Təsdiqlənib,Müştərinin gəliri və krediti təsdiqləndi | Yoxlayıcı_ID: 289
17018555,Rəşad Rüstəmov,22/09/1987,,Bakalavr tehsili,İşləyən,3032,Nağd istehlak krediti,15297,şəxsi istehlak məqsədi,24.63,636.0,1,Xeyr,Xeyr,Təsdiqlənib,Bütün sənədlər qaydasındadır | Yoxlayıcı_ID: 515
94464999,Məhəmməd Səfərov,1990-06-08,Kişi,Magistr,İşləyən,2722,Nağd istehlak krediti,5768,məişət avadanlığı alışı,23.93,,0,,Xeyr,Rədd edilib,Aşağı kredit reytinqi
58023349,Zeynəb Sultanova,10-16-85,,Bakalavr tehsili,Sahibkar,5892,Mikro kredit,83257,əsas vəsaitlərin alınması - Biznes krediti,20.06,1113.0,5,Xeyr,Xeyr,Təsdiqlənib,Müştərinin gəliri və krediti təsdiqləndi
22199183,Fərid Əhmədov,03-07-96, kişi ,Orta məktəb,İşsiz,258,Nağd istehlak krediti,791,şəxsi istehlak məqsədi,17.47,190.0,0,,Xeyr,Rədd edilib,Aşağı kredit reytinqi
70574133,Zeynəb Quliyeva,2001-04-11,Qadın,Magistr,İşləyən,1271,Nağd istehlak krediti,10797,şəxsi istehlak məqsədi,14.75,1361.0,1,Xeyr,Xeyr,Təsdiqlənib,Müştərinin gəliri və krediti təsdiqləndi
28928868,Sevinc Vəliyeva,14/06/1998,Q,Bakalavr,İşləyən,3532,Nağd istehlak krediti,7706,təmir,16.39,1518.0,0,,Xeyr,Təsdiqlənib,Müştərinin gəliri və krediti təsdiqləndi | Yoxlayıcı_ID: 684
90318626,Lalə İsmayılova,17/01/1995,,Bakalavr tehsili,İşləyən,2061,Avtomobil kriditi,24879,tibbi xərclər,12.66,628.0,4,Xeyr,Xeyr,Təsdiqlənib,Bütün sənədlər qaydasındadır
40139481,Kəmalə Rzayeva,2004-05-26,Q,Magistr,Tələbə,194,Təhsil krediti,2704,əsas vəsaitlərin alınması - Biznes krediti,19.99,479.0,0,,Xeyr,Rədd edilib,Aşağı kredit reytinqi
78257526,Lalə Sultanova,1980-07-24,Q,Bakalavr tehsili,İşləyən,2206,Nağd istehlak krediti,5171,toy xərcləri,14.62,1289.0,3,Bəli,Xeyr,Təsdiqlənib,Müştərinin gəliri və krediti təsdiqləndi | Yoxlayıcı_ID: 386
65876245,Zeynəb Qasımova,2005-05-07,Q,Bakalavr,Tələbə,225,Təhsil krediti,1714,dövriyyə vəsaitlərinin artırılması - Biznes krediti,19.17,497.0,0,,Xeyr,Rədd edilib,Aşağı kredit reytinqi
24697757,Samir Abdullayev,1974-12-01,,Orta məktəb,İşsiz,213,Nağd istehlak krediti,951,təmir,15.8,485.0,1,Xeyr,Xeyr,Rədd edilib,Aşağı kredit reytinqi
90985382,Aysel Vəliyeva,1987-11-04,qadin,Bakalavr,İşləyən,911 manat,Nağd istehlak krediti,1187,təmir,18.43,1220.0,2,Xeyr,Xeyr,Təsdiqlənib,Bütün sənədlər qaydasındadır
26665618,Rauf Rəhimov,25/09/1976,,Bakalavr,İşləyən,2221,Nağd istehlak krediti,6576,şəxsi istehlak məqsədi,23.16,722.0,2,Bəli,Xeyr,Təsdiqlənib,Bütün sənədlər qaydasındadır | Yoxlayıcı_ID: 604
96294450,Sevinc Qasımova,03-13-98,,Magistr,İşləyən,3893,Avtomobil krediti,12541,tibbi xərclər,15.13,757.0,0,,Xeyr,Təsdiqlənib,Müştərinin gəliri və krediti təsdiqləndi
34652003,Ləman Cavadova,08-30-02,Q,Magistr,İşləyən,3471,Nağd istehlak krediti,7415,tibbi xərclər,22.25,1052.0,0,,Xeyr,Təsdiqlənib,Bankın kredit şərtlərinə uyğun deyil
57176393,Əli Abdullayev,02-23-99, kişi ,Bakalavr tehsili,İşləyən,3966,Nağd istehlak krediti,19328,məişət avadanlığı alışı,19.53,765.0,4,Bəli,Xeyr,Təsdiqlənib,Müştərinin gəliri və krediti təsdiqləndi | Yoxlayıcı_ID: 751
48408671,Orxan Vəliyev,2000-09-09, kişi ,Bakalavr,İşləyən,3327,Nağd istehlak krediti,5105,təmir,18.05,1032.0,3,Xeyr,Xeyr,Təsdiqlənib,Müştərinin gəliri və krediti təsdiqləndi
97040351,Fərid Cəfərov,10-07-07,K,Bakalavr,Tələbə,138,Təhsil krediti,1980,Biznes krediti,19.12,611.0,0,,Xeyr,Təsdiqlənib,Zaminlik məsələləri | Yoxlayıcı_ID: 954
65169847,Elvin Əliyev,09/07/1981, kişi ,Magistr,Sahibkar,9137,Mikro kredit,86673,dövriyyə vəsaitlərinin artırılması - Biznes krediti,20.94,1784.0,5,Xeyr,Xeyr,Təsdiqlənib,Müştərinin gəliri və krediti təsdiqləndi
13244000,Lalə Babayeva,02-17-00,,Bakalavr,İşləyən,3224,Nağd istehlak krediti,1505,toy xərcləri,19.76,1195.0,4,Bəli,Xeyr,Təsdiqlənib,Müştərinin gəliri və krediti təsdiqləndi | Yoxlayıcı_ID: 644
18049802,Məryəm İsmayılova,16/09/1980,Q,Bakalavr tehsili,Sahibkar,6938,Mikro kredit,6114,dövriyyə vəsaitlərinin artırılması - Biznes krediti,17.16,1695.0,8,Xeyr,Xeyr,Təsdiqlənib,Bütün sənədlər qaydasındadır
53066456,Fərid İsmayılov,29/08/1982,,Bakalavr tehsili,İşləyən,1639,Avtomobil krediti,32137,toy xərcləri,20.18,1191.0,4,Xeyr,Xeyr,Təsdiqlənib,Müştərinin gəliri və krediti təsdiqləndi
34620627, Murad Sultanov ,1982-09-13,,Magistr,İşləyən,974,Avtomobil krediti,24335,toy xərcləri,15.73,774.0,1,Xeyr,Xeyr,Rədd edilib,Gəlir çatışmazlığı
75391038,Nihat Məmmədov,1979-01-04,K,Bakalavr,İşləyən,2407,Nağd istehlak krediti,9706,toy xərcləri,22.34,1435.0,0,,Xeyr,Təsdiqlənib,Müştərinin gəliri və krediti təsdiqləndi | Yoxlayıcı_ID: 109
97809696,Aylin Vəliyeva,02-21-92,,Bakalavr tehsili,İşləyən,1700,Nağd istehlak krediti,5128,təmir,19.13,1323.0,1,Bəli,Xeyr,Təsdiqlənib,Bütün sənədlər qaydasındadır
33310877,Kəmalə Məmmədova,04/10/1991,Qadın,Magistr,İşləyən,2119,Nağd istehlak krediti,3161,təmir,16.21,1541.0,0,,Xeyr,Təsdiqlənib,Bütün sənədlər qaydasındadır
56329400,Sahil Nəsirov,11-21-97,Kişi,Bakalavr,İşləyən,2398,Nağd istehlak krediti,11356,tibbi xərclər,14.84,897.0,0,,Xeyr,Təsdiqlənib,İş stajı yetərsizdir
17304237,Aydan Sultanova,13/01/1984,Q,Magistr,İşləyən,1147,Nağd istehlak krediti,10289,tibbi xərclər,17.47,532.0,0,,Xeyr,Təsdiqlənib,Müştərinin gəliri və krediti təsdiqləndi
68475737,Məryəm Səfərova,12-02-75,qadin,Bakalavr tehsili,İşləyən,3912,Nağd istehlak krediti,17551,tibbi xərclər,14.99,1557.0,0,,Xeyr,Təsdiqlənib,Bütün sənədlər qaydasındadır
60250934,Rauf Tağıyev,1996-09-11,K,Magistr,İşləyən,3659,Avtomobil krediti,34897,şəxsi istehlak məqsədi,13.42,1209.0,0,,Xeyr,Təsdiqlənib,Bankın kredit şərtlərinə uyğun deyil
69211479,Nigar Nəsirova,1982-05-16,Qadın,Bakalavr tehsili,İşləyən,1753,Nağd istehlak krediti,17740 AZN,təmir,21.77,1200.0,0,,Bəli,Rədd edilib,'Qara siyahı'da olmaq
95792908,Anar Qasımov,06-26-86, kişi ,Bakalavr tehsili,İşləyən,2056,Nağd istehlak krediti,6705,tibbi xərclər,11.33,,0,,Xeyr,Təsdiqlənib,Müştərinin gəliri və krediti təsdiqləndi
76865033,nihat qasımov,04-03-71, kişi ,Bakalavr,İşləyən,877,Nağd istehlak krediti,13953,şəxsi istehlak məqsədi,19.44,1557.0,2,Bəli,Xeyr,Təsdiqlənib,Bütün sənədlər qaydasındadır
51109197,Rəşad Rüstəmov,17/01/1972,K,Magistr,İşləyən,2774,Nağd istehlak krediti,6640,təmir,13.84,961.0,3,Xeyr,Xeyr,Təsdiqlənib,Müştərinin gəliri və krediti təsdiqləndi
70705284,Orxan İbrahimov,24/05/2002,,Magistr,İşləyən,937,Nağd istehlak krediti,15830,tibbi xərclər,13.59,499.0,0,,Xeyr,Rədd edilib,Aşağı kredit reytinqi
38189811,Lalə Babayeva,08-14-94,Qadın,Bakalavr tehsili,İşləyən,2719,Nağd istehlak krediti,19484,təmir,23.07,530.0,4,Bəli,Xeyr,Təsdiqlənib,Bütün sənədlər qaydasındadır
19620623,Fidan Səfərova,1992-09-21,qadin,Bakalavr tehsili,İşləyən,2725,Nağd istehlak krediti,18287,məişət avadanlığı alışı,12.02,516.0,2,Bəli,Xeyr,Təsdiqlənib,Bütün sənədlər qaydasındadır
96807508, Ramin Əliyev ,01/11/2001,Kişi,Magistr,İşləyən,2850,Nağd istehlak krediti,6669,şəxsi istehlak məqsədi,16.44,1494.0,0,,Xeyr,Təsdiqlənib,Bütün sənədlər qaydasındadır
66727002,Zeynəb Cəfərova,09-23-72,Qadın,Magistr,İşləyən,1423,Nağd istehlak krediti,5533,şəxsi istehlak məqsədi,20.65,1443.0,2,Bəli,Xeyr,Təsdiqlənib,Bütün sənədlər qaydasındadır
15977525,Aysel Babayeva,22/02/1987,,Bakalavr,İşləyən,2314,Nağd istehlak krediti,10939,tibbi xərclər,18.5,1394.0,4,Bəli,Xeyr,Təsdiqlənib,Müştərinin gəliri və krediti təsdiqləndi
74876016,Rəna Tağıyeva,22/06/1971,qadin,Magistr,Sahibkar,7296,Mikro kredit,99531,Biznes krediti,12.73,1044.0,3,Xeyr,Xeyr,Təsdiqlənib,Bütün sənədlər qaydasındadır
40832260,Məhəmməd İsmayılov,16/05/1972,K,Bakalavr tehsili,İşləyən,2859,Nağd istehlak krediti,2272,təmir,14.95,1186.0,0,,Xeyr,Təsdiqlənib,Müştərinin gəliri və krediti təsdiqləndi
56369657,Şəbnəm Rəhimova,2005-10-08,Qadın,Magistr,Tələbə,300,Təhsil krediti,2714,dövriyyə vəsaitlərinin artırılması - Biznes krediti,21.64,245.0,0,,Xeyr,Rədd edilib,Aşağı kredit reytinqi
81465064,Rauf Abdullayev,04-18-02, kişi ,Bakalavr,İşləyən,3688,Nağd istehlak krediti,9670,tibbi xərclər,16.82,1503.0,2,Xeyr,Xeyr,Təsdiqlənib,Bütün sənədlər qaydasındadır
89260978,Fərid Tağıyev,1988-04-16,Kişi,Bakalavr tehsili,İşləyən,2889,Nağd istehlak krediti,13910,toy xərcləri,14.94,401.0,1,Xeyr,Xeyr,Rədd edilib,Aşağı kredit reytinqi | Yoxlayıcı_ID: 235
96935689,Günel Cavadova,03-01-06,qadin,Bakalavr tehsili,Tələbə,134,Təhsil krediti,952,Biznes krediti,20.56,699.0,0,,Xeyr,Təsdiqlənib,Bütün sənədlər qaydasındadır
28100622, Günel Məmmədova ,06-23-98,Qadın,Orta məktəb,İşsiz,80 manat,Nağd istehlak krediti,492,toy xərcləri,15.04,285.0,0,,Xeyr,Rədd edilib,Aşağı kredit reytinqi | Yoxlayıcı_ID: 991
14045471,Zeynəb Əhmədova,21/04/1971,qadin,Bakalavr,Sahibkar,7177,Mikro kredit,28627,Biznes krediti,22.5,1340.0,2,Xeyr,Xeyr,Təsdiqlənib,Müştərinin gəliri və krediti təsdiqləndi | Yoxlayıcı_ID: 369
90960484,Zeynəb Rəhimova,07-07-71,Qadın,Bakalavr tehsili,Sahibkar,7822,Mikro kredit,69582,Biznes krediti,13.99,1428.0,8,Xeyr,Xeyr,Təsdiqlənib,Müştərinin gəliri və krediti təsdiqləndi
49389926,Nihat Rəhimov,12-02-96,,Orta məktəb,İşsiz,118,Nağd istehlak krediti,903,tibbi xərclər,21.48,164.0,1,Xeyr,Xeyr,Rədd edilib,Aşağı kredit reytinqi | Yoxlayıcı_ID: 900
34102613,Fidan Vəliyeva,1975-07-19,qadin,Bakalavr tehsili,İşləyən,2870,Avtomobil krediti,10515,tibbi xərclər,13.17,576.0,1,Bəli,Xeyr,Təsdiqlənib,Müştərinin gəliri və krediti təsdiqləndi
26150114,Zəhra Səfərova,04-05-74,,Orta məktəb,İşsiz,225,Nağd istehlak krediti,931,təmir,17.04,571.0,1,Xeyr,Xeyr,Təsdiqlənib,Müştərinin gəliri və krediti təsdiqləndi
76240278,Kəmalə Rəhimova,09-15-75,qadin,Bakalavr,İşləyən,3777,Nağd istehlak krediti,13475 manat,tibbi xərclər,20.23,1173.0,4,Bəli,Xeyr,Təsdiqlənib,Müştərinin gəliri və krediti təsdiqləndi
53334270,Nigar Vəliyeva,11/10/1971,Qadın,Magistr,İşləyən,2783,Avtomobil krediti,12523,təmir,19.46,691.0,3,Bəli,Xeyr,Təsdiqlənib,Bütün sənədlər qaydasındadır
36779559,Emin Cəfərov,03-12-83,,Orta məktəb,İşsiz,191,Nağd istehlak krediti,883,məişət avadanlığı alışı,13.15,546.0,1,Xeyr,Xeyr,Təsdiqlənib,Səhv və ya natamam müraciət
75592369,Sahil Qasımov,13/12/1977,,Magistr,İşləyən,1394,Nağd istehlak krediti,14647,şəxsi istehlak məqsədi,22.07,629.0,1,Xeyr,Xeyr,Təsdiqlənib,Müştərinin gəliri və krediti təsdiqləndi | Yoxlayıcı_ID: 968
43300756,Əli Tağıyev,04-12-02, kişi ,Bakalavr tehsili,İşləyən,3571,Nağd istehlak krediti,1758 manat,təmir,18.2,1184.0,1,Xeyr,Xeyr,Təsdiqlənib,Müştərinin gəliri və krediti təsdiqləndi
33376142,Orxan Abdullayev,09-28-83,,Magistr,İşləyən,1879,Nağd istehlak krediti,11976,təmir,22.63,1557.0,1,Bəli,Xeyr,Təsdiqlənib,Müştərinin gəliri və krediti təsdiqləndi
42952815,Zülfiyyə Babayeva,1994-08-22,Q,Magistr,İşləyən,3301,Avtomobil krediti,13832,şəxsi istehlak məqsədi,17.31,909.0,3,Xeyr,Xeyr,Təsdiqlənib,Bütün sənədlər qaydasındadır
84856423,Aysel Əliyeva,25/05/1977,,Bakalavr,Sahibkar,6292,Mikro kredit,57764,Biznes krediti,13.52,897.0,6,Bəli,Xeyr,Təsdiqlənib,Aşağı kredit reytinqi
42656634,Quliyeva Səbinə,06-07-96,,Orta məktəb,İşsiz,54,Nağd istehlak krediti,671,şəxsi istehlak məqsədi,21.0,195.0,1,Xeyr,Xeyr,Rədd edilib,Aşağı kredit reytinqi
65726269,Ayan Hüseynova,10-06-95,qadin,Magistr,İşləyən,1362,Nağd istehlak kriditi,8129,məişət avadanlığı alışı,16.28,571.0,2,Bəli,Xeyr,Təsdiqlənib,Bütün sənədlər qaydasındadır | Yoxlayıcı_ID: 975
32645691,Ləman Hüseynova,05-06-89,,Bakalavr,Sahibkar,2810,Mikro kredit,31972,dövriyyə vəsaitlərinin artırılması - Biznes krediti,20.58,854.0,3,Bəli,Xeyr,Təsdiqlənib,Bankın kredit şərtlərinə uyğun deyil
50562419,Rauf Rəhimov,11/03/1998,,Bakalavr tehsili,İşləyən,1678,Nağd istehlak krediti,8751,tibbi xərclər,11.41,969.0,1,Xeyr,Xeyr,Təsdiqlənib,Bütün sənədlər qaydasındadır
56107942,Zülfiyyə Quliyeva,14/02/2006,Qadın,Magistr,Tələbə,153,Təhsil krediti,870,dövriyyə vəsaitlərinin artırılması - Biznes krediti,17.76,383.0,0,,Xeyr,Rədd edilib,Aşağı kredit reytinqi
10921895,Aysel Sultanova,21/09/1967,Qadın,Magistr,Sahibkar,5699,Mikro kredit,80753,əsas vəsaitlərin alınması - Biznes krediti,16.71,1491.0,2,Bəli,Xeyr,Təsdiqlənib,Bütün sənədlər qaydasındadır
98658007,Ramin Quliyev,08/02/2000,,Bakalavr tehsili,İşləyən,1571,Nağd istehlak krediti,1043,şəxsi istehlak məqsədi,12.79,1185.0,0,,Xeyr,Təsdiqlənib,Müştərinin gəliri və krediti təsdiqləndi
23927115,Sevinc Sultanova,02-15-89,Q,Magistr,Sahibkar,4664,Mikro kredit,82000,dövriyyə vəsaitlərinin artırılması - Biznes krediti,11.5,1608.0,7,Xeyr,Xeyr,Təsdiqlənib,Müştərinin gəliri və krediti təsdiqləndi
88178728,Səbinə Cəfərova,1987-06-16,,Magistr,İşləyən,2690,Nağd istehlak krediti,6024,tibbi xərclər,12.56,1545.0,4,Bəli,Xeyr,Təsdiqlənib,Bütün sənədlər qaydasındadır
76669471,Rəna Əhmədova,1984-01-12,qadin,Bakalavr,Sahibkar,4871,Mikro kredit,60890,Biznes krediti,24.46,944.0,3,Xeyr,Xeyr,Təsdiqlənib,Bütün sənədlər qaydasındadır
28138602,Şəbnəm Vəliyeva,10-20-80,Q,Magistr,İşləyən,1843,Nağd istehlak krediti,15605,təmir,21.11,979.0,1,Xeyr,Xeyr,Təsdiqlənib,Bütün sənədlər qaydasındadır
99132646,Rəna Vəliyeva,21/02/1963,qadin,Orta məktəb,İşsiz,395,Nağd istehlak krediti,832,şəxsi istehlak məqsədi,13.89,292.0,1,Bəli,Xeyr,Rədd edilib,Aşağı kredit reytinqi | Yoxlayıcı_ID: 812
86117519,Rauf Qasımov,05/08/1993,K,Bakalavr,İşləyən,3488,Nağd istehlak krediti,"2,088",toy xərcləri,20.77,511.0,1,Xeyr,Xeyr,Təsdiqlənib,Bütün sənədlər qaydasındadır
24590549,Murad Babayev,28/04/1984,,Bakalavr,İşləyən,2342,Nağd istehlak krediti,5374,məişət avadanlığı alışı,23.14,1089.0,2,Bəli,Xeyr,Təsdiqlənib,Müştərinin gəliri və krediti təsdiqləndi
59877436,Nihat Qasımov,1982-11-21,,Bakalavr tehsili,İşləyən,1945,Nağd istehlak krediti,14564,məişət avadanlığı alışı,21.98,477.0,0,,Xeyr,Rədd edilib,Aşağı kredit reytinqi
54617907,Murad Qasımov,12-26-02,K,Magistr,Tələbə,257,Təhsil krediti,1041,Biznes krediti,21.77,776.0,0,,Xeyr,Təsdiqlənib,Bütün sənədlər qaydasındadır
89220021,Aylin Qasımova,1981-10-06,,Bakalavr,Sahibkar,,Mikro kredit,65043,əsas vəsaitlərin alınması - Biznes krediti,15.17,1319.0,5,Bəli,Xeyr,Təsdiqlənib,Bütün sənədlər qaydasındadır
47609319,Anar Quliyev,1997-01-23,Kişi,Magistr,İşləyən,1834,Nağd istehlak krediti,16531,məişət avadanlığı alışı,16.18,1088.0,1,Bəli,Xeyr,Təsdiqlənib,Bütün sənədlər qaydasındadır
58778399,Yusif Əliyev,2005-01-08,,Magistr,Tələbə,123,Təhsil krediti,677,Biznes krediti,19.37,201.0,0,,Xeyr,Rədd edilib,Aşağı kredit reytinqi | Yoxlayıcı_ID: 946
12224169,Nihat İsmayılov,29/10/1988, kişi ,Bakalavr tehsili,İşləyən,2955,Avtomobil krediti,36301,tibbi xərclər,23.23,745.0,1,Xeyr,Xeyr,Təsdiqlənib,Bütün sənədlər qaydasındadır
36174116, Uğur Məmmədov ,16/05/1992, kişi ,Bakalavr,İşləyən,1321,Nağd istehlak krediti,12843,məişət avadanlığı alışı,20.81,769.0,1,Bəli,Xeyr,Təsdiqlənib,Bütün sənədlər qaydasındadır
24859888,Lalə Sultanova,12-15-85,qadin,Magistr,İşləyən,1322,Nağd istehlak krediti,3179,təmir,18.23,1431.0,0,,Xeyr,Təsdiqlənib,Müştərinin gəliri və krediti təsdiqləndi
61755788,Rauf İbrahimov,19/11/1987,K,Bakalavr tehsili,Sahibkar,2907,Mikro kredit,17632,əsas vəsaitlərin alınması - Biznes krediti,17.91,1521.0,6,Xeyr,Xeyr,Təsdiqlənib,Aşağı kredit reytinqi
26997721,Uğur Abdullayev,1986-11-10,,Bakalavr,Sahibkar,3745,Mikro kredit,85066,əsas vəsaitlərin alınması - Biznes krediti,19.33,,8,Xeyr,Xeyr,Təsdiqlənib,Bütün sənədlər qaydasındadır
42716493,Zülfiyyə Tağıyeva,2006-05-02,Qadın,Bakalavr,Tələbə,293,Təhsil krediti,874,əsas vəsaitlərin alınması - Biznes krediti,11.75,636.0,0,,Xeyr,Təsdiqlənib,Müştərinin gəliri və krediti təsdiqləndi
69731194,Ləman Abdullayeva,01-05-97,qadin,Magistr,İşləyən,2536,Nağd istehlak kriditi,7564,şəxsi istehlak məqsədi,14.58,1088.0,0,,Xeyr,Təsdiqlənib,Bütün sənədlər qaydasındadır
31486286,Əli Qasımov,04-20-80,Kişi,Bakalavr,İşləyən,1596,Avtomobil krediti,8686,şəxsi istehlak məqsədi,17.37,436.0,2,Xeyr,Xeyr,Rədd edilib,Aşağı kredit reytinqi
27953434,Elvin İsmayılov,2000-03-18, kişi ,Magistr,İşləyən,,Nağd istehlak krediti,6489,məişət avadanlığı alışı,14.72,963.0,1,Bəli,Bəli,Rədd edilib,'Qara siyahı'da olmaq
82277151,Hüseyn Səfərov,1969-07-23, kişi ,Orta məktəb,İşsiz,280,Nağd istehlak krediti,475,məişət avadanlığı alışı,17.92,282.0,2,Bəli,Xeyr,Rədd edilib,Aşağı kredit reytinqi
87785378, Aysel Nəsirova ,1987-03-24,Qadın,Bakalavr tehsili,İşləyən,2169,Nağd istehlak krediti,3007,şəxsi istehlak məqsədi,23.59,1580.0,0,,Xeyr,Təsdiqlənib,Müştərinin gəliri və krediti təsdiqləndi | Yoxlayıcı_ID: 245
70235495,Emin İbrahimov,1973-05-09,K,Bakalavr tehsili,İşləyən,3377,Avtomobil krediti,31585,tibbi xərclər,21.03,994.0,4,Xeyr,Xeyr,Təsdiqlənib,Müştərinin gəliri və krediti təsdiqləndi | Yoxlayıcı_ID: 770
88846682,Aysel Qasımova,02/01/1992,Qadın,Orta məktəb,İşsiz,316,Nağd istehlak krediti,896,təmir,14.22,284.0,1,Xeyr,Xeyr,Rədd edilib,Aşağı kredit reytinqi
72508444,Zəhra Tağıyeva,24/11/1972,Qadın,Magistr,İşləyən,1861,Avtomobil krediti,38740,toy xərcləri,18.19,712.0,2,Xeyr,Xeyr,Təsdiqlənib,Bütün sənədlər qaydasındadır
22473292,Elvin Rəhimov,1977-10-03,,Orta məktəb,İşsiz,129,Nağd istehlak krediti,461,təmir,18.51,331.0,1,Bəli,Xeyr,Rədd edilib,Aşağı kredit reytinqi
96099491,Ləman Hüseynova,11-11-06,Q,Bakalavr tehsili,Tələbə,107,Təhsil krediti,1636,Biznes krediti,12.43,287.0,0,,Xeyr,Rədd edilib,Aşağı kredit reytinqi
47351767,məhəmməd nəsirov,09-02-98,Kişi,Bakalavr,İşləyən,2204,Nağd istehlak krediti,13980,şəxsi istehlak məqsədi,17.6,1124.0,3,Xeyr,Xeyr,Təsdiqlənib,Bütün sənədlər qaydasındadır
27972926,Səbinə Hüseynova,26/01/1974,qadin,Orta məktəb,İşsiz,271,Nağd istehlak krediti,435,təmir,15.97,501.0,0,,Xeyr,Təsdiqlənib,Bütün sənədlər qaydasındadır
75142990,Şəbnəm Hüseynova,1966-03-15,qadin,Bakalavr,Sahibkar,7121,Mikro kredit,18951,əsas vəsaitlərin alınması - Biznes krediti,16.69,988.0,4,Xeyr,Xeyr,Təsdiqlənib,Bütün sənədlər qaydasındadır
97514240,Məryəm Cəfərova,07-20-72,qadin,Bakalavr,Sahibkar,5415 manat,Mikro kredit,55299,dövriyyə vəsaitlərinin artırılması - Biznes krediti,24.21,1176.0,5,Xeyr,Xeyr,Təsdiqlənib,Müştərinin gəliri və krediti təsdiqləndi | Yoxlayıcı_ID: 974
43069778,Aysel Səfərova,1965-03-01,qadin,Orta məktəb,İşsiz,103,Nağd istehlak krediti,663,tibbi xərclər,20.58,522.0,1,Xeyr,Xeyr,Təsdiqlənib,Bütün sənədlər qaydasındadır
84971650,Əli Məmmədov,04-28-06, kişi ,Bakalavr,Tələbə,112,Təhsil krediti,1939,dövriyyə vəsaitlərinin artırılması - Biznes krediti,11.38,331.0,0,,Xeyr,Rədd edilib,Aşağı kredit reytinqi | Yoxlayıcı_ID: 595
88548464,Əli Əhmədov,06-10-05,K,Bakalavr,Tələbə,184,Təhsil krediti,2666,dövriyyə vəsaitlərinin artırılması - Biznes krediti,17.55,749.0,0,,Xeyr,Təsdiqlənib,Bütün sənədlər qaydasındadır
47322008,Aydan Rzayeva,1988-11-09,qadin,Bakalavr tehsili,İşləyən,3850,Nağd istehlak krediti,17624,məişət avadanlığı alışı,13.01,1597.0,2,Bəli,Xeyr,Təsdiqlənib,Bütün sənədlər qaydasındadır
85877474,Emin Hüseynov,1984-03-14,,Bakalavr,Sahibkar,9911,Mikro kredit,12738,Biznes krediti,22.25,1364.0,7,Xeyr,Xeyr,Təsdiqlənib,Bütün sənədlər qaydasındadır
93724899,Fərid Abdullayev,1989-02-28, kişi ,Bakalavr,İşləyən,801,Nağd istehlak krediti,15216,şəxsi istehlak məqsədi,12.0,1309.0,4,Xeyr,Xeyr,Təsdiqlənib,Müştərinin gəliri və krediti təsdiqləndi | Yoxlayıcı_ID: 593
54474613,Aysel Hüseynova,27/02/1976,,Bakalavr,Sahibkar,3076,Mikro kredit,44261,dövriyyə vəsaitlərinin artırılması - Biznes krediti,20.76,1549.0,2,Bəli,Xeyr,Təsdiqlənib,Müştərinin gəliri və krediti təsdiqləndi
51040577,Zülfiyyə Məmmədova,10-08-72,,Bakalavr,İşləyən,3597,Nağd istehlak krediti,6800,şəxsi istehlak məqsədi,20.45,518.0,0,,Xeyr,Təsdiqlənib,Bütün sənədlər qaydasındadır
98761384,Məhəmməd Rəhimov,1975-12-30, kişi ,Magistr,İşləyən,2273 manat,Avtomobil krediti,32418,tibbi xərclər,18.88,539.0,2,Bəli,Bəli,Rədd edilib,'Qara siyahı'da olmaq
24981830,Tural Hüseynov,01/04/2007,,Bakalavr,Tələbə,168,Təhsil krediti,2887,dövriyyə vəsaitlərinin artırılması - Biznes krediti,21.31,321.0,1,Bəli,Xeyr,Rədd edilib,Aşağı kredit reytinqi
69818891,Məryəm Quliyeva,1976-03-06,Q,Orta məktəb,İşsiz,372,Nağd istehlak krediti,942,toy xərcləri,20.48,439.0,1,Xeyr,Xeyr,Rədd edilib,Aşağı kredit reytinqi | Yoxlayıcı_ID: 453
20813870,Aydan Abdullayeva,07-15-00,,Magistr,İşləyən,1036,Nağd istehlak krediti,8583,şəxsi istehlak məqsədi,11.57,1384.0,2,Xeyr,Xeyr,Təsdiqlənib,Bütün sənədlər qaydasındadır | Yoxlayıcı_ID: 424
64459013,Aysel Sultanova,1994-08-09,Qadın,Bakalavr tehsili,Sahibkar,5451,Mikro kredit,44605,dövriyyə vəsaitlərinin artırılması - Biznes krediti,22.94,1332.0,7,Xeyr,Xeyr,Təsdiqlənib,Bütün sənədlər qaydasındadır
60066199,Günel Cəfərova,26/05/1999,qadin,Orta məktəb,İşsiz,194,Nağd istehlak krediti,478,toy xərcləri,24.39,205.0,1,Bəli,Xeyr,Rədd edilib,Aşağı kredit reytinqi
74344965,Əli Qasımov,10-22-05,Kişi,Magistr,Tələbə,222,Təhsil krediti,2576,əsas vəsaitlərin alınması - Biznes krediti,24.74,579.0,0,,Xeyr,Təsdiqlənib,Müştərinin gəliri və krediti təsdiqləndi | Yoxlayıcı_ID: 865
16687527,Lalə Sultanova,06-17-81,Qadın,Bakalavr,Sahibkar,"5,383",Mikro kredit,92776,dövriyyə vəsaitlərinin artırılması - Biznes krediti,19.58,1659.0,3,Xeyr,Xeyr,Təsdiqlənib,Müştərinin gəliri və krediti təsdiqləndi
72596178,Aysel Nəsirova,1989-10-11,Q,Bakalavr,İşləyən,2642,Nağd istehlak krediti,17045,məişət avadanlığı alışı,13.66,1450.0,3,Bəli,Xeyr,Təsdiqlənib,Müştərinin gəliri və krediti təsdiqləndi
50068955,Emin Nəsirov,1993-03-10,Kişi,Magistr,İşləyən,3712,Nağd istehlak krediti,1005,toy xərcləri,12.47,431.0,3,Xeyr,Xeyr,Rədd edilib,Aşağı kredit reytinqi | Yoxlayıcı_ID: 998
49967542,Sahil Sultanov,06-21-91,Kişi,Orta məktəb,İşsiz,232,Nağd istehlak krediti,456,toy xərcləri,11.45,137.0,1,Xeyr,Bəli,Rədd edilib,'Qara siyahı'da olmaq
89921162,Səbinə İbrahimova,1974-04-28,Qadın,Bakalvar,Sahibkar,,Mikro kredit,67349,dövriyyə vəsaitlərinin artırılması - Biznes krediti,17.12,1264.0,7,Bəli,Xeyr,Təsdiqlənib,Müştərinin gəliri və krediti təsdiqləndi | Yoxlayıcı_ID: 533
85875601,Lalə Cavadova,06/06/1983,Qadın,Orta məktəb,İşsiz,54,Nağd istehlak krediti,755,toy xərcləri,22.76,,1,Xeyr,Xeyr,Rədd edilib,Aşağı kredit reytinqi | Yoxlayıcı_ID: 191
63113599,Şəbnəm Vəliyeva,2001-12-30,Q,Bakalavr,İşləyən,2647,Nağd istehlak krediti,8950,tibbi xərclər,12.81,707.0,1,Xeyr,Xeyr,Təsdiqlənib,Bütün sənədlər qaydasındadır
38954081,Fidan Qasımova,03-07-76,Qadın,Bakalavr,Sahibkar,3180,Mikro kredit,44527,əsas vəsaitlərin alınması - Biznes krediti,13.94,981.0,8,Bəli,Xeyr,Təsdiqlənib,Bütün sənədlər qaydasındadır | Yoxlayıcı_ID: 118
24880122,Şəbnəm Rzayeva,1980-10-09,qadin,Bakalavr,İşləyən,2160,Nağd istehlak krediti,4351,toy xərcləri,16.63,709.0,0,,Xeyr,Təsdiqlənib,Bütün sənədlər qaydasındadır
71252867,Aysel İbrahimova,1992-08-15,,Bakalavr,İşləyən,1415,Nağd istehlak krediti,14912,tibbi xərclər,21.61,1556.0,4,Xeyr,Xeyr,Təsdiqlənib,Müştərinin gəliri və krediti təsdiqləndi | Yoxlayıcı_ID: 332
55141044,Zülfiyyə Babayeva,1992-04-01,,Magistr,İşləyən,2795,Nağd istehlak krediti,3279,toy xərcləri,23.4,626.0,2,Xeyr,Xeyr,Təsdiqlənib,Müştərinin gəliri və krediti təsdiqləndi
79385075,Fatimə Məmmədova,13/12/2005,Q,Magistr,Tələbə,186,Təhsil krediti,616,dövriyyə vəsaitlərinin artırılması - Biznes krediti,22.17,614.0,0,,Xeyr,Təsdiqlənib,Müştərinin gəliri və krediti təsdiqləndi
59393455,Kəmalə Rüstəmova,03-09-03,Qadın,Bakalavr,Tələbə,147,Təhsil krediti,2219,əsas vəsaitlərin alınması - Biznes krediti,15.14,644.0,1,Xeyr,Xeyr,Təsdiqlənib,Bütün sənədlər qaydasındadır
71267150,Fidan Sultanova,14/08/1982,qadin,Bakalavr tehsili,İşləyən,2363,Nağd istehlak krediti,4497 manat,toy xərcləri,23.19,1106.0,4,Bəli,Xeyr,Təsdiqlənib,Bütün sənədlər qaydasındadır
77514899,Cavid İsmayılov,02-22-80,Kişi,Orta məktəb,İşsiz,310,Nağd istehlak krediti,865,məişət avadanlığı alışı,15.99,357.0,1,Xeyr,Xeyr,Rədd edilib,Aşağı kredit reytinqi | Yoxlayıcı_ID: 499
24330779,Zülfiyyə Cavadova,12-30-97,,Bakalavr tehsili,İşləyən,"1,017",Nağd istehlak krediti,4002,təmir,14.38,1054.0,2,Bəli,Xeyr,Təsdiqlənib,Müştərinin gəliri və krediti təsdiqləndi | Yoxlayıcı_ID: 489
73468981,Sevinc Vəliyeva,24/03/1983,qadin,Magistr,İşləyən,2103,Nağd istehlak krediti,8030,toy xərcləri,23.1,1437.0,0,,Xeyr,Təsdiqlənib,Müştərinin gəliri və krediti təsdiqləndi | Yoxlayıcı_ID: 138
22527466,Zeynəb İsmayılova,1985-11-16,,Magistr,İşləyən,1822,Nağd istehlak krediti,10040,toy xərcləri,19.0,1306.0,1,Xeyr,Bəli,Rədd edilib,'Qara siyahı'da olmaq
17558662,Günel Hüseynova,19/04/1969,,Orta məktəb,İşsiz,38,Nağd istehlak krediti,493 AZN,tibbi xərclər,18.92,241.0,0,,Xeyr,Rədd edilib,Aşağı kredit reytinqi
96028746,Elvin Vəliyev,2001-09-16,Kişi,Bakalavr tehsili,İşləyən,2816,Nağd istehlak krediti,15709,məişət avadanlığı alışı,18.45,1101.0,3,Bəli,Xeyr,Təsdiqlənib,Müştərinin gəliri və krediti təsdiqləndi
46030267,Nərmin Cavadova,24/03/1978,qadin,Bakalavr tehsili,İşləyən,1146,Nağd istehlak krediti,5649,şəxsi istehlak məqsədi,11.28,792.0,3,Xeyr,Xeyr,Təsdiqlənib,Müştərinin gəliri və krediti təsdiqləndi
65719127,Emin Rəhimov,10-24-75,Kişi,Bakalavr,İşləyən,2857,Nağd istehlak krediti,18871,Təmir,18.2,1146.0,4,Xeyr,Xeyr,Təsdiqlənib,Müştərinin gəliri və krediti təsdiqləndi
55147121,Sultanov Hüseyn,1988-02-11, kişi ,Magistr,İşləyən,3324,Nağd istehlak krediti,7029,toy xərcləri,17.65,697.0,2,Xeyr,Xeyr,Təsdiqlənib,Bütün sənədlər qaydasındadır
83531767, Lalə Səfərova ,10-23-71,Qadın,Magistr,İşləyən,1854,Nağd istehlak krediti,11762 manat,təmir,24.57,787.0,3,Bəli,Xeyr,Təsdiqlənib,Müştərinin gəliri və krediti təsdiqləndi
27754470,Şəbnəm Rəhimova,10-19-93,,Bakalavr,İşləyən,,Avtomobil krediti,26079,tibbi xərclər,17.74,945.0,4,Bəli,Xeyr,Təsdiqlənib,Müştərinin gəliri və krediti təsdiqləndi
70811360,Emin Nəsirov,1982-12-23,Kişi,Bakalavr,İşləyən,1818,Nağd istehlak krediti,16696,tibbi xərclər,12.72,660.0,3,Bəli,Xeyr,Təsdiqlənib,Bütün sənədlər qaydasındadır
17949482,Zəhra Cəfərova,01-23-00,Qadın,Magistr,İşləyən,2340,Nağd istehlak krediti,"10,215",toy xərcləri,20.34,1161.0,1,Bəli,Xeyr,Təsdiqlənib,Bütün sənədlər qaydasındadır
49716319,Uğur Əhmədov,1965-10-06,Kişi,Orta məktəb,İşsiz,30,Nağd istehlak krediti,476,tibbi xərclər,23.7,519.0,1,Xeyr,Xeyr,Təsdiqlənib,Bütün sənədlər qaydasındadır | Yoxlayıcı_ID: 277
45359550,Emin Məmmədov,2007-05-12,K,Bakalavr,Tələbə,234,Təhsil krediti,908,dövriyyə vəsaitlərinin artırılması - Biznes krediti,17.96,448.0,0,,Xeyr,Rədd edilib,Aşağı kredit reytinqi
68477323,Nərmin Hüseynova,1981-05-14,Q,Bakalavr,Sahibkar,,Mikro kredit,43141,əsas vəsaitlərin alınması - Biznes krediti,21.67,1001.0,6,Bəli,Xeyr,Təsdiqlənib,Müştərinin gəliri və krediti təsdiqləndi
10273011,Aylin Cavadova,06-12-98,qadin,Bakalavr,İşləyən,3383,Nağd istehlak krediti,1217,şəxsi istehlak məqsədi,19.53,1377.0,0,,Xeyr,Təsdiqlənib,Bütün sənədlər qaydasındadır
65513594,İbrahimov Anar,02/12/2005,K,Bakalavr tehsili,Tələbə,,Təhsil krediti,2179 AZN,Biznes krediti,22.15,321.0,0,,Xeyr,Rədd edilib,Aşağı kredit reytinqi
70959596,Emin İbrahimov,06-07-73,K,Bakalavr tehsili,İşləyən,2229,Nağd istehlak krediti,3442,tibbi xərclər,17.44,1506.0,1,Xeyr,Xeyr,Təsdiqlənib,Müştərinin gəliri və krediti təsdiqləndi
22853735,Səbinə Səfərova,1982-12-07,,Magistr,İşləyən,2961,Nağd istehlak krediti,6025,təmir,15.89,416.0,4,Bəli,Xeyr,Rədd edilib,Aşağı kredit reytinqi
69171425,Rauf Cəfərov,05/08/1992,Kişi,Magistr,İşləyən,2727,Nağd istehlak krediti,14294,toy xərcləri,12.02,1324.0,2,Xeyr,Xeyr,Təsdiqlənib,Bütün sənədlər qaydasındadır
10198937,Şəbnəm Rzayeva,11-20-76,Qadın,Bakalavr tehsili,İşləyən,3057,Nağd istehlak krediti,12773,şəxsi istehlak məqsədi,14.96,469.0,3,Xeyr,Xeyr,Rədd edilib,Aşağı kredit reytinqi
60990609,Yusif Quliyev,04/07/2007,,Bakalavr tehsili,Tələbə,253,Təhsil krediti,794,Biznes krediti,22.15,593.0,0,,Xeyr,Təsdiqlənib,Müştərinin gəliri və krediti təsdiqləndi
86864564,Hüseyn Tağıyev,11-07-79,Kişi,Bakalavr tehsili,İşləyən,3310,Nağd istehlak kriditi,2653,məişət avadanlığı alışı,13.52,483.0,2,Xeyr,Xeyr,Rədd edilib,Aşağı kredit reytinqi
12541918,Fərid Qasımov,1978-09-22, kişi ,Magistr,Sahibkar,4900,Mikro kredit,97624,Biznes krediti,21.79,960.0,2,Xeyr,Xeyr,Təsdiqlənib,Müştərinin gəliri və krediti təsdiqləndi
25175355,Emin Rüstəmov,1991-12-05,K,Bakalavr tehsili,İşləyən,828,Nağd istehlak krediti,9220,şəxsi istehlak məqsədi,14.67,725.0,4,Xeyr,Xeyr,Təsdiqlənib,Bütün sənədlər qaydasındadır | Yoxlayıcı_ID: 792
22723108,Uğur Cavadov,1992-05-24,K,Bakalavr tehsili,İşləyən,1479,Nağd istehlak krediti,19894,tibbi xərclər,23.84,1270.0,2,Bəli,Xeyr,Təsdiqlənib,Müştərinin gəliri və krediti təsdiqləndi
46965674,Rəna Rzayeva,14/04/2003,qadin,Magistr,Tələbə,220,Təhsil krediti,1222,Biznes krediti,11.83,409.0,0,,Xeyr,Rədd edilib,Aşağı kredit reytinqi
78315410,Anar Babayev,19/12/1971,,Orta məktəb,İşsiz,157,Nağd istehlak krediti,791,məişət avadanlığı alışı,11.96,125.0,1,Xeyr,Xeyr,Rədd edilib,Aşağı kredit reytinqi | Yoxlayıcı_ID: 500
58473633,Aysel İsmayılova,09-30-82,Q,Bakalavr tehsili,İşləyən,1931,Nağd istehlak krediti,1828,şəxsi istehlak məqsədi,17.39,1571.0,0,,Xeyr,Təsdiqlənib,Müştərinin gəliri və krediti təsdiqləndi
66136838,Yusif Nəsirov,05-28-90,Kişi,Bakalavr,Sahibkar,5951,Mikro kredit,21498,Biznes krediti,22.01,1152.0,3,Bəli,Xeyr,Təsdiqlənib,Bütün sənədlər qaydasındadır
96845156,Elvin İbrahimov,1978-09-11, kişi ,Bakalavr,Sahibkar,"3,686",Mikro kredit,61493,Təmir,10.97,1702.0,8,Xeyr,Xeyr,Təsdiqlənib,Bütün sənədlər qaydasındadır | Yoxlayıcı_ID: 198
69413811,Ramin Cavadov,1989-06-22,K,Magistr,Sahibkar,7462,Mikro kredit,63461,əsas vəsaitlərin alınması - Biznes krediti,24.77,1429.0,7,Bəli,Xeyr,Təsdiqlənib,Bütün sənədlər qaydasındadır
89518192,Ramin Cəfərov,1980-09-12,Kişi,Bakalavr,İşləyən,"1,753",Nağd istehlak krediti,17034,məişət avadanlığı alışı,23.8,1596.0,3,Xeyr,Xeyr,Təsdiqlənib,Müştərinin gəliri və krediti təsdiqləndi
35851922,Zəhra Səfərova,1970-12-04,Q,Bakalavr tehsili,Sahibkar,5878,Mikro kredit,81768,əsas vəsaitlərin alınması - Biznes krediti,21.89,972.0,5,Xeyr,Xeyr,Təsdiqlənib,Bütün sənədlər qaydasındadır
10474073,Nərmin Sultanova,1973-01-29,,Bakalavr tehsili,İşləyən,3986,Avtomobil krediti,35299,təmir,11.29,1205.0,0,,Xeyr,Təsdiqlənib,Bütün sənədlər qaydasındadır | Yoxlayıcı_ID: 247
93414077,Ramin Cavadov,1987-09-04, kişi ,Magistr,İşləyən,1206,Avtomobil krediti,18296,tibbi xərclər,18.54,1407.0,2,Xeyr,Xeyr,Təsdiqlənib,Bütün sənədlər qaydasındadır
56049804,Cavid Sultanov,1972-10-26,K,Bakalavr tehsili,İşləyən,3941,Nağd istehlak krediti,2603 manat,toy xərcləri,12.59,1141.0,4,Bəli,Xeyr,Təsdiqlənib,Bütün sənədlər qaydasındadır
36629072,Ramin Qasımov,09/06/1978, kişi ,Bakalavr,İşləyən,1046,Nağd istehlak krediti,6719,tibbi xərclər,14.74,987.0,4,Bəli,Xeyr,Təsdiqlənib,Müştərinin gəliri və krediti təsdiqləndi
67122237,Fərid Nəsirov,05/07/2001, kişi ,Bakalavr,İşləyən,2701,Nağd istehlak krediti,1426,toy xərcləri,21.51,1130.0,2,Bəli,Xeyr,Təsdiqlənib,Bütün sənədlər qaydasındadır
94093328,Səbinə Rüstəmova,1991-07-09,Q,Orta məktəb,İşsiz,10,Nağd istehlak krediti,420,məişət avadanlığı alışı,21.58,369.0,2,Bəli,Bəli,Rədd edilib,'Qara siyahı'da olmaq
68673437,Aydan Əhmədova,1970-04-01,qadin,Orta məktəb,İşsiz,336,Nağd istehlak krediti,474,tibbi xərclər,12.6,491.0,2,Xeyr,Xeyr,Rədd edilib,Aşağı kredit reytinqi | Yoxlayıcı_ID: 937
28813506,Əli Hüseynov,09-04-93, kişi ,Magistr,İşləyən,3101,Nağd istehlak krediti,17745,şəxsi istehlak məqsədi,10.91,1010.0,0,,Xeyr,Təsdiqlənib,Müştərinin gəliri və krediti təsdiqləndi
16817990,Nərmin Vəliyeva,2003-06-21,qadin,Bakalavr tehsili,Tələbə,116,Təhsil krediti,893,Biznes krediti,14.04,408.0,0,,Xeyr,Təsdiqlənib,Aşağı kredit reytinqi
23858329,Şəbnəm İbrahimova,20/04/1972,Q,Magistr,İşləyən,,Avtomobil krediti,38935,təmir,13.22,884.0,1,Xeyr,Xeyr,Təsdiqlənib,Bütün sənədlər qaydasındadır | Yoxlayıcı_ID: 783
18000248,Sahil Tağıyev,2001-07-18,K,Bakalavr tehsili,İşləyən,"2,685",Avtomobil krediti,32153,tibbi xərclər,14.29,1445.0,2,Xeyr,Xeyr,Təsdiqlənib,Müştərinin gəliri və krediti təsdiqləndi
66899751,Səbinə Vəliyeva,1977-01-15,Q,Magistr,İşləyən,2335 AZN,Nağd istehlak krediti,12790 AZN,şəxsi istehlak məqsədi,24.94,1381.0,3,Xeyr,Xeyr,Təsdiqlənib,Bütün sənədlər qaydasındadır | Yoxlayıcı_ID: 129
99385649,Zülfiyyə İsmayılova,21/03/1971,,Bakalavr tehsili,İşləyən,1674,Nağd istehlak krediti,3031,tibbi xərclər,22.13,1100.0,4,Bəli,Xeyr,Təsdiqlənib,Müştərinin gəliri və krediti təsdiqləndi
65073969,Günel Vəliyeva,09-08-07,qadin,Bakalavr tehsili,Tələbə,229,Təhsil krediti,2724,dövriyyə vəsaitlərinin artırılması - Biznes krediti,12.59,607.0,0,,Xeyr,Təsdiqlənib,Müştərinin gəliri və krediti təsdiqləndi
92871128,Elvin Vəliyev,02/09/2005, kişi ,Bakalavr,Tələbə,145,Təhsil krediti,1204 manat,dövriyyə vəsaitlərinin artırılması - Biznes krediti,15.41,314.0,0,,Xeyr,Rədd edilib,Aşağı kredit reytinqi
37009140, Uğur Tağıyev ,1979-10-07,K,Bakalavr tehsili,İşləyən,1833,Avtomobil krediti,31567,məişət avadanlığı alışı,13.92,1438.0,1,Xeyr,Xeyr,Təsdiqlənib,Zaminlik məsələləri | Yoxlayıcı_ID: 445
80083728,Tural Hüseynov,13/05/2003,,Bakalavr tehsili,Tələbə,232,Təhsil krediti,1636,dövriyyə vəsaitlərinin artırılması - Biznes krediti,13.99,433.0,0,,Xeyr,Rədd edilib,Aşağı kredit reytinqi | Yoxlayıcı_ID: 675
37603393,Uğur Abdullayev,1985-03-16,K,Bakalavr tehsili,Sahibkar,7844,Mikro kredit,80050,əsas vəsaitlərin alınması - Biznes krediti,21.6,1106.0,4,Bəli,Xeyr,Təsdiqlənib,Müştərinin gəliri və krediti təsdiqləndi
84774437,Ləman Vəliyeva,1982-03-10,Qadın,Bakalavr,İşləyən,3037,Avtomobil krediti,32800,tibbi xərclər,13.68,680.0,4,Bəli,Xeyr,Təsdiqlənib,Bütün sənədlər qaydasındadır | Yoxlayıcı_ID: 512
22166301,Lalə Məmmədova,04-30-76,Q,Bakalavr tehsili,Sahibkar,8274,Mikro kredit,73161,Biznes krediti,19.0,1213.0,3,Xeyr,Xeyr,Təsdiqlənib,Bütün sənədlər qaydasındadır
11421021,Sahil Nəsirov,01-06-80,K,Bakalavr,İşləyən,1579,Avtomobil krediti,21989 manat,tibbi xərclər,23.47,723.0,3,Xeyr,Xeyr,Təsdiqlənib,Müştərinin gəliri və krediti təsdiqləndi | Yoxlayıcı_ID: 528
54217761,Kəmalə İbrahimova,30/01/1972,qadin,Orta məktəb,İşsiz,254,Nağd istehlak krediti,312,toy xərcləri,21.22,496.0,1,Bəli,Bəli,Rədd edilib,'Qara siyahı'da olmaq
27462342,Aylin Qasımova,1979-12-03,,Bakalavr tehsili,İşləyən,1196,Nağd istehlak krediti,8712,məişət avadanlığı alışı,11.01,1408.0,4,Xeyr,Xeyr,Təsdiqlənib,Bütün sənədlər qaydasındadır
95862643,Ayan Əliyeva,09/11/1986,Qadın,Bakalavr tehsili,Sahibkar,4399,Mikro kredit,51244,əsas vəsaitlərin alınması - Biznes krediti,22.51,,8,Bəli,Xeyr,Təsdiqlənib,Müştərinin gəliri və krediti təsdiqləndi
78601194,Cavid Səfərov,1999-11-21, kişi ,Orta məktəb,İşsiz,225,Nağd istehlak krediti,795,toy xərcləri,23.78,525.0,2,Xeyr,Xeyr,Təsdiqlənib,Bütün sənədlər qaydasındadır | Yoxlayıcı_ID: 293
68493930,Günel Rüstəmova,10-20-67,Qadın,Bakalavr,Sahibkar,4300,Mikro kredit,35373,Biznes krediti,15.69,1092.0,5,Xeyr,Xeyr,Təsdiqlənib,Müştərinin gəliri və krediti təsdiqləndi
85341125,Rauf Babayev,16/10/1993,,Bakalavr,İşləyən,1621,Nağd istehlak krediti,12839,tibbi xərclər,22.59,1036.0,0,,Xeyr,Təsdiqlənib,Bütün sənədlər qaydasındadır
23173969,Ramin Quliyev,1988-06-19,K,Bakalavr,İşləyən,2030,Nağd istehlak krediti,7870,şəxsi istehlak məqsədi,17.68,807.0,1,Bəli,Xeyr,Təsdiqlənib,İş stajı yetərsizdir
28401079,Cavid Cavadov,14/12/1984,K,Orta məktəb,İşsiz,276,Nağd istehlak krediti,373,şəxsi istehlak məqsədi,16.19,203.0,1,Bəli,Xeyr,Rədd edilib,Aşağı kredit reytinqi
12104239,Əhmədova Zeynəb,11/11/1986,Qadın,Bakalavr,İşləyən,1500,Nağd istehlak krediti,"19,717",məişət avadanlığı alışı,21.93,522.0,1,Bəli,Xeyr,Təsdiqlənib,Müştərinin gəliri və krediti təsdiqləndi
68860957,Aylin Rzayeva,2004-06-01,Qadın,Bakalavr tehsili,Tələbə,264,Təhsil krediti,1201,Biznes krediti,17.68,487.0,1,Xeyr,Xeyr,Rədd edilib,Aşağı kredit reytinqi
68304432,Şəbnəm Əhmədova,25/11/1967,,Magistr,Sahibkar,4037 AZN,Mikro kredit,18279,əsas vəsaitlərin alınması - Biznes krediti,18.2,1513.0,8,Bəli,Xeyr,Təsdiqlənib,Bütün sənədlər qaydasındadır | Yoxlayıcı_ID: 685
41771955,Nərmin Rzayeva,1998-08-02,,Bakalavr tehsili,İşləyən,2385,Nağd istehlak krediti,7054,məişət avadanlığı alışı,23.79,519.0,3,Bəli,Xeyr,Təsdiqlənib,Müştərinin gəliri və krediti təsdiqləndi
92283309,Uğur Cəfərov,2005-08-07,K,Bakalavr,Tələbə,288,Təhsil krediti,2114,əsas vəsaitlərin alınması - Biznes krediti,14.65,585.0,1,Bəli,Xeyr,Təsdiqlənib,Müştərinin gəliri və krediti təsdiqləndi
99500039,Kamal Əliyev,2002-08-07,,Magistr,İşləyən,1807 AZN,Nağd istehlak krediti,14741,tibbi xərclər,19.6,1555.0,3,Bəli,Xeyr,Təsdiqlənib,Müştərinin gəliri və krediti təsdiqləndi
88627790,Məryəm Cəfərova,1987-02-24,Q,Bakalavr,İşləyən,3812,Nağd istehlak krediti,9409,toy xərcləri,21.79,577.0,1,Bəli,Xeyr,Təsdiqlənib,Bütün sənədlər qaydasındadır
44669496,Günel Rüstəmova,1974-12-22,,Magistr,İşləyən,2034,Nağd istehlak krediti,6990,təmir,13.47,856.0,2,Xeyr,Xeyr,Təsdiqlənib,Bütün sənədlər qaydasındadır
44018920,Elvin Rəhimov,1989-11-23,K,Bakalavr tehsili,İşləyən,3090,Nağd istehlak krediti,8136,şəxsi istehlak məqsədi,16.0,1538.0,0,,Xeyr,Təsdiqlənib,Bütün sənədlər qaydasındadır
31711292,Samir Hüseynov,08-05-85, kişi ,Bakalavr tehsili,Sahibkar,4774,Mikro kredit,28123,əsas vəsaitlərin alınması - Biznes krediti,11.93,1755.0,6,Xeyr,Xeyr,Təsdiqlənib,Bütün sənədlər qaydasındadır
81469768,Rauf Abdullayev,1997-07-19,K,Orta məktəb,İşsiz,266,Nağd istehlak krediti,960,toy xərcləri,20.5,252.0,1,Bəli,Xeyr,Rədd edilib,Aşağı kredit reytinqi
87923679,Cavid Məmmədov,08-26-06,K,Bakalavr,Tələbə,193,Təhsil krediti,2900,Biznes krediti,22.23,745.0,1,Bəli,Xeyr,Təsdiqlənib,Müştərinin gəliri və krediti təsdiqləndi
28998429,Məryəm İsmayılova,1972-02-24,Q,Magistr,Sahibkar,8276,Mikro kredit,42549,əsas vəsaitlərin alınması - Biznes krediti,16.7,1144.0,2,Bəli,Xeyr,Təsdiqlənib,Müştərinin gəliri və krediti təsdiqləndi
99679570,Səbinə İbrahimova,22/08/1984,,Bakalavr tehsili,İşləyən,1461,Nağd istehlak krediti,17286,məişət avadanlığı alışı,12.75,623.0,1,Bəli,Xeyr,Təsdiqlənib,Bütün sənədlər qaydasındadır
54286564,Ramin Rüstəmov,1982-07-28, kişi ,Bakalavr,İşləyən,"1,558",Nağd istehlak krediti,9558,təmir,20.19,1566.0,0,,Xeyr,Təsdiqlənib,Müştərinin gəliri və krediti təsdiqləndi | Yoxlayıcı_ID: 259
46926320,Əli Nəsirov,01-12-85,K,Magistr,Sahibkar,"2,508",Mikro kredit,67788,dövriyyə vəsaitlərinin artırılması - Biznes krediti,19.56,1071.0,5,Xeyr,Xeyr,Rədd edilib,Gəlir çatışmazlığı
98828803,Rəşad Cəfərov,1969-12-24,,Bakalavr,Sahibkar,,Mikro kredit,53389,dövriyyə vəsaitlərinin artırılması - Biznes krediti,16.08,1752.0,8,Xeyr,Xeyr,Təsdiqlənib,Bütün sənədlər qaydasındadır
38430793,Ləman Abdullayeva,02/04/2007,Qadın,Bakalavr,Tələbə,233,Təhsil krediti,719,əsas vəsaitlərin alınması - Biznes krediti,19.7,560.0,0,,Xeyr,Təsdiqlənib,Müştərinin gəliri və krediti təsdiqləndi
63307692,Ayan Nəsirova,03-06-75,,Magistr,İşləyən,3334,Nağd istehlak krediti,12487,şəxsi istehlak məqsədi,12.83,956.0,1,Bəli,Bəli,Rədd edilib,'Qara siyahı'da olmaq
30931914,Ləman Nəsirova,08-14-04,qadin,Bakalavr,Tələbə,289,Təhsil krediti,1197,dövriyyə vəsaitlərinin artırılması - Biznes krediti,20.03,776.0,0,,Xeyr,Təsdiqlənib,Müştərinin gəliri və krediti təsdiqləndi | Yoxlayıcı_ID: 135
65678274,Murad Tağıyev,20/02/1979,K,Bakalavr tehsili,İşləyən,2668,Avtomobil krediti,"37,256",təmir,22.88,1008.0,2,Bəli,Xeyr,Təsdiqlənib,Müştərinin gəliri və krediti təsdiqləndi
81593504,Məhəmməd Babayev,02-20-80,,Bakalavr tehsili,İşləyən,3650,Nağd istehlak krediti,6026,təmir,24.45,1542.0,2,Bəli,Xeyr,Təsdiqlənib,Müştərinin gəliri və krediti təsdiqləndi
88780009,Şəbnəm Qasımova,1972-07-18,qadin,Orta məktəb,İşsiz,31 AZN,Nağd istehlak krediti,813,şəxsi istehlak məqsədi,18.1,484.0,0,,Bəli,Rədd edilib,'Qara siyahı'da olmaq
90822268, Kəmalə Quliyeva ,20/12/1985,Q,Bakalavr tehsili,İşləyən,,Avtomobil krediti,36257,təmir,12.42,726.0,2,Xeyr,Xeyr,Təsdiqlənib,Müştərinin gəliri və krediti təsdiqləndi
97167748,Aysel Məmmədova,02-08-91,Qadın,Bakalavr tehsili,İşləyən,2893,Nağd istehlak krediti,18051,təmir,17.85,1549.0,2,Bəli,Xeyr,Təsdiqlənib,Müştərinin gəliri və krediti təsdiqləndi
67971854,Fidan Tağıyeva,28/10/1988,qadin,Bakalavr,İşləyən,3410 manat,Nağd istehlak krediti,5016,şəxsi istehlak məqsədi,17.98,462.0,0,,Xeyr,Rədd edilib,Aşağı kredit reytinqi
21920230,Anar Məmmədov,07-23-85,K,Bakalavr,İşləyən,3979,Nağd istehlak krediti,8107,şəxsi istehlak məqsədi,13.21,1119.0,3,Bəli,Xeyr,Təsdiqlənib,Müştərinin gəliri və krediti təsdiqləndi
99520872,Rəşad Rüstəmov,2002-06-20,,Bakalavr,İşləyən,3606,Nağd istehlak krediti,13504,tibbi xərclər,18.83,1520.0,1,Xeyr,Xeyr,Təsdiqlənib,Müştərinin gəliri və krediti təsdiqləndi | Yoxlayıcı_ID: 628
54397256,Səbinə Cəfərova,25/09/2000,Q,Bakalavr tehsili,İşləyən,863,Nağd istehlak krediti,16823,tibbi xərclər,11.19,1524.0,0,,Xeyr,Təsdiqlənib,Müştərinin gəliri və krediti təsdiqləndi
40738886,Aysel Rəhimova,19/07/1976,,Bakalavr tehsili,İşləyən,3585,Avtomobil krediti,13652,şəxsi istehlak məqsədi,14.19,1496.0,2,Bəli,Xeyr,Təsdiqlənib,Müştərinin gəliri və krediti təsdiqləndi
89739536,Məryəm İsmayılova,09-07-94,qadin,Magistr,Sahibkar,8794,Mikro kredit,62738,dövriyyə vəsaitlərinin artırılması - Biznes krediti,19.09,1124.0,2,Xeyr,Xeyr,Təsdiqlənib,Müştərinin gəliri və krediti təsdiqləndi
84477734,Samir Rəhimov,03/09/2007, kişi ,Bakalavr,Tələbə,113,Təhsil krediti,685,dövriyyə vəsaitlərinin artırılması - Biznes krediti,17.04,521.0,0,,Xeyr,Təsdiqlənib,Bütün sənədlər qaydasındadır
62071710,Zəhra Cəfərova,10/07/1995,Qadın,Orta məktəb,İşsiz,268,Nağd istehlak krediti,352,məişət avadanlığı alışı,18.2,553.0,1,Xeyr,Xeyr,Təsdiqlənib,Müştərinin gəliri və krediti təsdiqləndi | Yoxlayıcı_ID: 565
60466444,Rəşad Əhmədov,05-23-90,,Bakalavr tehsili,İşləyən,3350,Nağd istehlak krediti,"1,397",məişət avadanlığı alışı,17.39,985.0,0,,Xeyr,Təsdiqlənib,Bütün sənədlər qaydasındadır
24892093,Yusif Sultanov,09-03-80,,Orta məktəb,İşsiz,74,Nağd istehlak krediti,787,tibbi xərclər,15.62,332.0,2,Xeyr,Xeyr,Rədd edilib,Aşağı kredit reytinqi
22115585,Tural Nəsirov,12/02/2006,K,Magistr,Tələbə,118,Təhsil krediti,2732,Biznes krediti,13.87,315.0,0,,Xeyr,Rədd edilib,Aşağı kredit reytinqi
60172623,Orxan Rüstəmov,2006-09-21, kişi ,Magistr,Tələbə,166,Təhsil krediti,1454,əsas vəsaitlərin alınması - Biznes krediti,24.58,355.0,0,,Xeyr,Rədd edilib,Aşağı kredit reytinqi | Yoxlayıcı_ID: 560
26049018,Aydan Sultanova,05/08/1978,Qadın,Bakalavr,Sahibkar,9878,Mikro kredit,7866,əsas vəsaitlərin alınması - Biznes krediti,18.13,1695.0,4,Xeyr,Xeyr,Təsdiqlənib,Müştərinin gəliri və krediti təsdiqləndi
20115378,Fərid Rüstəmov,03-07-05,Kişi,Bakalavr tehsili,Tələbə,144,Təhsil krediti,695,əsas vəsaitlərin alınması - Biznes krediti,16.95,717.0,1,Bəli,Xeyr,Təsdiqlənib,Müştərinin gəliri və krediti təsdiqləndi
30419755,rauf qasımov,1980-10-06, kişi ,Magistr,Sahibkar,8991,Mikro kredit,85552,Biznes krediti,21.83,1324.0,2,Bəli,Xeyr,Təsdiqlənib,Bütün sənədlər qaydasındadır | Yoxlayıcı_ID: 575
74256318,Aylin Qasımova,02/10/1977,Q,Magistr,Sahibkar,7836,Mikro kredit,21200,dövriyyə vəsaitlərinin artırılması - Biznes krediti,21.32,1554.0,6,Xeyr,Xeyr,Təsdiqlənib,Bütün sənədlər qaydasındadır
89770400,Zəhra Vəliyeva,1994-12-19,qadin,Magistr,İşləyən,2939,Nağd istehlak krediti,15880,toy xərcləri,21.26,1328.0,3,Xeyr,Xeyr,Təsdiqlənib,Bütün sənədlər qaydasındadır
16221809,Məhəmməd İbrahimov,1993-04-19, kişi ,Bakalavr tehsili,İşləyən,2562,Nağd istehlak krediti,1416,təmir,13.53,1558.0,4,Bəli,Xeyr,Təsdiqlənib,Müştərinin gəliri və krediti təsdiqləndi
79547377,Ramin Səfərov,02-17-82, kişi ,Bakalavr tehsili,Sahibkar,6742,Mikro kredit,95678,əsas vəsaitlərin alınması - Biznes krediti,21.28,1236.0,8,Xeyr,Xeyr,Təsdiqlənib,Müştərinin gəliri və krediti təsdiqləndi
63950485,Günel Məmmədova,1989-01-07,Q,Bakalavr,İşləyən,939,Nağd istehlak kriditi,2113,şəxsi istehlak məqsədi,23.48,566.0,0,,Xeyr,Təsdiqlənib,Bütün sənədlər qaydasındadır
44727489,Zeynəb Əliyeva,1988-02-10,Qadın,Bakalavr tehsili,İşləyən,"1,949",Nağd istehlak krediti,7656,tibbi xərclər,16.16,963.0,4,Xeyr,Xeyr,Təsdiqlənib,Bütün sənədlər qaydasındadır
87344169,Yusif Tağıyev,2001-03-26,Kişi,Bakalavr tehsili,İşləyən,1782,Nağd istehlak krediti,9604,təmir,20.5,1584.0,1,Xeyr,Xeyr,Təsdiqlənib,Müştərinin gəliri və krediti təsdiqləndi
94862204, Anar Abdullayev ,09-30-89, kişi ,Orta məktəb,İşsiz,,Nağd istehlak krediti,556,tibbi xərclər,12.77,165.0,1,Xeyr,Xeyr,Təsdiqlənib,Aşağı kredit reytinqi
43819865,Hüseyn Rüstəmov,1986-06-20, kişi ,Orta məktəb,İşsiz,43,Nağd istehlak krediti,365,təmir,17.17,,2,Xeyr,Bəli,Rədd edilib,'Qara siyahı'da olmaq
16698737,Əli Rüstəmov,2007-06-06,K,Bakalavr tehsili,Tələbə,,Təhsil krediti,2798,əsas vəsaitlərin alınması - Biznes krediti,16.66,381.0,0,,Xeyr,Rədd edilib,Aşağı kredit reytinqi | Yoxlayıcı_ID: 773
12360486,Zülfiyyə Rzayeva,1999-04-26,qadin,Magistr,İşləyən,3316,Avtomobil krediti,35354,toy xərcləri,17.08,512.0,1,Bəli,Xeyr,Təsdiqlənib,Bütün sənədlər qaydasındadır
88444093,Elvin Əhmədov,04/05/1991,K,Magistr,İşləyən,2635,Nağd istehlak krediti,11953,şəxsi istehlak məqsədi,11.15,823.0,2,Bəli,Bəli,Rədd edilib,'Qara siyahı'da olmaq
96902052,Ayan Sultanova,2005-01-19,,Bakalavr tehsili,Tələbə,239,Təhsil krediti,1493,əsas vəsaitlərin alınması - Biznes krediti,19.2,620.0,0,,Xeyr,Təsdiqlənib,Bütün sənədlər qaydasındadır
76581876,Cavid Quliyev,1987-03-22, kişi ,Magistr,İşləyən,1066,Nağd istehlak krediti,8980,tibbi xərclər,19.44,1319.0,4,Bəli,Xeyr,Təsdiqlənib,Bütün sənədlər qaydasındadır
62995226,Aysel Tağıyeva,06/04/1973,Q,Bakalavr,Sahibkar,7616,Mikro kredit,57199,dövriyyə vəsaitlərinin artırılması - Biznes krediti,20.33,1800.0,6,Xeyr,Xeyr,Təsdiqlənib,Bütün sənədlər qaydasındadır
66867910,Nərmin Vəliyeva,05-24-96,Q,Magistr,İşləyən,1534 AZN,Nağd istehlak krediti,9633,məişət avadanlığı alışı,11.51,,3,Bəli,Xeyr,Təsdiqlənib,Müştərinin gəliri və krediti təsdiqləndi | Yoxlayıcı_ID: 832
81007659, Samir Rzayev ,1981-05-22,Kişi,Orta məktəb,İşsiz,35,Nağd istehlak krediti,869,toy xərcləri,19.16,236.0,1,Bəli,Bəli,Rədd edilib,'Qara siyahı'da olmaq
68527932,Şəbnəm Abdullayeva,1995-01-13,Qadın,Bakalavr tehsili,İşləyən,1888,Nağd istehlak krediti,19316,təmir,22.32,926.0,1,Bəli,Bəli,Rədd edilib,'Qara siyahı'da olmaq
11348086,Tural Cavadov,08-12-64, kişi ,Orta məktəb,İşsiz,332,Nağd istehlak krediti,888,təmir,11.23,542.0,2,Xeyr,Xeyr,Təsdiqlənib,Bütün sənədlər qaydasındadır
26915000,Nihat Rzayev,11-06-72,,Bakalavr tehsili,İşləyən,1538,Nağd istehlak krediti,4164,məişət avadanlığı alışı,21.99,699.0,4,Bəli,Xeyr,Təsdiqlənib,Zaminlik məsələləri
89597790,səbinə sultanova,1969-09-30,,Orta məktəb,İşsiz,265,Nağd istehlak krediti,739 AZN,tibbi xərclər,24.32,580.0,2,Bəli,Xeyr,Təsdiqlənib,Bütün sənədlər qaydasındadır
37362583,Zülfiyyə Səfərova,07-24-65,,Orta məktəb,İşsiz,,Nağd istehlak kriditi,389,məişət avadanlığı alışı,11.74,228.0,1,Xeyr,Xeyr,Rədd edilib,Aşağı kredit reytinqi
19244719,Nərmin Vəliyeva,20/09/1992,,Orta məktəb,İşsiz,376,Nağd istehlak krediti,808,şəxsi istehlak məqsədi,21.69,318.0,2,Xeyr,Xeyr,Rədd edilib,Aşağı kredit reytinqi | Yoxlayıcı_ID: 494
52852705,Aysel Vəliyeva,1988-08-23,,Orta məktəb,İşsiz,342,Nağd istehlak krediti,577,təmir,24.04,322.0,0,,Xeyr,Rədd edilib,Aşağı kredit reytinqi
11056451,Tural İsmayılov,1980-04-22,,Magistr,İşləyən,875,Avtomobil krediti,24129 manat,təmir,14.32,1144.0,2,Bəli,Xeyr,Rədd edilib,Gəlir çatışmazlığı | Yoxlayıcı_ID: 371
37223053,Qasımov Rəşad,1976-03-13, kişi ,Bakalavr tehsili,İşləyən,3971,Nağd istehlak krediti,"5,334",məişət avadanlığı alışı,12.42,,1,Xeyr,Xeyr,Təsdiqlənib,Müştərinin gəliri və krediti təsdiqləndi
83661623,Fidan Rzayeva,11-05-84,qadin,Magistr,İşləyən,2588,Nağd istehlak krediti,18769,təmir,21.46,449.0,4,Bəli,Bəli,Rədd edilib,'Qara siyahı'da olmaq | Yoxlayıcı_ID: 989
96439040,Əli Tağıyev,10-14-02,K,Bakalavr tehsili,İşləyən,1057,Avtomobil krediti,30085,tibbi xərclər,20.62,948.0,4,Xeyr,Xeyr,Rədd edilib,Gəlir çatışmazlığı | Yoxlayıcı_ID: 641
30981063,Elvin İbrahimov,09/05/1982,Kişi,Magistr,İşləyən,1118,Avtomobil krediti,17189,tibbi xərclər,19.7,631.0,3,Bəli,Xeyr,Təsdiqlənib,Müştərinin gəliri və krediti təsdiqləndi
79101403,Zəhra Cəfərova,15/04/1995,Qadın,Bakalavr tehsili,İşləyən,1526,Avtomobil krediti,28729,tibbi xərclər,16.56,691.0,2,Bəli,Xeyr,Təsdiqlənib,Bütün sənədlər qaydasındadır
17917721,Məhəmməd Məmmədov,16/08/2007, kişi ,Bakalavr tehsili,Tələbə,273,Təhsil krediti,1635 AZN,əsas vəsaitlərin alınması - Biznes krediti,21.41,665.0,0,,Xeyr,Təsdiqlənib,Bütün sənədlər qaydasındadır | Yoxlayıcı_ID: 782
60536152,Rauf Hüseynov,25/10/1993,K,Bakalavr,İşləyən,3089,Avtomobil krediti,30556,məişət avadanlığı alışı,13.22,1599.0,1,Bəli,Xeyr,Təsdiqlənib,Müştərinin gəliri və krediti təsdiqləndi
96650025,Murad Vəliyev,17/04/1981, kişi ,Bakalavr,İşləyən,1758,Avtomobil krediti,14129,təmir,16.73,1067.0,3,Xeyr,Xeyr,Təsdiqlənib,Müştərinin gəliri və krediti təsdiqləndi
72841981,Yusif Vəliyev,12/07/1996, kişi ,Bakalavr tehsili,İşləyən,1874,Nağd istehlak krediti,8731,təmir,23.17,974.0,1,Xeyr,Xeyr,Təsdiqlənib,Müştərinin gəliri və krediti təsdiqləndi
73888369,Rauf Sultanov,1975-07-04,,Bakalavr,İşləyən,1365,Avtomobil krediti,33455,tibbi xərclər,24.45,1473.0,0,,Bəli,Rədd edilib,'Qara siyahı'da olmaq
82139562,Fərid Nəsirov,27/08/2004,Kişi,Magistr,Tələbə,135,Təhsil krediti,1631,əsas vəsaitlərin alınması - Biznes krediti,23.3,357.0,1,Bəli,Xeyr,Rədd edilib,Aşağı kredit reytinqi | Yoxlayıcı_ID: 803
34981446,Elvin Sultanov,1973-08-13,K,Magistr,Sahibkar,6787,Mikro kredit,87120,Biznes krediti,19.49,1574.0,5,Xeyr,Xeyr,Təsdiqlənib,Bütün sənədlər qaydasındadır
51879135,Emin Quliyev,05/12/1978,Kişi,Magistr,İşləyən,3867,Nağd istehlak krediti,9348,toy xərcləri,13.06,740.0,3,Bəli,Xeyr,Təsdiqlənib,Müştərinin gəliri və krediti təsdiqləndi
91962636,Zəhra İbrahimova,06-08-72,Qadın,Orta məktəb,İşsiz,246,Nağd istehlak krediti,339,məişət avadanlığı alışı,22.96,517.0,0,,Xeyr,Təsdiqlənib,Bütün sənədlər qaydasındadır | Yoxlayıcı_ID: 305
18714416,Ayan Qasımova,10-25-63,Q,Orta məktəb,İşsiz,193,Nağd istehlak krediti,738,tibbi xərclər,16.31,155.0,0,,Xeyr,Rədd edilib,Aşağı kredit reytinqi | Yoxlayıcı_ID: 624
33808511,Samir Quliyev,09-20-68,Kişi,Orta məktəb,İşsiz,230,Nağd istehlak krediti,944,məişət avadanlığı alışı,23.3,137.0,1,Xeyr,Xeyr,Rədd edilib,Aşağı kredit reytinqi | Yoxlayıcı_ID: 338
71391723,Emin Quliyev,12-21-82, kişi ,Bakalavr,Sahibkar,4235,Mikro kredit,62385,əsas vəsaitlərin alınması - Biznes krediti,13.73,864.0,2,Xeyr,Xeyr,Təsdiqlənib,Bütün sənədlər qaydasındadır | Yoxlayıcı_ID: 938
99386418,Zülfiyyə Vəliyeva,2007-05-14,,Bakalavr,Tələbə,135,Təhsil krediti,1946,dövriyyə vəsaitlərinin artırılması - Biznes krediti,16.17,403.0,0,,Xeyr,Rədd edilib,Aşağı kredit reytinqi
79217195,Şəbnəm Rzayeva,04-13-03,Qadın,Magistr,Tələbə,212,Təhsil krediti,"1,817",əsas vəsaitlərin alınması - Biznes krediti,12.67,599.0,0,,Xeyr,Təsdiqlənib,Bütün sənədlər qaydasındadır
61040667,Kamal Babayev,06-07-90,,Bakalavr,Sahibkar,8864,Mikro kredit,17417,əsas vəsaitlərin alınması - Biznes krediti,20.39,1067.0,5,Xeyr,Xeyr,Təsdiqlənib,Bütün sənədlər qaydasındadır | Yoxlayıcı_ID: 330
17229050,Rüstəmova Aysel,1991-02-20,Qadın,Bakalavr tehsili,Sahibkar,8766,Mikro kredit,93020,dövriyyə vəsaitlərinin artırılması - Biznes krediti,17.82,1485.0,5,Xeyr,Xeyr,Təsdiqlənib,Bütün sənədlər qaydasındadır
68701955,Rzayev Nihat,05-10-92,K,Magistr,İşləyən,"2,948",Nağd istehlak krediti,11373,tibbi xərclər,14.47,1515.0,3,Bəli,Xeyr,Təsdiqlənib,Müştərinin gəliri və krediti təsdiqləndi
20805811,Aydan Babayeva,1969-03-29,,Orta məktəb,İşsiz,279,Nağd istehlak krediti,814,məişət avadanlığı alışı,11.36,403.0,1,Xeyr,Xeyr,Rədd edilib,Aşağı kredit reytinqi | Yoxlayıcı_ID: 670
47815044,Orxan Rüstəmov,1962-12-17, kişi ,Orta məktəb,İşsiz,374,Nağd istehlak krediti,615,təmir,11.26,142.0,2,Bəli,Xeyr,Rədd edilib,Aşağı kredit reytinqi
96597260,Murad Nəsirov,1982-05-22, kişi ,Magistr,İşləyən,3210,Nağd istehlak krediti,5492,tibbi xərclər,21.3,866.0,0,,Xeyr,Təsdiqlənib,Bütün sənədlər qaydasındadır
46781965,Günel Rzayeva,04-21-92,qadin,Bakalavr,İşləyən,3241,Nağd istehlak krediti,16151,tibbi xərclər,17.16,1425.0,3,Bəli,Xeyr,Təsdiqlənib,Bütün sənədlər qaydasındadır | Yoxlayıcı_ID: 787
68494664,Məryəm İsmayılova,1987-06-13,,Bakalavr tehsili,Sahibkar,8843,Mikro kredit,87856,dövriyyə vəsaitlərinin artırılması - Biznes krediti,11.75,815.0,6,Xeyr,Xeyr,Təsdiqlənib,Müştərinin gəliri və krediti təsdiqləndi
35302937,Əliyev Cavid,09-14-04,Kişi,Magistr,Tələbə,108,Təhsil krediti,1523,əsas vəsaitlərin alınması - Biznes krediti,12.76,490.0,0,,Xeyr,Rədd edilib,Aşağı kredit reytinqi | Yoxlayıcı_ID: 265
26296737, Lalə Nəsirova ,1976-12-19,qadin,Bakalavr,İşləyən,3876,Avtomobil krediti,27121,toy xərcləri,22.77,440.0,1,Bəli,Xeyr,Rədd edilib,Aşağı kredit reytinqi
14316442,Zeynəb Tağıyeva,1968-04-21,Qadın,Bakalavr tehsili,Sahibkar,2614 AZN,Mikro kredit,91821,dövriyyə vəsaitlərinin artırılması - Biznes krediti,13.93,813.0,8,Bəli,Xeyr,Rədd edilib,Gəlir çatışmazlığı
15232119,Aysel Səfərova,1975-02-22,Q,Bakalavr,İşləyən,3311,Nağd istehlak krediti,6856,tibbi xərclər,21.29,1429.0,4,Bəli,Xeyr,Təsdiqlənib,Müştərinin gəliri və krediti təsdiqləndi
50241083,Rəşad Cavadov,12/12/1975,K,Bakalavr,Sahibkar,"3,397",Mikro kredit,54974,dövriyyə vəsaitlərinin artırılması - Biznes krediti,14.19,1692.0,8,Bəli,Xeyr,Təsdiqlənib,Bütün sənədlər qaydasındadır
27605028,Fidan İsmayılova,31/10/1983,,Orta məktəb,İşsiz,331,Nağd istehlak kriditi,948,təmir,13.63,103.0,0,,Xeyr,Rədd edilib,Aşağı kredit reytinqi
38374505,Rəşad Hüseynov,27/04/2005,Kişi,Bakalavr,Tələbə,300,Təhsil krediti,2684,Biznes krediti,19.84,788.0,0,Bəli,Xeyr,Təsdiqlənib,Müştərinin gəliri və krediti təsdiqləndi
88237169,Məryəm Hüseynova,09/10/1999,Qadın,Magistr,İşləyən,1499,Nağd istehlak krediti,9564,tibbi xərclər,14.93,,2,Xeyr,Xeyr,Təsdiqlənib,Bütün sənədlər qaydasındadır | Yoxlayıcı_ID: 577
46002397,Vəliyev Ramin,27/03/2006,K,Magistr,Tələbə,289,Təhsil krediti,1385,dövriyyə vəsaitlərinin artırılması - Biznes krediti,13.08,670.0,0,,Xeyr,Təsdiqlənib,Bütün sənədlər qaydasındadır | Yoxlayıcı_ID: 165
25600046,Zülfiyyə İbrahimova,11/08/1974,Qadın,Magistr,İşləyən,1281 manat,Nağd istehlak kriditi,13227,təmir,19.11,1431.0,2,Xeyr,Xeyr,Təsdiqlənib,Bütün sənədlər qaydasındadır
18705786,Nihat Rəhimov,22/02/2003, kişi ,Magistr,Tələbə,235,Təhsil krediti,2768,dövriyyə vəsaitlərinin artırılması - Biznes krediti,18.04,752.0,1,Xeyr,Xeyr,Təsdiqlənib,Bütün sənədlər qaydasındadır
71889436,Fidan Cavadova,2002-11-14,qadin,Bakalavr,Tələbə,102,Təhsil krediti,1075,dövriyyə vəsaitlərinin artırılması - Biznes krediti,18.11,660.0,0,,Xeyr,Təsdiqlənib,Bütün sənədlər qaydasındadır
68300124,Emin Abdullayev,1977-03-18,K,Bakalavr,İşləyən,2939,Nağd istehlak krediti,10078,məişət avadanlığı alışı,15.53,723.0,2,Bəli,Bəli,Rədd edilib,'Qara siyahı'da olmaq
92969765,Uğur Rəhimov,12-14-00,,Bakalavr tehsili,İşləyən,2822,Nağd istehlak krediti,13949,toy xərcləri,14.71,772.0,4,Xeyr,Xeyr,Təsdiqlənib,Bütün sənədlər qaydasındadır
96386667,Rəna Abdullayeva,06-10-06,qadin,Magistr,Tələbə,206,Təhsil krediti,2239,dövriyyə vəsaitlərinin artırılması - Biznes krediti,15.05,656.0,0,,Xeyr,Təsdiqlənib,İş stajı yetərsizdir
66876049,Sahil Rzayev,01-14-07,Kişi,Bakalavr tehsili,Tələbə,182,Təhsil krediti,2319,dövriyyə vəsaitlərinin artırılması - Biznes krediti,22.84,535.0,1,Bəli,Xeyr,Təsdiqlənib,Bütün sənədlər qaydasındadır | Yoxlayıcı_ID: 608
75334948,Ramin Tağıyev,2003-06-17, kişi ,Bakalavr tehsili,Tələbə,133,Təhsil krediti,728,Biznes krediti,15.14,244.0,1,Bəli,Xeyr,Rədd edilib,Aşağı kredit reytinqi
93888017,Orxan Rəhimov,1996-08-17, kişi ,Magistr,İşləyən,,Nağd istehlak krediti,12427,şəxsi istehlak məqsədi,18.8,933.0,2,Xeyr,Xeyr,Təsdiqlənib,Müştərinin gəliri və krediti təsdiqləndi
78044420,Rauf Abdullayev,2007-04-15,K,Magistr,Tələbə,136,Təhsil krediti,1211,dövriyyə vəsaitlərinin artırılması - Biznes krediti,11.57,619.0,0,,Xeyr,Təsdiqlənib,Bütün sənədlər qaydasındadır
36068799,Fidan Abdullayeva,05-16-82,qadin,Bakalavr tehsili,İşləyən,2656,Nağd istehlak krediti,1153,məişət avadanlığı alışı,14.84,505.0,0,,Xeyr,Təsdiqlənib,Bütün sənədlər qaydasındadır | Yoxlayıcı_ID: 431
35308237,Cavid Babayev,23/12/1977,Kişi,Magistr,İşləyən,1828,Nağd istehlak krediti,19618,şəxsi istehlak məqsədi,18.03,938.0,4,Bəli,Xeyr,Təsdiqlənib,Müştərinin gəliri və krediti təsdiqləndi
56998799,Aysel Rzayeva,1990-08-09,Q,Magistr,Sahibkar,4091,Mikro kredit,96604,əsas vəsaitlərin alınması - Biznes krediti,16.56,1046.0,8,Xeyr,Xeyr,Təsdiqlənib,Bütün sənədlər qaydasındadır
94796107,Ramin Tağıyev,1971-01-20,Kişi,Bakalavr,İşləyən,2687,Nağd istehlak krediti,18238,məişət avadanlığı alışı,22.9,863.0,2,Bəli,Xeyr,Təsdiqlənib,Bütün sənədlər qaydasındadır
26986259,Günel Cəfərova,2002-05-11,Qadın,Bakalavr,İşləyən,3436,Nağd istehlak krediti,3761,toy xərcləri,15.31,415.0,0,Bəli,Xeyr,Rədd edilib,Aşağı kredit reytinqi
76857430,Rəşad İsmayılov,05-17-68,K,Orta məktəb,İşsiz,338,Nağd istehlak kriditi,838,təmir,11.81,575.0,0,,Xeyr,Təsdiqlənib,Bütün sənədlər qaydasındadır
14494354,Emin İbrahimov,07-27-87,K,Bakalavr,İşləyən,1019,Nağd istehlak krediti,16637,toy xərcləri,19.74,,4,Bəli,Xeyr,Təsdiqlənib,Bütün sənədlər qaydasındadır | Yoxlayıcı_ID: 648
35203372,Zeynəb Sultanova,1972-01-29,Qadın,Bakalavr,İşləyən,1727,Nağd istehlak krediti,16433,şəxsi istehlak məqsədi,13.34,467.0,0,,Xeyr,Rədd edilib,Aşağı kredit reytinqi
74893844, Yusif Əliyev ,1972-04-08,,Bakalavr tehsili,İşləyən,1917,Nağd istehlak krediti,13832,tibbi xərclər,14.7,,0,,Xeyr,Təsdiqlənib,Müştərinin gəliri və krediti təsdiqləndi | Yoxlayıcı_ID: 384
61542873,Əli Rəhimov,04-01-05,Kişi,Bakalavr tehsili,Tələbə,283,Təhsil krediti,1409,Biznes krediti,17.25,458.0,1,Bəli,Xeyr,Rədd edilib,Aşağı kredit reytinqi
90686296,Cavid Nəsirov,1989-04-22,,Magistr,İşləyən,2403,Nağd istehlak krediti,18113,təmir,23.86,453.0,3,Bəli,Xeyr,Təsdiqlənib,Aşağı kredit reytinqi
89944819,Sevinc Quliyeva,25/04/2006,Qadın,Bakalavr tehsili,Tələbə,229,Təhsil krediti,2773,əsas vəsaitlərin alınması - Biznes krediti,24.42,468.0,1,Xeyr,Xeyr,Rədd edilib,Aşağı kredit reytinqi
72818151,Hüseyn Vəliyev,06/03/1991, kişi ,Orta məktəb,İşsiz,123,Nağd istehlak krediti,462,şəxsi istehlak məqsədi,13.73,546.0,1,Xeyr,Xeyr,Təsdiqlənib,Bütün sənədlər qaydasındadır
65288878,Samir Rzayev,1976-08-06, kişi ,Bakalavr,İşləyən,3503,Nağd istehlak krediti,15529,təmir,18.51,466.0,0,,Xeyr,Rədd edilib,Aşağı kredit reytinqi
28437063,Tural Vəliyev,1972-04-15, kişi ,Bakalavr tehsili,İşləyən,2591,Nağd istehlak krediti,1010,şəxsi istehlak məqsədi,24.87,425.0,4,Bəli,Xeyr,Rədd edilib,Aşağı kredit reytinqi
57709178,Əli Cəfərov,1973-10-28, kişi ,Orta məktəb,İşsiz,135,Nağd istehlak krediti,954,məişət avadanlığı alışı,23.15,363.0,1,Bəli,Xeyr,Rədd edilib,Aşağı kredit reytinqi
55150762,Cavid Abdullayev,04/11/1980, kişi ,Orta məktəb,İşsiz,303,Nağd istehlak krediti,590,məişət avadanlığı alışı,11.12,375.0,0,,Bəli,Rədd edilib,'Qara siyahı'da olmaq
40637442,Kamal Əliyev,04/12/1996,Kişi,Bakalavr,İşləyən,2952,Nağd istehlak krediti,14380,şəxsi istehlak məqsədi,11.33,1389.0,4,Xeyr,Xeyr,Təsdiqlənib,Müştərinin gəliri və krediti təsdiqləndi
40977956,Samir Cəfərov,25/11/1999,Kişi,Orta məktəb,İşsiz,48,Nağd istehlak krediti,389,şəxsi istehlak məqsədi,18.45,238.0,2,Xeyr,Xeyr,Rədd edilib,Aşağı kredit reytinqi
46245791,Zülfiyyə Cəfərova,1991-02-21,qadin,Bakalavr,İşləyən,1666,Nağd istehlak krediti,16277 AZN,məişət avadanlığı alışı,22.14,601.0,2,Bəli,Xeyr,Təsdiqlənib,Müştərinin gəliri və krediti təsdiqləndi
38741873,Məhəmməd Cavadov,1991-11-24,,Magistr,İşləyən,3574,Avtomobil krediti,30607,tibbi xərclər,23.75,1502.0,3,Bəli,Xeyr,Təsdiqlənib,Müştərinin gəliri və krediti təsdiqləndi
47591997,Nərmin İsmayılova,1962-03-15,Qadın,Orta məktəb,İşsiz,207,Nağd istehlak krediti,887,təmir,18.4,121.0,1,Xeyr,Xeyr,Rədd edilib,Aşağı kredit reytinqi
94374560,Məhəmməd Rzayev,1983-08-06,K,Bakalavr tehsili,İşləyən,2114,Nağd istehlak krediti,12939,şəxsi istehlak məqsədi,23.52,878.0,1,Xeyr,Xeyr,Təsdiqlənib,Müştərinin gəliri və krediti təsdiqləndi
86449267,Aysel Əhmədova,07-23-88,,Bakalvar tehsili,İşləyən,3380,Nağd istehlak kriditi,4513 AZN,məişət avadanlığı alışı,19.63,1407.0,3,Bəli,Xeyr,Təsdiqlənib,Bütün sənədlər qaydasındadır
40743145,Məryəm Rüstəmova,2003-12-24,Qadın,Bakalavr tehsili,Tələbə,108,Təhsil krediti,720,dövriyyə vəsaitlərinin artırılması - Biznes krediti,20.75,560.0,0,Bəli,Xeyr,Təsdiqlənib,Bütün sənədlər qaydasındadır | Yoxlayıcı_ID: 794
44279258,Fərid Abdullayev,1998-08-03,,Magistr,İşləyən,3009,Nağd istehlak krediti,12247,məişət avadanlığı alışı,23.42,853.0,0,,Xeyr,Təsdiqlənib,Müştərinin gəliri və krediti təsdiqləndi
11007946,Lalə Məmmədova,11-19-90,qadin,Magistr,Sahibkar,3891,Mikro kredit,26797,dövriyyə vəsaitlərinin artırılması - Biznes krediti,22.24,871.0,6,Xeyr,Xeyr,Təsdiqlənib,'Qara siyahı'da olmaq
33996973,Samir Sultanov,2006-03-27,,Bakalavr tehsili,Tələbə,,Təhsil krediti,756 manat,Təmir,19.52,658.0,0,,Xeyr,Təsdiqlənib,Bütün sənədlər qaydasındadır | Yoxlayıcı_ID: 674
47267877,Sahil Məmmədov,1996-05-26,Kişi,Magistr,İşləyən,2432,Nağd istehlak krediti,13940,tibbi xərclər,12.52,516.0,1,Bəli,Xeyr,Təsdiqlənib,Bütün sənədlər qaydasındadır
17976101,Günel Qasımova,01-27-92,Q,Bakalavr,Sahibkar,9275,Mikro kredit,59306,dövriyyə vəsaitlərinin artırılması - Biznes krediti,17.99,1784.0,4,Xeyr,Xeyr,Təsdiqlənib,Bütün sənədlər qaydasındadır | Yoxlayıcı_ID: 326
45272546,Murad Rəhimov,06-04-84,,Magistr,İşləyən,1891,Nağd istehlak krediti,5212,şəxsi istehlak məqsədi,14.01,1180.0,0,,Xeyr,Təsdiqlənib,Müştərinin gəliri və krediti təsdiqləndi | Yoxlayıcı_ID: 265
11820484,Əli Abdullayev,14/12/1985,,Orta məktəb,İşsiz,181,Nağd istehlak krediti,442,təmir,24.23,491.0,1,Xeyr,Xeyr,Rədd edilib,Aşağı kredit reytinqi
89340820, Hüseyn Sultanov ,2006-06-02,,Magistr,Tələbə,190,Təhsil krediti,1042,əsas vəsaitlərin alınması - Biznes krediti,24.32,369.0,0,,Xeyr,Rədd edilib,Aşağı kredit reytinqi
56461859,Kəmalə Məmmədova,09/12/1980,Q,Bakalavr tehsili,İşləyən,1655,Nağd istehlak krediti,16117,təmir,17.75,1029.0,4,Xeyr,Xeyr,Təsdiqlənib,Səhv və ya natamam müraciət | Yoxlayıcı_ID: 941
31639559,Məryəm Tağıyeva,1979-01-07,Qadın,Bakalavr tehsili,İşləyən,3741,Nağd istehlak krediti,8295,toy xərcləri,24.21,,3,Bəli,Xeyr,Təsdiqlənib,Bütün sənədlər qaydasındadır
58738463,Cavid Əhmədov,12-28-90, kişi ,Magistr,İşləyən,1372,Avtomobil krediti,25244,məişət avadanlığı alışı,23.08,1090.0,4,Bəli,Xeyr,Təsdiqlənib,Bütün sənədlər qaydasındadır
45754842,Hüseyn Abdullayev,1998-06-07,,Bakalavr tehsili,İşləyən,2040 AZN,Nağd istehlak krediti,7554,təmir,14.04,1187.0,3,Xeyr,Xeyr,Təsdiqlənib,Müştərinin gəliri və krediti təsdiqləndi
44874189,Nigar İbrahimova,05-11-78,,Bakalavr,İşləyən,3219,Nağd istehlak krediti,17009 AZN,şəxsi istehlak məqsədi,20.49,,0,,Xeyr,Təsdiqlənib,Bütün sənədlər qaydasındadır
26452550,Sahil Hüseynov,10-03-75,,Magistr,Sahibkar,,Mikro kredit,24161,dövriyyə vəsaitlərinin artırılması - Biznes krediti,19.5,1609.0,6,Bəli,Xeyr,Təsdiqlənib,Müştərinin gəliri və krediti təsdiqləndi
71622426,Samir Rzayev,03/06/1972,Kişi,Bakalavr,İşləyən,1464,Avtomobil krediti,12503,məişət avadanlığı alışı,14.36,474.0,4,Bəli,Xeyr,Rədd edilib,Aşağı kredit reytinqi
42951286,Sahil Tağıyev,24/04/1982,K,Magistr,Sahibkar,9432,Mikro kredit,72941,dövriyyə vəsaitlərinin artırılması - Biznes krediti,15.46,1217.0,7,Xeyr,Xeyr,Təsdiqlənib,Müştərinin gəliri və krediti təsdiqləndi
23089244,Fatimə İbrahimova,29/06/1995,qadin,Bakalavr tehsili,İşləyən,1301,Nağd istehlak krediti,3046,məişət avadanlığı alışı,13.3,1069.0,1,Bəli,Xeyr,Təsdiqlənib,Bütün sənədlər qaydasındadır
29557732,Zülfiyyə Məmmədova,2005-04-07,Qadın,Bakalavr,Tələbə,208,Təhsil krediti,1849,dövriyyə vəsaitlərinin artırılması - Biznes krediti,19.16,730.0,1,Xeyr,Xeyr,Təsdiqlənib,Müştərinin gəliri və krediti təsdiqləndi
90963185,Hüseyn Əhmədov,1982-07-29, kişi ,Magistr,İşləyən,2234,Nağd istehlak krediti,1955,məişət avadanlığı alışı,22.19,582.0,2,Xeyr,Bəli,Rədd edilib,'Qara siyahı'da olmaq
80328379,Lalə Əliyeva,2004-08-30,Qadın,Bakalavr,Tələbə,231 manat,Təhsil krediti,1177,əsas vəsaitlərin alınması - Biznes krediti,13.09,,0,,Xeyr,Rədd edilib,Aşağı kredit reytinqi
23463399,Uğur Hüseynov,13/01/2002,,Bakalavr tehsili,İşləyən,3178,Nağd istehlak krediti,2549,məişət avadanlığı alışı,24.08,752.0,3,Xeyr,Xeyr,Təsdiqlənib,Müştərinin gəliri və krediti təsdiqləndi | Yoxlayıcı_ID: 580
21676273,Fidan İsmayılova,24/12/1974,qadin,Bakalavr tehsili,İşləyən,2957,Nağd istehlak krediti,19152,təmir,17.4,1144.0,1,Bəli,Xeyr,Təsdiqlənib,Müştərinin gəliri və krediti təsdiqləndi | Yoxlayıcı_ID: 824
14441086,Aysel Cəfərova,02/09/1972,qadin,Bakalavr tehsili,İşləyən,2383,Nağd istehlak krediti,11411,məişət avadanlığı alışı,23.98,826.0,3,Xeyr,Xeyr,Təsdiqlənib,Bütün sənədlər qaydasındadır
33701146,Babayeva Aydan,1971-07-12,qadin,Orta məktəb,İşsiz,96,Nağd istehlak krediti,923,şəxsi istehlak məqsədi,14.21,,1,Bəli,Xeyr,Rədd edilib,Aşağı kredit reytinqi
32866573,Elvin Sultanov,05-27-71, kişi ,Magistr,İşləyən,1110,Nağd istehlak krediti,7035,toy xərcləri,23.34,815.0,3,Bəli,Xeyr,Təsdiqlənib,Bütün sənədlər qaydasındadır
40098421,Sahil Rzayev,07/02/1991,,Bakalavr tehsili,İşləyən,2877,Nağd istehlak krediti,16230,tibbi xərclər,21.0,619.0,2,Bəli,Xeyr,Təsdiqlənib,Müştərinin gəliri və krediti təsdiqləndi
68754530,Zülfiyyə Nəsirova,18/05/1975,Qadın,Bakalavr tehsili,İşləyən,804,Nağd istehlak krediti,3156,məişət avadanlığı alışı,23.61,560.0,1,Xeyr,Xeyr,Təsdiqlənib,Bütün sənədlər qaydasındadır | Yoxlayıcı_ID: 118
92715713,Nəsirov Orxan,1975-04-28,,Orta məktəb,İşsiz,59,Nağd istehlak krediti,791,tibbi xərclər,11.01,362.0,2,Bəli,Xeyr,Rədd edilib,Aşağı kredit reytinqi
12270112,Fatimə Əliyeva,02/10/1975,Qadın,Bakalavr tehsili,İşləyən,2989,Nağd istehlak krediti,1088,məişət avadanlığı alışı,19.33,1507.0,1,Xeyr,Xeyr,Təsdiqlənib,Müştərinin gəliri və krediti təsdiqləndi
97196120,Murad Əhmədov,1978-12-23,Kişi,Bakalavr tehsili,İşləyən,2710,Avtomobil krediti,10344,şəxsi istehlak məqsədi,24.41,1169.0,2,Bəli,Xeyr,Təsdiqlənib,Bütün sənədlər qaydasındadır
11231439,Rəşad Nəsirov,1979-11-22,Kişi,Magistr,İşləyən,1371,Nağd istehlak krediti,4616,məişət avadanlığı alışı,22.78,1510.0,1,Xeyr,Xeyr,Təsdiqlənib,Bütün sənədlər qaydasındadır
54761435,Aydan Babayeva,10-24-77,qadin,Bakalavr tehsili,İşləyən,1261,Nağd istehlak krediti,6881,tibbi xərclər,23.67,811.0,2,Xeyr,Xeyr,Təsdiqlənib,Bütün sənədlər qaydasındadır
34167837,Şəbnəm Əhmədova,03-31-78,Q,Bakalavr,Sahibkar,8007,Mikro kredit,55654,dövriyyə vəsaitlərinin artırılması - Biznes krediti,15.73,1058.0,2,Xeyr,Xeyr,Təsdiqlənib,Bütün sənədlər qaydasındadır
74040410,Sevinc Məmmədova,2007-09-30,Q,Bakalavr tehsili,Tələbə,197,Təhsil krediti,1937,əsas vəsaitlərin alınması - Biznes krediti,12.86,773.0,0,,Xeyr,Təsdiqlənib,Müştərinin gəliri və krediti təsdiqləndi
67204180,Cəfərova Fidan,05-29-72,,Orta məktəb,İşsiz,314,Nağd istehlak krediti,554,təmir,18.49,172.0,0,,Bəli,Rədd edilib,'Qara siyahı'da olmaq
76906417,Kamal Tağıyev,06-16-78,,Bakalavr tehsili,İşləyən,1570 manat,Avtomobil krediti,37850,məişət avadanlığı alışı,21.38,644.0,3,Bəli,Xeyr,Rədd edilib,Gəlir çatışmazlığı
66410142,Ləman Abdullayeva,11/09/1997,Qadın,Bakalavr,İşləyən,2259,Nağd istehlak krediti,16072,təmir,22.84,951.0,3,Bəli,Xeyr,Təsdiqlənib,Bütün sənədlər qaydasındadır
91613837,Ayan İsmayılova,05-08-03,,Bakalavr,Tələbə,136 AZN,Təhsil krediti,1678,dövriyyə vəsaitlərinin artırılması - Biznes krediti,22.44,321.0,0,,Xeyr,Rədd edilib,Aşağı kredit reytinqi | Yoxlayıcı_ID: 972
35563501,Ləman Rüstəmova,1964-02-27,,Orta məktəb,İşsiz,,Nağd istehlak krediti,384,toy xərcləri,13.39,365.0,1,Bəli,Xeyr,Rədd edilib,Aşağı kredit reytinqi
36720935,Zeynəb Səfərova,1984-04-25,Q,Bakalavr tehsili,Sahibkar,4221,Mikro kredit,98366,Biznes krediti,14.66,1018.0,7,Xeyr,Xeyr,Təsdiqlənib,Müştərinin gəliri və krediti təsdiqləndi
13100065,Sahil Quliyev,1970-04-10,,Bakalavr tehsili,Sahibkar,9101,Mikro kredit,92476,Biznes krediti,15.2,1707.0,3,Bəli,Xeyr,Təsdiqlənib,Müştərinin gəliri və krediti təsdiqləndi
38245161,Rəna Vəliyeva,25/10/1974,Qadın,Bakalavr,İşləyən,2087,Nağd istehlak krediti,16310,toy xərcləri,12.1,1431.0,2,Xeyr,Xeyr,Təsdiqlənib,Bütün sənədlər qaydasındadır | Yoxlayıcı_ID: 660
17938904, Rəna Sultanova ,1982-02-18,qadin,Bakalavr,İşləyən,2194,Nağd istehlak krediti,10378,məişət avadanlığı alışı,16.01,820.0,2,Bəli,Xeyr,Təsdiqlənib,Bütün sənədlər qaydasındadır
45857254,Aydan İbrahimova,1966-06-05,Qadın,Bakalavr,Sahibkar,4201,Mikro kredit,"29,145",Biznes krediti,21.37,1721.0,4,Xeyr,Xeyr,Təsdiqlənib,Müştərinin gəliri və krediti təsdiqləndi
76415826,Sahil Tağıyev,1976-10-02,K,Bakalavr,İşləyən,3850,Nağd istehlak krediti,4022,tibbi xərclər,17.2,,1,Xeyr,Xeyr,Təsdiqlənib,Bütün sənədlər qaydasındadır
53447025,Əli Əliyev,02/06/1997, kişi ,Bakalavr tehsili,İşləyən,2551 AZN,Nağd istehlak krediti,8784,təmir,23.57,735.0,3,Bəli,Xeyr,Təsdiqlənib,Müştərinin gəliri və krediti təsdiqləndi
88464889,Fərid Abdullayev,05-02-67,K,Orta məktəb,İşsiz,374,Nağd istehlak krediti,351,təmir,24.8,351.0,1,Xeyr,Xeyr,Rədd edilib,Aşağı kredit reytinqi | Yoxlayıcı_ID: 895
17712171,Rauf Səfərov,1968-12-12, kişi ,Magistr,Sahibkar,6811,Mikro kredit,47535,dövriyyə vəsaitlərinin artırılması - Biznes krediti,11.97,1553.0,3,Xeyr,Xeyr,Təsdiqlənib,Müştərinin gəliri və krediti təsdiqləndi
77596762,Zeynəb Sultanova,01/06/1978,,Bakalavr tehsili,Sahibkar,2628,Mikro kredit,96517,dövriyyə vəsaitlərinin artırılması - Biznes krediti,16.65,1747.0,2,Xeyr,Xeyr,Rədd edilib,Gəlir çatışmazlığı
12887391,Murad Cəfərov,2003-07-09,K,Bakalavr tehsili,Tələbə,115,Təhsil krediti,1123,Biznes krediti,24.59,252.0,0,,Xeyr,Təsdiqlənib,Aşağı kredit reytinqi
17366129,Aydan Abdullayeva,1991-08-14,Q,Bakalavr,İşləyən,3319,Avtomobil krediti,27211,toy xərcləri,14.45,1528.0,0,,Xeyr,Təsdiqlənib,Bütün sənədlər qaydasındadır
35190578,Anar İsmayılov,2002-12-03,Kişi,Bakalavr tehsili,Tələbə,193,Təhsil krediti,2417,dövriyyə vəsaitlərinin artırılması - Biznes krediti,14.6,339.0,1,Xeyr,Xeyr,Rədd edilib,Aşağı kredit reytinqi | Yoxlayıcı_ID: 970
73636838,Murad İsmayılov,1986-05-16,Kişi,Bakalavr tehsili,Sahibkar,5553,Mikro kredit,64406,əsas vəsaitlərin alınması - Biznes krediti,16.5,1547.0,7,Xeyr,Xeyr,Təsdiqlənib,Bütün sənədlər qaydasındadır
68609721,Rəşad Cavadov,20/03/2004,,Bakalavr,Tələbə,107,Təhsil krediti,2673,dövriyyə vəsaitlərinin artırılması - Biznes krediti,16.88,461.0,1,Bəli,Xeyr,Rədd edilib,Aşağı kredit reytinqi
81145364,Ayan Tağıyeva,01-03-82,,Bakalavr,İşləyən,3959,Avtomobil krediti,24806,şəxsi istehlak məqsədi,11.08,1017.0,0,,Xeyr,Təsdiqlənib,Müştərinin gəliri və krediti təsdiqləndi | Yoxlayıcı_ID: 135
43248121,Nihat Tağıyev,10-01-95,Kişi,Magistr,İşləyən,3985,Nağd istehlak krediti,9049,məişət avadanlığı alışı,18.36,460.0,1,Bəli,Xeyr,Rədd edilib,Aşağı kredit reytinqi
72848719,Uğur Sultanov,04-06-80,K,Magistr,İşləyən,1990,Avtomobil krediti,27051 manat,toy xərcləri,16.97,1305.0,1,Bəli,Xeyr,Təsdiqlənib,Bütün sənədlər qaydasındadır
24112445,Ramin Vəliyev,05/04/1968, kişi ,Orta məktəb,İşsiz,251,Nağd istehlak krediti,682,toy xərcləri,23.94,276.0,1,Xeyr,Bəli,Rədd edilib,'Qara siyahı'da olmaq | Yoxlayıcı_ID: 308
97684184,Zülfiyyə Rzayeva,2006-03-21,,Bakalavr,Tələbə,141,Təhsil kriditi,1483,dövriyyə vəsaitlərinin artırılması - Biznes krediti,21.12,608.0,0,,Xeyr,Təsdiqlənib,Müştərinin gəliri və krediti təsdiqləndi
61156457,Nəsirov Emin,15/02/1991,K,Bakalavr tehsili,Sahibkar,8000,Mikro kredit,63721,Biznes krediti,24.84,948.0,5,Xeyr,Xeyr,Təsdiqlənib,Müştərinin gəliri və krediti təsdiqləndi | Yoxlayıcı_ID: 247
32692529,Hüseyn Cavadov,1978-10-03,Kişi,Magistr,Sahibkar,6093,Mikro kredit,13070,dövriyyə vəsaitlərinin artırılması - Biznes krediti,16.57,1434.0,4,Xeyr,Xeyr,Təsdiqlənib,Bütün sənədlər qaydasındadır | Yoxlayıcı_ID: 588
38563394,Fərid Babayev,05/09/1978,K,Magistr,Sahibkar,5790,Mikro kredit,70148,əsas vəsaitlərin alınması - Biznes krediti,11.61,1050.0,5,Xeyr,Xeyr,Təsdiqlənib,Bütün sənədlər qaydasındadır
70169431,Fidan Cəfərova,1973-05-05,Qadın,Bakalavr tehsili,İşləyən,1494,Avtomobil krediti,26189,təmir,15.86,438.0,1,Bəli,Xeyr,Rədd edilib,Aşağı kredit reytinqi
24964208,Məmmədov Kamal,23/11/2004,,Bakalavr,Tələbə,259,Təhsil krediti,2405,əsas vəsaitlərin alınması - Biznes krediti,22.82,718.0,0,,Xeyr,Təsdiqlənib,Müştərinin gəliri və krediti təsdiqləndi
54353669,Rəna Sultanova,1992-05-09,qadin,Orta məktəb,İşsiz,314,Nağd istehlak krediti,811,tibbi xərclər,17.77,487.0,2,Bəli,Xeyr,Rədd edilib,Aşağı kredit reytinqi
55466838, Aysel Rzayeva ,2002-11-08,,Magistr,Tələbə,347599,Təhsil krediti,1440,Biznes krediti,11.01,509.0,0,,Xeyr,Təsdiqlənib,Müştərinin gəliri və krediti təsdiqləndi
17821120,Nigar Məmmədova,01-22-06,,Bakalavr,Tələbə,151,Təhsil kriditi,1077 manat,əsas vəsaitlərin alınması - Biznes krediti,19.34,679.0,1,Xeyr,Xeyr,Təsdiqlənib,Bütün sənədlər qaydasındadır | Yoxlayıcı_ID: 618
96791426,Şəbnəm Vəliyeva,09-20-03,qadin,Magistr,Tələbə,103,Təhsil krediti,1212,əsas vəsaitlərin alınması - Biznes krediti,17.21,566.0,1,Bəli,Xeyr,Təsdiqlənib,Müştərinin gəliri və krediti təsdiqləndi
79158183,Fatimə İbrahimova,1979-07-22,Qadın,Bakalavr tehsili,Sahibkar,3992,Mikro kredit,16971,dövriyyə vəsaitlərinin artırılması - Biznes krediti,13.93,1076.0,6,Bəli,Xeyr,Təsdiqlənib,İş stajı yetərsizdir
32740928,Rauf Rüstəmov,17/06/1979,Kişi,Bakalavr,İşləyən,1215,Nağd istehlak krediti,18792,tibbi xərclər,17.83,1117.0,1,Bəli,Xeyr,Təsdiqlənib,Müştərinin gəliri və krediti təsdiqləndi | Yoxlayıcı_ID: 103
83505406,Tural Əliyev,06-09-82,K,Orta məktəb,İşsiz,379,Nağd istehlak krediti,473,toy xərcləri,12.15,329.0,2,Xeyr,Xeyr,Rədd edilib,Aşağı kredit reytinqi | Yoxlayıcı_ID: 815
61937293,Hüseyn Babayev,19/07/1984, kişi ,Magistr,İşləyən,3738 AZN,Nağd istehlak krediti,6604,toy xərcləri,20.59,1577.0,2,Bəli,Xeyr,Təsdiqlənib,Bütün sənədlər qaydasındadır
64859850,Məhəmməd Abdullayev,05-15-75,,Magistr,İşləyən,3208,Nağd istehlak krediti,9251,şəxsi istehlak məqsədi,23.67,984.0,4,Xeyr,Xeyr,Təsdiqlənib,Müştərinin gəliri və krediti təsdiqləndi | Yoxlayıcı_ID: 477
93456695,Nərmin Sultanova,11/07/2006,,Bakalavr,Tələbə,199,Təhsil krediti,670,dövriyyə vəsaitlərinin artırılması - Biznes krediti,21.83,503.0,0,,Xeyr,Təsdiqlənib,Bütün sənədlər qaydasındadır
61267966,Nigar İbrahimova,1977-04-13,Qadın,Bakalavr tehsili,İşləyən,989,Nağd istehlak krediti,6081,məişət avadanlığı alışı,15.49,1056.0,4,Xeyr,Xeyr,Təsdiqlənib,Bütün sənədlər qaydasındadır
57186099,Rauf Babayev,1983-04-03,Kişi,Bakalavr tehsili,Sahibkar,5861,Mikro kredit,29106,Biznes krediti,22.34,1725.0,5,Bəli,Xeyr,Təsdiqlənib,Müştərinin gəliri və krediti təsdiqləndi | Yoxlayıcı_ID: 978
81193500,Cavid Əhmədov,10-10-80,Kişi,Bakalavr,İşləyən,1545,Nağd istehlak krediti,19613,toy xərcləri,16.72,1548.0,1,Xeyr,Xeyr,Təsdiqlənib,Müştərinin gəliri və krediti təsdiqləndi
58837463,Tural İsmayılov,03-04-06,K,Bakalavr,Tələbə,141,Təhsil krediti,2943,əsas vəsaitlərin alınması - Biznes krediti,12.19,236.0,1,Xeyr,Xeyr,Rədd edilib,Aşağı kredit reytinqi
62380398,Rauf Qasımov,1964-04-29, kişi ,Orta məktəb,İşsiz,380,Nağd istehlak krediti,652 AZN,məişət avadanlığı alışı,17.22,515.0,1,Xeyr,Bəli,Rədd edilib,'Qara siyahı'da olmaq
90917630,Fərid Nəsirov,24/07/1976,Kişi,Bakalavr,İşləyən,2725,Nağd istehlak krediti,10731,tibbi xərclər,12.82,1537.0,1,Xeyr,Xeyr,Təsdiqlənib,Bütün sənədlər qaydasındadır
66848375,Məhəmməd Əhmədov,1989-02-03,K,Magistr,İşləyən,2570,Avtomobil krediti,39764,məişət avadanlığı alışı,20.0,423.0,2,Xeyr,Xeyr,Rədd edilib,Aşağı kredit reytinqi
66254589,Zeynəb Qasımova,23/07/1984,,Magistr,Sahibkar,9886,Mikro kredit,58798,dövriyyə vəsaitlərinin artırılması - Biznes krediti,12.75,813.0,7,Xeyr,Xeyr,Təsdiqlənib,Müştərinin gəliri və krediti təsdiqləndi
90993519,Elvin Cəfərov,1976-04-09,Kişi,Magistr,İşləyən,"1,887",Nağd istehlak krediti,976,məişət avadanlığı alışı,24.8,1323.0,2,Bəli,Xeyr,Təsdiqlənib,Bütün sənədlər qaydasındadır
65974927,Zülfiyyə Sultanova,28/12/1975,Q,Orta məktəb,İşsiz,333,Nağd istehlak krediti,837,şəxsi istehlak məqsədi,15.05,178.0,0,,Xeyr,Rədd edilib,Aşağı kredit reytinqi
23292798,günel babayeva,1984-07-24,Qadın,Magistr,Sahibkar,9326,Mikro kredit,77331,Biznes krediti,13.69,1275.0,5,Xeyr,Xeyr,Təsdiqlənib,Müştərinin gəliri və krediti təsdiqləndi
64982844,Orxan Rüstəmov,1979-08-04,Kişi,Magistr,Sahibkar,7212,Mikro kredit,69667,Biznes krediti,24.4,1727.0,8,Bəli,Xeyr,Təsdiqlənib,Müştərinin gəliri və krediti təsdiqləndi
29790611,Emin Tağıyev,1989-11-30,K,Bakalavr,İşləyən,3280,Nağd istehlak krediti,10252,məişət avadanlığı alışı,14.13,1285.0,0,,Xeyr,Təsdiqlənib,Müştərinin gəliri və krediti təsdiqləndi | Yoxlayıcı_ID: 113
13344758,Zülfiyyə Babayeva,12/03/2005,qadin,Magistr,Tələbə,125 manat,Təhsil krediti,1570 AZN,Biznes krediti,19.63,,0,,Xeyr,Rədd edilib,Aşağı kredit reytinqi | Yoxlayıcı_ID: 102
12149003,Emin Rüstəmov,30/08/1999,Kişi,Bakalavr,İşləyən,3754,Nağd istehlak krediti,868,tibbi xərclər,12.2,1474.0,0,,Xeyr,Təsdiqlənib,Bütün sənədlər qaydasındadır
34106591,Nigar İsmayılova,14/02/1986,Q,Bakalavr tehsili,İşləyən,3940,Avtomobil krediti,24690,təmir,17.36,675.0,3,Xeyr,Xeyr,Təsdiqlənib,Bütün sənədlər qaydasındadır
13905670,Hüseyn İbrahimov,08-06-69,Kişi,Magistr,Sahibkar,,Mikro kredit,59120,əsas vəsaitlərin alınması - Biznes krediti,13.87,1013.0,5,Xeyr,Xeyr,Təsdiqlənib,Bütün sənədlər qaydasındadır
37989557,Nigar Səfərova,2007-04-27,Qadın,Magistr,Tələbə,148,Təhsil krediti,2807,əsas vəsaitlərin alınması - Biznes krediti,23.6,645.0,0,,Xeyr,Təsdiqlənib,İş stajı yetərsizdir
77057708,Cavid İsmayılov,1978-06-27,,Orta məktəb,İşsiz,379,Nağd istehlak krediti,638,toy xərcləri,15.6,397.0,1,Bəli,Bəli,Rədd edilib,'Qara siyahı'da olmaq
82970533,Səbinə Qasımova,2004-06-09,qadin,Bakalavr tehsili,Tələbə,200,Təhsil krediti,1400,Biznes krediti,21.4,685.0,0,,Xeyr,Təsdiqlənib,Müştərinin gəliri və krediti təsdiqləndi
95442286,Nigar Vəliyeva,10/03/2006,,Magistr,Tələbə,196,Təhsil krediti,2536,əsas vəsaitlərin alınması - Biznes krediti,22.25,519.0,1,Xeyr,Xeyr,Təsdiqlənib,Müştərinin gəliri və krediti təsdiqləndi
94224757,Fərid Nəsirov,1974-10-23,,Magistr,İşləyən,2620,Nağd istehlak krediti,14334,şəxsi istehlak məqsədi,13.06,418.0,4,Bəli,Xeyr,Rədd edilib,Aşağı kredit reytinqi | Yoxlayıcı_ID: 488
51490955,Anar Sultanov,02/10/2005,,Bakalavr tehsili,Tələbə,141,Təhsil krediti,2684,əsas vəsaitlərin alınması - Biznes krediti,23.83,439.0,0,,Xeyr,Rədd edilib,Aşağı kredit reytinqi | Yoxlayıcı_ID: 488
52813448,Ləman İbrahimova,12/10/2006,qadin,Bakalavr tehsili,Tələbə,120,Təhsil krediti,1167,əsas vəsaitlərin alınması - Biznes krediti,18.52,319.0,0,,Xeyr,Rədd edilib,Aşağı kredit reytinqi
48221625,Aylin Hüseynova,10/11/1997,Qadın,Orta məktəb,İşsiz,391,Nağd istehlak krediti,683,toy xərcləri,18.43,416.0,1,Bəli,Xeyr,Rədd edilib,Aşağı kredit reytinqi
15253766,Rauf Sultanov,1999-03-25,Kişi,Magistr,İşləyən,2215,Nağd istehlak krediti,2790,təmir,16.69,,0,,Xeyr,Rədd edilib,Aşağı kredit reytinqi
13090052, Emin İbrahimov ,1985-11-01,,Bakalavr,Sahibkar,2736,Mikro kredit,69060,əsas vəsaitlərin alınması - Biznes krediti,14.11,1750.0,5,Bəli,Xeyr,Rədd edilib,Gəlir çatışmazlığı
69124624,Kəmalə İsmayılova,1996-02-13,Q,Orta məktəb,İşsiz,189,Nağd istehlak krediti,311,tibbi xərclər,22.93,258.0,2,Bəli,Xeyr,Rədd edilib,Aşağı kredit reytinqi
56041290,Sahil Vəliyev,29/07/1998,K,Bakalavr tehsili,İşləyən,3476,Nağd istehlak krediti,7639,toy xərcləri,14.95,401.0,3,Bəli,Xeyr,Rədd edilib,Aşağı kredit reytinqi
87857050,Samir Tağıyev,31/08/2003,,Bakalavr tehsili,Tələbə,248,Təhsil krediti,2871,əsas vəsaitlərin alınması - Biznes krediti,22.03,708.0,0,,Xeyr,Təsdiqlənib,Bütün sənədlər qaydasındadır
69020933,Zeynəb Səfərova,1973-03-06,qadin,Orta məktəb,İşsiz,398,Nağd istehlak krediti,398,şəxsi istehlak məqsədi,14.2,169.0,1,Xeyr,Xeyr,Təsdiqlənib,Aşağı kredit reytinqi
23038832,Aydan Qasımova,24/07/1986,Q,Bakalavr,İşləyən,1798,Nağd istehlak krediti,19730,tibbi xərclər,24.84,1460.0,2,Xeyr,Xeyr,Təsdiqlənib,Müştərinin gəliri və krediti təsdiqləndi
50376531,Aysel Qasımova,05-07-77,qadin,Magistr,İşləyən,1585,Avtomobil krediti,12030,toy xərcləri,11.61,684.0,3,Bəli,Xeyr,Təsdiqlənib,Bütün sənədlər qaydasındadır
71025572,Emin İbrahimov,07-19-99,,Bakalavr,İşləyən,3835,Avtomobil krediti,37924,toy xərcləri,18.19,1421.0,4,Bəli,Xeyr,Təsdiqlənib,Müştərinin gəliri və krediti təsdiqləndi | Yoxlayıcı_ID: 988
66202642,Aydan Babayeva,26/09/1983,Q,Bakalavr,İşləyən,2226,Avtomobil krediti,8644,məişət avadanlığı alışı,24.0,1079.0,1,Xeyr,Xeyr,Təsdiqlənib,Bütün sənədlər qaydasındadır
90682274,Uğur Rzayev,1984-12-12,K,Bakalavr,İşləyən,3296,Nağd istehlak krediti,12067,təmir,15.31,626.0,2,Xeyr,Xeyr,Təsdiqlənib,Müştərinin gəliri və krediti təsdiqləndi
39544748,Kəmalə İbrahimova,2002-08-02,,Bakalavr tehsili,İşləyən,2457,Nağd istehlak krediti,8474,məişət avadanlığı alışı,17.63,667.0,3,Xeyr,Xeyr,Təsdiqlənib,Müştərinin gəliri və krediti təsdiqləndi
19399784,Sahil Cavadov,1967-11-14,Kişi,Orta məktəb,İşsiz,242,Nağd istehlak krediti,450,şəxsi istehlak məqsədi,12.67,310.0,1,Bəli,Xeyr,Rədd edilib,Aşağı kredit reytinqi
79718567,Tural Babayev,1975-12-17,Kişi,Bakalavr tehsili,Sahibkar,7588,Mikro kredit,80631,Biznes krediti,17.26,1054.0,3,Bəli,Xeyr,Təsdiqlənib,Bütün sənədlər qaydasındadır
85539997,orxan məmmədov,03/10/1968,K,Bakalavr,Sahibkar,7500,Mikro kredit,66489,əsas vəsaitlərin alınması - Biznes krediti,18.6,1723.0,6,Bəli,Xeyr,Təsdiqlənib,Müştərinin gəliri və krediti təsdiqləndi
92691285,Fidan Vəliyeva,1995-12-09,Qadın,Magistr,İşləyən,3814,Nağd istehlak krediti,6278,məişət avadanlığı alışı,24.81,821.0,4,Bəli,Xeyr,Təsdiqlənib,Bütün sənədlər qaydasındadır
12319099,Nigar Rüstəmova,24/08/2007,,Bakalavr,Tələbə,146,Təhsil krediti,1462,əsas vəsaitlərin alınması - Biznes krediti,18.26,718.0,0,,Xeyr,Təsdiqlənib,Müştərinin gəliri və krediti təsdiqləndi
14252170,Zülfiyyə İbrahimova,1984-08-10,,Bakalavr tehsili,İşləyən,1996,Nağd istehlak krediti,1232,toy xərcləri,18.81,1556.0,3,Bəli,Xeyr,Təsdiqlənib,Bütün sənədlər qaydasındadır
81473817,Tural Nəsirov,1997-04-20, kişi ,Magistr,İşləyən,3668,Nağd istehlak krediti,"2,121",şəxsi istehlak məqsədi,14.52,1190.0,3,Xeyr,Xeyr,Təsdiqlənib,Müştərinin gəliri və krediti təsdiqləndi | Yoxlayıcı_ID: 687
53768111,Sahil Məmmədov,1974-02-21, kişi ,Bakalavr tehsili,İşləyən,2298,Nağd istehlak krediti,5492,məişət avadanlığı alışı,12.74,950.0,4,Xeyr,Xeyr,Təsdiqlənib,Bütün sənədlər qaydasındadır
30008274,Şəbnəm Abdullayeva,1995-02-04,Q,Bakalavr,İşləyən,1982,Nağd istehlak krediti,15551,şəxsi istehlak məqsədi,22.38,665.0,2,Bəli,Xeyr,Təsdiqlənib,İş stajı yetərsizdir
83117013,Aydan Qasımova,2006-06-03,,Bakalavr,Tələbə,108,Təhsil krediti,902,Biznes krediti,22.19,720.0,0,,Xeyr,Təsdiqlənib,Müştərinin gəliri və krediti təsdiqləndi
75642569,Lalə Qasımova,2005-01-11,,Bakalavr,Tələbə,152,Təhsil krediti,2127,əsas vəsaitlərin alınması - Biznes krediti,22.91,579.0,1,Bəli,Xeyr,Təsdiqlənib,Müştərinin gəliri və krediti təsdiqləndi
48139026,Günel Abdullayeva,2005-12-19,qadin,Magistr,Tələbə,121,Təhsil krediti,2148,Biznes krediti,24.07,790.0,0,,Xeyr,Təsdiqlənib,Bütün sənədlər qaydasındadır | Yoxlayıcı_ID: 224
37154051,Lalə Rzayeva,09/02/1964,Qadın,Orta məktəb,İşsiz,277,Nağd istehlak krediti,695,şəxsi istehlak məqsədi,18.15,468.0,2,Xeyr,Xeyr,Rədd edilib,Aşağı kredit reytinqi | Yoxlayıcı_ID: 675
74628896, Elvin Rzayev ,08-27-73,Kişi,Bakalavr,İşləyən,2659,Nağd istehlak krediti,15618,məişət avadanlığı alışı,21.86,817.0,4,Bəli,Xeyr,Təsdiqlənib,Bütün sənədlər qaydasındadır
48352176,Hüseyn Məmmədov,09-30-62, kişi ,Orta məktəb,İşsiz,258,Nağd istehlak krediti,470,təmir,22.16,454.0,1,Xeyr,Xeyr,Rədd edilib,Aşağı kredit reytinqi
12963474,Fidan Nəsirova,11/09/1997,Q,Bakalavr,İşləyən,1628,Nağd istehlak krediti,1225,şəxsi istehlak məqsədi,15.82,958.0,3,Xeyr,Xeyr,Təsdiqlənib,Müştərinin gəliri və krediti təsdiqləndi
52176858,Rəşad Rüstəmov,01-04-79,K,Bakalavr,Sahibkar,2934,Mikro kredit,5154,dövriyyə vəsaitlərinin artırılması - Biznes krediti,21.03,1325.0,2,Bəli,Xeyr,Təsdiqlənib,Müştərinin gəliri və krediti təsdiqləndi
81271331,Emin Əhmədov,22/04/1992,,Magistr,İşləyən,1153,Nağd istehlak krediti,5802,tibbi xərclər,14.61,436.0,2,Xeyr,Xeyr,Rədd edilib,Aşağı kredit reytinqi
98718961,Emin Nəsirov,1970-12-13,K,Magistr,İşləyən,1139,Nağd istehlak krediti,15450,tibbi xərclər,13.38,541.0,4,Bəli,Xeyr,Təsdiqlənib,Müştərinin gəliri və krediti təsdiqləndi
95033230,Orxan Rzayev,08-27-79,Kişi,Bakalavr tehsili,Sahibkar,3316,Mikro kredit,17441 manat,Biznes krediti,19.47,1048.0,6,Bəli,Xeyr,Təsdiqlənib,Müştərinin gəliri və krediti təsdiqləndi
25895640,zəhra hüseynova,1987-08-25,Q,Magistr,İşləyən,"2,007",Nağd istehlak krediti,16524,tibbi xərclər,12.73,896.0,0,,Xeyr,Təsdiqlənib,Müştərinin gəliri və krediti təsdiqləndi
29777134,Hüseyn Əliyev,1985-03-24,,Bakalavr tehsili,İşləyən,879,Nağd istehlak krediti,6233,məişət avadanlığı alışı,24.47,1245.0,1,Bəli,Xeyr,Təsdiqlənib,Müştərinin gəliri və krediti təsdiqləndi
91792701,Sahil Rəhimov,05-04-04, kişi ,Bakalavr,Tələbə,216,Təhsil krediti,1962,Biznes krediti,13.28,621.0,0,,Xeyr,Təsdiqlənib,Bütün sənədlər qaydasındadır | Yoxlayıcı_ID: 736
14327391, Samir Nəsirov ,1993-07-15,,Bakalavr tehsili,Sahibkar,,Mikro kredit,66212,Təmir,24.29,1081.0,6,Bəli,Xeyr,Təsdiqlənib,Müştərinin gəliri və krediti təsdiqləndi
25916039,nihat sultanov,2007-02-06,K,Bakalavr tehsili,Tələbə,269,Təhsil krediti,1659,Biznes krediti,23.93,382.0,0,,Xeyr,Rədd edilib,Aşağı kredit reytinqi | Yoxlayıcı_ID: 138
98261064,Ləman Cavadova,09-16-74,,Bakalavr tehsili,Sahibkar,4500,Mikro kredit,22686,Biznes krediti,20.66,1038.0,4,Bəli,Xeyr,Təsdiqlənib,Müştərinin gəliri və krediti təsdiqləndi
93536075,Sahil Vəliyev,1970-11-26, kişi ,Orta məktəb,İşsiz,62,Nağd istehlak krediti,831,təmir,18.82,581.0,0,,Bəli,Rədd edilib,'Qara siyahı'da olmaq
62437293,Fərid Vəliyev,2003-09-02,Kişi,Bakalavr tehsili,Tələbə,216,Təhsil krediti,1868,Biznes krediti,14.24,610.0,0,,Xeyr,Təsdiqlənib,Müştərinin gəliri və krediti təsdiqləndi | Yoxlayıcı_ID: 198
61135692,Hüseyn İbrahimov,13/08/1981,,Bakalavr tehsili,İşləyən,3153,Nağd istehlak krediti,"6,742",toy xərcləri,14.72,541.0,2,Bəli,Xeyr,Təsdiqlənib,Bütün sənədlər qaydasındadır
63032329,Yusif Rəhimov,01-19-00,Kişi,Bakalavr tehsili,İşləyən,1449,Avtomobil krediti,23797,şəxsi istehlak məqsədi,19.22,929.0,2,Bəli,Xeyr,Təsdiqlənib,Müştərinin gəliri və krediti təsdiqləndi
54352612,Cavid Tağıyev,07-27-06,,Bakalavr tehsili,Tələbə,269,Təhsil krediti,2279,əsas vəsaitlərin alınması - Biznes krediti,24.92,513.0,0,,Xeyr,Təsdiqlənib,Müştərinin gəliri və krediti təsdiqləndi
47715326,Əli Rəhimov,2004-11-06, kişi ,Magistr,Tələbə,299,Təhsil krediti,780,əsas vəsaitlərin alınması - Biznes krediti,19.17,763.0,1,Bəli,Xeyr,Təsdiqlənib,Müştərinin gəliri və krediti təsdiqləndi
80911992,Orxan İbrahimov,1982-12-13, kişi ,Bakalavr,Sahibkar,4660,Mikro kredit,85999,əsas vəsaitlərin alınması - Biznes krediti,22.79,876.0,2,Bəli,Xeyr,Təsdiqlənib,Müştərinin gəliri və krediti təsdiqləndi
63271247,Abdullayev Hüseyn,06-19-00,Kişi,Bakalavr,İşləyən,2537,Nağd istehlak krediti,9694,toy xərcləri,18.32,923.0,2,Bəli,Xeyr,Təsdiqlənib,Müştərinin gəliri və krediti təsdiqləndi
47439970,Quliyev Məhəmməd,1981-12-12,,Bakalavr tehsili,İşləyən,2233,Nağd istehlak krediti,9138,təmir,13.06,662.0,4,Xeyr,Xeyr,Təsdiqlənib,Bütün sənədlər qaydasındadır
70061375,Nihat Əliyev,03/01/1992, kişi ,Bakalavr tehsili,İşləyən,3087,Nağd istehlak krediti,5448,təmir,23.53,1368.0,4,Xeyr,Xeyr,Təsdiqlənib,Müştərinin gəliri və krediti təsdiqləndi
55343948,Nigar Məmmədova,2005-03-08,qadin,Bakalavr,Tələbə,160,Təhsil krediti,571,Təmir,21.65,677.0,0,,Xeyr,Təsdiqlənib,Bütün sənədlər qaydasındadır
88852074,Ramin İbrahimov,06-13-67,Kişi,Magistr,Sahibkar,4425,Mikro kredit,29767,Biznes krediti,17.37,1237.0,3,Xeyr,Xeyr,Təsdiqlənib,Bütün sənədlər qaydasındadır
18640043,Ayan Cəfərova,07-05-01,Qadın,Magistr,İşləyən,2986,Nağd istehlak krediti,2246,təmir,16.8,836.0,4,Xeyr,Xeyr,Təsdiqlənib,Bütün sənədlər qaydasındadır | Yoxlayıcı_ID: 857
18082402,Emin Sultanov,05-17-05,,Bakalavr,Tələbə,161,Təhsil krediti,2116,Biznes krediti,23.25,570.0,0,,Xeyr,Təsdiqlənib,Müştərinin gəliri və krediti təsdiqləndi | Yoxlayıcı_ID: 339
49928342,Samir Quliyev,29/06/1986,Kişi,Orta məktəb,İşsiz,111,Nağd istehlak krediti,789,toy xərcləri,11.21,229.0,1,Xeyr,Xeyr,Rədd edilib,Aşağı kredit reytinqi
82907561,Fidan Cəfərova,2007-07-27,qadin,Bakalavr tehsili,Tələbə,143,Təhsil krediti,2527,əsas vəsaitlərin alınması - Biznes krediti,14.26,302.0,1,Xeyr,Xeyr,Rədd edilib,Aşağı kredit reytinqi
35707487, Fidan İbrahimova ,1985-12-29,,Bakalavr tehsili,İşləyən,3949,Nağd istehlak krediti,7416,tibbi xərclər,21.97,809.0,3,Xeyr,Xeyr,Təsdiqlənib,Bütün sənədlər qaydasındadır
77578791,Samir Rüstəmov,21/10/1966,K,Orta məktəb,İşsiz,76,Nağd istehlak krediti,820,tibbi xərclər,22.11,591.0,1,Bəli,Xeyr,Təsdiqlənib,Müştərinin gəliri və krediti təsdiqləndi
14443319,Rauf Babayev,02-07-05,K,Bakalavr tehsili,Tələbə,151,Təhsil kriditi,1138,Biznes krediti,20.5,387.0,0,,Xeyr,Rədd edilib,Aşağı kredit reytinqi
44088796,Tural Əhmədov,06/02/1998, kişi ,Bakalavr tehsili,İşləyən,2554,Nağd istehlak krediti,14474,toy xərcləri,13.34,1380.0,2,Xeyr,Xeyr,Təsdiqlənib,Müştərinin gəliri və krediti təsdiqləndi | Yoxlayıcı_ID: 832
67880962,Aylin Rüstəmova,06/05/1982,qadin,Bakalavr,İşləyən,1749 manat,Avtomobil krediti,10490 AZN,məişət avadanlığı alışı,13.9,1203.0,4,Bəli,Xeyr,Təsdiqlənib,Müştərinin gəliri və krediti təsdiqləndi
15950172,Nərmin Sultanova,1990-02-24,Qadın,Bakalavr tehsili,İşləyən,3161,Nağd istehlak krediti,13763,toy xərcləri,23.54,1270.0,0,,Xeyr,Təsdiqlənib,Bütün sənədlər qaydasındadır
44831653,Aydan Məmmədova,1992-08-27,Qadın,Bakalavr,Sahibkar,8321,Mikro kredit,25013,Biznes krediti,16.64,1486.0,5,Xeyr,Xeyr,Təsdiqlənib,Bütün sənədlər qaydasındadır
61497462,Ramin Qasımov,01/06/1997, kişi ,Bakalavr tehsili,İşləyən,1750,Nağd istehlak krediti,16911,şəxsi istehlak məqsədi,18.11,1214.0,2,Bəli,Xeyr,Təsdiqlənib,Bütün sənədlər qaydasındadır
95424349,Kamal Vəliyev,15/10/1979,,Bakalavr tehsili,Sahibkar,,Mikro kredit,85533,əsas vəsaitlərin alınması - Biznes krediti,13.19,1102.0,2,Xeyr,Xeyr,Təsdiqlənib,Müştərinin gəliri və krediti təsdiqləndi
31841591,Nigar Əhmədova,08/09/1988,Qadın,Bakalavr,Sahibkar,8033,Mikro kredit,"58,663",əsas vəsaitlərin alınması - Biznes krediti,21.84,1713.0,6,Bəli,Xeyr,Təsdiqlənib,Müştərinin gəliri və krediti təsdiqləndi
28624563,Sevinc Əhmədova,09/06/2007,,Bakalavr tehsili,Tələbə,144,Təhsil krediti,998,dövriyyə vəsaitlərinin artırılması - Biznes krediti,11.8,580.0,0,Bəli,Xeyr,Təsdiqlənib,Bütün sənədlər qaydasındadır
50257725,Rauf Əliyev,07/02/1965,Kişi,Orta məktəb,İşsiz,59,Nağd istehlak krediti,638,tibbi xərclər,17.03,396.0,1,Xeyr,Xeyr,Rədd edilib,Aşağı kredit reytinqi
91255422,Aylin Hüseynova,11/12/1972,,Bakalavr,İşləyən,2097,Nağd istehlak krediti,"6,897",təmir,15.77,1113.0,3,Bəli,Xeyr,Təsdiqlənib,Bütün sənədlər qaydasındadır
64865815,Zülfiyyə Hüseynova,18/04/1984,,Magistr,Sahibkar,4997,Mikro kredit,12884,əsas vəsaitlərin alınması - Biznes krediti,23.79,1701.0,5,Xeyr,Xeyr,Təsdiqlənib,Bütün sənədlər qaydasındadır | Yoxlayıcı_ID: 806
86711851,Elvin Quliyev,12-09-92,K,Magistr,İşləyən,3779,Nağd istehlak krediti,10486,təmir,14.77,1581.0,4,Bəli,Xeyr,Təsdiqlənib,Müştərinin gəliri və krediti təsdiqləndi | Yoxlayıcı_ID: 306
56668899,Sahil Məmmədov,18/05/1980,Kişi,Bakalavr tehsili,İşləyən,1711,Nağd istehlak kriditi,14567,məişət avadanlığı alışı,10.9,1361.0,0,,Xeyr,Təsdiqlənib,Bütün sənədlər qaydasındadır
26697866,Zeynəb Babayeva,1988-12-15,Q,Bakalavr tehsili,Sahibkar,8541,Mikro kredit,97033,əsas vəsaitlərin alınması - Biznes krediti,21.68,1629.0,7,Xeyr,Xeyr,Təsdiqlənib,Bütün sənədlər qaydasındadır
65308806,Ramin Qasımov,1988-01-09,,Magistr,İşləyən,824,Nağd istehlak krediti,7570,məişət avadanlığı alışı,21.08,990.0,3,Bəli,Xeyr,Təsdiqlənib,Müştərinin gəliri və krediti təsdiqləndi | Yoxlayıcı_ID: 288
97490995,Anar Qasımov,1983-12-17,K,Magistr,İşləyən,1065,Nağd istehlak krediti,3655,məişət avadanlığı alışı,11.08,658.0,2,Bəli,Xeyr,Təsdiqlənib,Bütün sənədlər qaydasındadır
52423096,Nigar Rzayeva,17/08/2004,Qadın,Bakalavr,Tələbə,268,Təhsil krediti,2784,Biznes krediti,23.8,600.0,0,Bəli,Xeyr,Təsdiqlənib,Bütün sənədlər qaydasındadır
82307840,Kəmalə Quliyeva,11-08-71,Qadın,Bakalavr,İşləyən,2393,Nağd istehlak krediti,"12,746",tibbi xərclər,12.74,1410.0,2,Xeyr,Xeyr,Təsdiqlənib,Müştərinin gəliri və krediti təsdiqləndi | Yoxlayıcı_ID: 124
58808168,Kamal Rzayev,1969-09-03,,Orta məktəb,İşsiz,44,Nağd istehlak krediti,346,şəxsi istehlak məqsədi,17.48,518.0,1,Xeyr,Xeyr,Təsdiqlənib,Bütün sənədlər qaydasındadır
15755317,Hüseyn Qasımov,02-29-00, kişi ,Bakalavr,İşləyən,1277,Nağd istehlak krediti,13502,məişət avadanlığı alışı,12.22,1562.0,2,Xeyr,Xeyr,Təsdiqlənib,Müştərinin gəliri və krediti təsdiqləndi
71063749,Nigar Babayeva,20/03/1995,qadin,Bakalavr,Sahibkar,3291,Mikro kredit,84025,əsas vəsaitlərin alınması - Biznes krediti,16.2,1437.0,5,Xeyr,Xeyr,Rədd edilib,Gəlir çatışmazlığı
17860390,Aylin Vəliyeva,10-11-67,Qadın,Orta məktəb,İşsiz,167,Nağd istehlak krediti,936,tibbi xərclər,12.89,443.0,2,Bəli,Bəli,Rədd edilib,'Qara siyahı'da olmaq
83397247,Nigar Əhmədova,18/10/1999,Qadın,Bakalavr,İşləyən,1346,Nağd istehlak krediti,7564,məişət avadanlığı alışı,16.11,653.0,0,,Xeyr,Təsdiqlənib,Bütün sənədlər qaydasındadır | Yoxlayıcı_ID: 582
68810390,Yusif Əliyev,20/10/1996,Kişi,Bakalavr,İşləyən,,Nağd istehlak krediti,7443,təmir,22.41,1176.0,4,Bəli,Xeyr,Təsdiqlənib,Bütün sənədlər qaydasındadır
98627186,Zəhra Əliyeva,04/06/1977,,Bakalavr,Sahibkar,2787,Mikro kredit,15694,dövriyyə vəsaitlərinin artırılması - Biznes krediti,14.8,1144.0,6,Xeyr,Xeyr,Təsdiqlənib,Bütün sənədlər qaydasındadır | Yoxlayıcı_ID: 973
53672410,Aydan Cavadova,09-24-77,,Bakalavr tehsili,Sahibkar,6853,Mikro kredit,72251,əsas vəsaitlərin alınması - Biznes krediti,19.8,890.0,4,Xeyr,Xeyr,Təsdiqlənib,Müştərinin gəliri və krediti təsdiqləndi
63140881,Murad Babayev,01-22-06,Kişi,Magistr,Tələbə,154,Təhsil krediti,1233,Biznes krediti,13.12,424.0,1,Xeyr,Xeyr,Rədd edilib,Aşağı kredit reytinqi | Yoxlayıcı_ID: 824
67233633,Cavid Rüstəmov,1987-12-16,,Bakalavr tehsili,Sahibkar,9072,Mikro kredit,17943,əsas vəsaitlərin alınması - Biznes krediti,17.68,1357.0,6,Bəli,Xeyr,Təsdiqlənib,Bütün sənədlər qaydasındadır
19812627,İbrahimov Ramin,24/04/1993,K,Bakalavr,İşləyən,2656,Avtomobil krediti,24316,məişət avadanlığı alışı,18.27,423.0,3,Bəli,Xeyr,Rədd edilib,Aşağı kredit reytinqi
18492597,Tural Quliyev,08-19-78,K,Bakalavr tehsili,İşləyən,1850,Nağd istehlak krediti,12696,şəxsi istehlak məqsədi,13.36,450.0,2,Bəli,Xeyr,Rədd edilib,Aşağı kredit reytinqi
88575965,Fərid Səfərov,1982-04-04,K,Bakalavr tehsili,İşləyən,2381,Nağd istehlak krediti,8965,şəxsi istehlak məqsədi,16.74,411.0,1,Xeyr,Xeyr,Rədd edilib,Aşağı kredit reytinqi
40286776,Elvin Nəsirov,14/12/1974,,Bakalavr tehsili,İşləyən,3431,Nağd istehlak krediti,11766,təmir,12.3,496.0,4,Xeyr,Xeyr,Rədd edilib,Aşağı kredit reytinqi
53980822,Zeynəb Cavadova,20/07/1976,Qadın,Magistr,Sahibkar,8990,Mikro kredit,87628,dövriyyə vəsaitlərinin artırılması - Biznes krediti,23.03,1296.0,7,Bəli,Xeyr,Təsdiqlənib,Bütün sənədlər qaydasındadır
99387658,Yusif Məmmədov,1992-12-14,,Bakalavr,İşləyən,,Nağd istehlak krediti,1481,məişət avadanlığı alışı,23.46,924.0,4,Xeyr,Xeyr,Təsdiqlənib,Bütün sənədlər qaydasındadır
70762052,Emin Vəliyev,03-22-82,Kişi,Bakalavr,Sahibkar,6094,Mikro kredit,11208,dövriyyə vəsaitlərinin artırılması - Biznes krediti,24.95,1716.0,7,Xeyr,Xeyr,Təsdiqlənib,Müştərinin gəliri və krediti təsdiqləndi | Yoxlayıcı_ID: 630
69142563,Rzayeva Zülfiyyə,23/02/1999,,Orta məktəb,İşsiz,107,Nağd istehlak krediti,554,tibbi xərclər,11.81,374.0,2,Bəli,Bəli,Rədd edilib,'Qara siyahı'da olmaq
25414875,Rauf Abdullayev,1965-06-18,,Orta məktəb,İşsiz,115,Nağd istehlak krediti,950,məişət avadanlığı alışı,11.47,496.0,0,,Xeyr,Rədd edilib,Aşağı kredit reytinqi
27666194,Nərmin Sultanova,03/12/1980,Q,Magistr,İşləyən,2556,Nağd istehlak krediti,10883,tibbi xərclər,23.34,1461.0,4,Bəli,Xeyr,Təsdiqlənib,Müştərinin gəliri və krediti təsdiqləndi | Yoxlayıcı_ID: 915
68355840,Ayan Əliyeva,01-01-71,,Magistr,İşləyən,2928,Nağd istehlak krediti,19366,təmir,15.7,789.0,0,,Xeyr,Təsdiqlənib,Müştərinin gəliri və krediti təsdiqləndi
62241994,Nihat Nəsirov,14/07/1976, kişi ,Magistr,İşləyən,1172,Nağd istehlak krediti,6106,məişət avadanlığı alışı,22.49,1554.0,3,Xeyr,Xeyr,Təsdiqlənib,Müştərinin gəliri və krediti təsdiqləndi
77640977,Murad Cəfərov,04-27-85,Kişi,Bakalvar,İşləyən,3522,Nağd istehlak krediti,8988,tibbi xərclər,12.99,617.0,3,Bəli,Xeyr,Təsdiqlənib,Bütün sənədlər qaydasındadır
71857785,Samir Cavadov,12-08-79, kişi ,Bakalavr tehsili,Sahibkar,9113,Mikro kredit,31483,əsas vəsaitlərin alınması - Biznes krediti,15.31,1162.0,4,Xeyr,Xeyr,Təsdiqlənib,Bütün sənədlər qaydasındadır
95207621,Uğur Nəsirov,2004-11-17, kişi ,Magistr,Tələbə,172,Təhsil krediti,692,dövriyyə vəsaitlərinin artırılması - Biznes krediti,20.53,621.0,0,,Xeyr,Təsdiqlənib,Müştərinin gəliri və krediti təsdiqləndi
66169590,Fatimə Cəfərova,2007-06-04,Qadın,Bakalavr,Tələbə,283,Təhsil krediti,1197,Biznes krediti,13.38,681.0,0,,Xeyr,Təsdiqlənib,Bütün sənədlər qaydasındadır
61086083,Əli Rəhimov,12/12/1986,,Bakalavr,İşləyən,2843,Nağd istehlak krediti,18390,məişət avadanlığı alışı,21.11,1460.0,4,Xeyr,Xeyr,Təsdiqlənib,Müştərinin gəliri və krediti təsdiqləndi
30733267,Məhəmməd Səfərov,20/12/1975,K,Bakalavr tehsili,İşləyən,2493,Nağd istehlak krediti,796,Təmir,11.2,431.0,4,Xeyr,Xeyr,Təsdiqlənib,Aşağı kredit reytinqi
23719174,Məryəm Nəsirova,1972-09-27,,Bakalavr tehsili,İşləyən,,Nağd istehlak krediti,9474 AZN,şəxsi istehlak məqsədi,22.87,986.0,0,,Xeyr,Təsdiqlənib,Müştərinin gəliri və krediti təsdiqləndi | Yoxlayıcı_ID: 257
27244812, Elvin Nəsirov ,1985-07-16,K,Bakalavr tehsili,Sahibkar,6886,Mikro kredit,19588,dövriyyə vəsaitlərinin artırılması - Biznes krediti,18.82,934.0,4,Bəli,Xeyr,Təsdiqlənib,Müştərinin gəliri və krediti təsdiqləndi
94928848,Əli İsmayılov,16/02/1987, kişi ,Bakalavr,İşləyən,3025,Nağd istehlak krediti,17804,məişət avadanlığı alışı,15.78,1211.0,3,Xeyr,Xeyr,Təsdiqlənib,Bütün sənədlər qaydasındadır
56785390,Rauf Rəhimov,06-20-82,,Bakalavr tehsili,Sahibkar,9825,Mikro kredit,"24,705",dövriyyə vəsaitlərinin artırılması - Biznes krediti,12.99,1708.0,3,Bəli,Xeyr,Təsdiqlənib,Müştərinin gəliri və krediti təsdiqləndi
70961696,Fərid Əliyev,07-02-72,,Bakalavr tehsili,Sahibkar,3275,Mikro kredit,59404 manat,Biznes krediti,21.57,1294.0,2,Xeyr,Xeyr,Təsdiqlənib,Bütün sənədlər qaydasındadır
38564793,Səbinə İbrahimova,03-10-87,Q,Magistr,Sahibkar,8732,Mikro kredit,30341 AZN,Biznes krediti,17.52,1715.0,4,Xeyr,Xeyr,Təsdiqlənib,Müştərinin gəliri və krediti təsdiqləndi
62355228,Sahil Əhmədov,2000-01-12,K,Bakalavr,İşləyən,2367,Nağd istehlak krediti,7447,şəxsi istehlak məqsədi,16.69,1239.0,1,Bəli,Xeyr,Təsdiqlənib,Müştərinin gəliri və krediti təsdiqləndi
45824065,Murad Əliyev,18/02/1992,Kişi,Bakalavr tehsili,İşləyən,1367,Nağd istehlak krediti,14512,təmir,23.62,1555.0,1,Bəli,Xeyr,Təsdiqlənib,Müştərinin gəliri və krediti təsdiqləndi
93020529,Nigar Abdullayeva,11/12/2003,,Bakalavr tehsili,Tələbə,174,Təhsil krediti,2719,Biznes krediti,17.26,451.0,0,,Xeyr,Rədd edilib,Aşağı kredit reytinqi | Yoxlayıcı_ID: 176
62992488,Elvin Rzayev,09-30-97, kişi ,Magistr,İşləyən,3862,Avtomobil krediti,12688,məişət avadanlığı alışı,14.88,554.0,0,,Xeyr,Təsdiqlənib,Bütün sənədlər qaydasındadır
79342072,Zülfiyyə Məmmədova,01-22-89,,Bakalavr,İşləyən,3830,Nağd istehlak krediti,14313,məişət avadanlığı alışı,17.2,681.0,4,Bəli,Bəli,Rədd edilib,'Qara siyahı'da olmaq
47271453,Rəna Tağıyeva,1982-08-01,Qadın,Bakalavr tehsili,İşləyən,2648,Nağd istehlak krediti,1941,tibbi xərclər,24.43,925.0,4,Bəli,Xeyr,Təsdiqlənib,Bütün sənədlər qaydasındadır
49020667,Ayan Rüstəmova,27/11/1968,qadin,Bakalavr tehsili,Sahibkar,"8,457",Mikro kredit,15081,əsas vəsaitlərin alınması - Biznes krediti,11.34,1372.0,6,Xeyr,Xeyr,Təsdiqlənib,Müştərinin gəliri və krediti təsdiqləndi
28372460,Əli Tağıyev,1996-03-10, kişi ,Bakalavr,İşləyən,2776,Nağd istehlak krediti,15117,toy xərcləri,15.31,618.0,2,Bəli,Xeyr,Təsdiqlənib,Bütün sənədlər qaydasındadır
70803231,Səbinə Babayeva,2005-05-04,qadin,Bakalavr,Tələbə,213,Təhsil krediti,723,əsas vəsaitlərin alınması - Biznes krediti,18.12,,0,,Xeyr,Rədd edilib,Aşağı kredit reytinqi | Yoxlayıcı_ID: 613
79926925,Anar İbrahimov,1982-02-19,,Orta məktəb,İşsiz,249,Nağd istehlak krediti,485,tibbi xərclər,21.06,229.0,1,Xeyr,Bəli,Rədd edilib,'Qara siyahı'da olmaq
55006658, Fərid İbrahimov ,1991-12-08,,Orta məktəb,İşsiz,264,Nağd istehlak krediti,352,şəxsi istehlak məqsədi,18.35,262.0,1,Bəli,Xeyr,Rədd edilib,Aşağı kredit reytinqi
55863102,Nərmin Quliyeva,1994-09-10,Qadın,Magistr,İşləyən,3604,Nağd istehlak krediti,7971,şəxsi istehlak məqsədi,15.16,758.0,3,Xeyr,Xeyr,Təsdiqlənib,Müştərinin gəliri və krediti təsdiqləndi
53628196,Məryəm Rəhimova,11-07-77,Q,Bakalavr,İşləyən,2589,Avtomobil krediti,19686,tibbi xərclər,15.18,424.0,3,Bəli,Xeyr,Rədd edilib,Aşağı kredit reytinqi | Yoxlayıcı_ID: 970
49357970,Ləman Cəfərova,07-13-01,,Bakalavr,İşləyən,1177,Nağd istehlak krediti,11649,məişət avadanlığı alışı,15.15,670.0,0,,Xeyr,Təsdiqlənib,Müştərinin gəliri və krediti təsdiqləndi
64654969,Şəbnəm Hüseynova,1980-12-25,qadin,Bakalavr tehsili,İşləyən,3865,Avtomobil krediti,21004,toy xərcləri,13.31,1014.0,0,,Xeyr,Təsdiqlənib,Müştərinin gəliri və krediti təsdiqləndi
43542506,Nigar İbrahimova,1973-06-07,qadin,Bakalavr tehsili,İşləyən,3267,Nağd istehlak krediti,14817,təmir,22.76,841.0,2,Bəli,Xeyr,Təsdiqlənib,Bütün sənədlər qaydasındadır
30023504,Ayan Rzayeva,2002-06-30,Q,Bakalavr tehsili,İşləyən,1019 manat,Nağd istehlak krediti,4573,toy xərcləri,17.49,978.0,0,,Xeyr,Təsdiqlənib,Bütün sənədlər qaydasındadır
76178076, Tural Tağıyev ,02-22-82,,Bakalavr,İşləyən,2682,Nağd istehlak krediti,1654,məişət avadanlığı alışı,13.97,437.0,2,Xeyr,Xeyr,Rədd edilib,Aşağı kredit reytinqi | Yoxlayıcı_ID: 927
82869764,Fidan Cəfərova,07-21-72,,Magistr,İşləyən,2731,Nağd istehlak krediti,3842,tibbi xərclər,18.62,437.0,4,Bəli,Xeyr,Rədd edilib,Aşağı kredit reytinqi | Yoxlayıcı_ID: 442
20087405,Hüseyn Quliyev,1980-03-25,,Bakalvar tehsili,İşləyən,3966,Nağd istehlak krediti,6407,məişət avadanlığı alışı,21.03,734.0,3,Bəli,Xeyr,Təsdiqlənib,Müştərinin gəliri və krediti təsdiqləndi
12465965,Yusif Nəsirov,08-31-87,Kişi,Magistr,İşləyən,"2,553",Avtomobil krediti,36238,toy xərcləri,14.73,1077.0,4,Bəli,Xeyr,Təsdiqlənib,'Qara siyahı'da olmaq
45814215,Məryəm Vəliyeva,1986-08-11,Qadın,Bakalavr,İşləyən,"1,147",Nağd istehlak krediti,5000,tibbi xərclər,12.77,894.0,2,Bəli,Xeyr,Təsdiqlənib,Müştərinin gəliri və krediti təsdiqləndi
66320892,Nəsirov Murad,17/10/1974, kişi ,Orta məktəb,İşsiz,345,Nağd istehlak krediti,748,şəxsi istehlak məqsədi,16.89,150.0,2,Bəli,Xeyr,Rədd edilib,Aşağı kredit reytinqi
56458825,Uğur Məmmədov,1986-08-19,Kişi,Bakalavr tehsili,Sahibkar,2554,Mikro kredit,60229,Biznes krediti,15.68,1223.0,5,Xeyr,Xeyr,Təsdiqlənib,Bütün sənədlər qaydasındadır
75721242,Zeynəb Quliyeva,07/07/1973,,Bakalavr tehsili,Sahibkar,9975,Mikro kredit,58742,dövriyyə vəsaitlərinin artırılması - Biznes krediti,11.29,,4,Bəli,Xeyr,Təsdiqlənib,Müştərinin gəliri və krediti təsdiqləndi
68810437,Səfərov Əli,05-26-75,K,Magistr,İşləyən,2550,Nağd istehlak krediti,11505,tibbi xərclər,12.16,1126.0,0,,Xeyr,Təsdiqlənib,Müştərinin gəliri və krediti təsdiqləndi
23077202,Rəna İbrahimova,1981-10-16,,Bakalavr tehsili,İşləyən,3119,Nağd istehlak krediti,17322,toy xərcləri,19.7,543.0,1,Bəli,Xeyr,Təsdiqlənib,Bütün sənədlər qaydasındadır | Yoxlayıcı_ID: 856
70735931,Rauf Abdullayev,12-26-89, kişi ,Orta məktəb,İşsiz,119,Nağd istehlak krediti,747,toy xərcləri,21.78,368.0,2,Xeyr,Xeyr,Rədd edilib,Aşağı kredit reytinqi
59313640,Nərmin Məmmədova,03-25-81,Qadın,Magistr,İşləyən,2358,Nağd istehlak krediti,16024,təmir,22.22,559.0,2,Xeyr,Xeyr,Təsdiqlənib,Müştərinin gəliri və krediti təsdiqləndi
26720926,Hüseyn Sultanov,01-22-74,Kişi,Bakalavr,İşləyən,3769,Nağd istehlak krediti,17247,məişət avadanlığı alışı,24.34,684.0,4,Bəli,Xeyr,Təsdiqlənib,Bütün sənədlər qaydasındadır
97455251,Ramin Vəliyev,01-16-73,Kişi,Magistr,Sahibkar,4312,Mikro kredit,71731 AZN,dövriyyə vəsaitlərinin artırılması - Biznes krediti,19.66,804.0,3,Bəli,Xeyr,Təsdiqlənib,Bütün sənədlər qaydasındadır
93055868,Zəhra İsmayılova,07-26-72,,Bakalavr tehsili,İşləyən,3698,Avtomobil krediti,18811,şəxsi istehlak məqsədi,21.31,1482.0,3,Bəli,Xeyr,Təsdiqlənib,Müştərinin gəliri və krediti təsdiqləndi | Yoxlayıcı_ID: 486
46252068,Məhəmməd Məmmədov,1988-09-25,K,Orta məktəb,İşsiz,,Nağd istehlak krediti,644 manat,məişət avadanlığı alışı,11.19,169.0,0,,Xeyr,Rədd edilib,Aşağı kredit reytinqi
37001277,Anar Əhmədov,1991-05-18,,Magistr,İşləyən,2298,Nağd istehlak krediti,18776,təmir,19.34,666.0,4,Xeyr,Xeyr,Təsdiqlənib,Müştərinin gəliri və krediti təsdiqləndi
82689223,Nigar Babayeva,1979-11-03,Q,Bakalavr,İşləyən,2885,Nağd istehlak krediti,14999,tibbi xərclər,13.67,1242.0,0,,Xeyr,Təsdiqlənib,Bütün sənədlər qaydasındadır
30928758,Zəhra Hüseynova,1990-05-26,Qadın,Magistr,İşləyən,1314,Avtomobil krediti,33317,məişət avadanlığı alışı,18.94,1115.0,0,,Xeyr,Rədd edilib,Gəlir çatışmazlığı | Yoxlayıcı_ID: 761
16485681,Fidan Vəliyeva,09-06-05,qadin,Magistr,Tələbə,129,Təhsil krediti,2159,əsas vəsaitlərin alınması - Biznes krediti,15.17,348.0,0,,Xeyr,Rədd edilib,Aşağı kredit reytinqi
28378706,Səbinə Rüstəmova,03-04-03,Qadın,Bakalavr,Tələbə,158,Təhsil krediti,2767,Biznes krediti,17.83,503.0,0,,Xeyr,Təsdiqlənib,Müştərinin gəliri və krediti təsdiqləndi
19610546,Nigar Rüstəmova,2000-10-29,,Bakalavr tehsili,İşləyən,,Nağd istehlak krediti,14827,tibbi xərclər,21.52,1530.0,1,Xeyr,Xeyr,Təsdiqlənib,Müştərinin gəliri və krediti təsdiqləndi
52129995,Samir Tağıyev,1973-07-17, kişi ,Bakalavr tehsili,İşləyən,3760,Avtomobil krediti,27375,toy xərcləri,13.5,1576.0,3,Xeyr,Xeyr,Təsdiqlənib,Müştərinin gəliri və krediti təsdiqləndi
94183616,Kəmalə Babayeva,2007-07-04,qadin,Bakalavr tehsili,Tələbə,251,Təhsil krediti,522,dövriyyə vəsaitlərinin artırılması - Biznes krediti,17.38,,0,,Xeyr,Rədd edilib,Aşağı kredit reytinqi
78022860,Zeynəb Nəsirova,09-06-89,Q,Magistr,Sahibkar,8265,Mikro kredit,34537,əsas vəsaitlərin alınması - Biznes krediti,21.64,1472.0,8,Bəli,Xeyr,Təsdiqlənib,Müştərinin gəliri və krediti təsdiqləndi
49752468,Rəşad Əliyev,06-14-03,K,Bakalavr tehsili,Tələbə,,Təhsil krediti,1521,əsas vəsaitlərin alınması - Biznes krediti,23.67,377.0,0,,Xeyr,Rədd edilib,Aşağı kredit reytinqi
11654822,Nigar Cavadova,1984-05-05,Q,Bakalavr,İşləyən,1761,Nağd istehlak krediti,3573,tibbi xərclər,23.53,1426.0,0,,Xeyr,Təsdiqlənib,Müştərinin gəliri və krediti təsdiqləndi
91764234,Aydan Sultanova,1972-08-16,,Bakalavr,İşləyən,3388,Nağd istehlak krediti,"17,904",təmir,16.77,1276.0,2,Bəli,Xeyr,Təsdiqlənib,Bütün sənədlər qaydasındadır | Yoxlayıcı_ID: 142
62824718,Fərid Babayev,15/02/2006, kişi ,Bakalavr,Tələbə,298,Təhsil krediti,2482,əsas vəsaitlərin alınması - Biznes krediti,19.42,218.0,1,Xeyr,Xeyr,Rədd edilib,Aşağı kredit reytinqi | Yoxlayıcı_ID: 395
69337484,Əli Cəfərov,04/01/1968,,Orta məktəb,İşsiz,100,Nağd istehlak krediti,338,təmir,15.7,,0,,Xeyr,Rədd edilib,Aşağı kredit reytinqi
71660316,Rəna Rzayeva,1989-01-20,,Bakalavr tehsili,Sahibkar,7358,Mikro kredit,48848,dövriyyə vəsaitlərinin artırılması - Biznes krediti,13.81,1132.0,6,Xeyr,Xeyr,Təsdiqlənib,Bütün sənədlər qaydasındadır | Yoxlayıcı_ID: 594
50115225,Hüseyn Sultanov,29/09/1971,,Orta məktəb,İşsiz,217,Nağd istehlak krediti,894,təmir,13.2,294.0,1,Bəli,Xeyr,Rədd edilib,Aşağı kredit reytinqi
21386008,Elvin Quliyev,1984-01-22,K,Bakalavr,İşləyən,3722,Nağd istehlak krediti,2207,tibbi xərclər,18.48,1128.0,2,Bəli,Xeyr,Təsdiqlənib,Bütün sənədlər qaydasındadır
17159926,Emin Nəsirov,11-04-78,Kişi,Magistr,İşləyən,1151,Nağd istehlak krediti,6257 manat,tibbi xərclər,22.0,1415.0,0,,Xeyr,Təsdiqlənib,Müştərinin gəliri və krediti təsdiqləndi
31466938,Anar Rüstəmov,11-03-76,K,Bakalavr tehsili,Sahibkar,5724,Mikro kredit,11254,dövriyyə vəsaitlərinin artırılması - Biznes krediti,21.6,1164.0,6,Bəli,Xeyr,Təsdiqlənib,Bütün sənədlər qaydasındadır
55792614,Aylin Quliyeva,01-27-03,qadin,Magistr,Tələbə,141,Təhsil krediti,2161,dövriyyə vəsaitlərinin artırılması - Biznes krediti,15.77,697.0,0,,Xeyr,Təsdiqlənib,Bütün sənədlər qaydasındadır
33375606,Murad Rüstəmov,1974-10-14, kişi ,Orta məktəb,İşsiz,46,Nağd istehlak krediti,798,məişət avadanlığı alışı,20.91,334.0,1,Bəli,Xeyr,Rədd edilib,Aşağı kredit reytinqi
51486502,Abdullayeva Rəna,08/10/1991,,Magistr,Sahibkar,4825,Mikro kredit,37082,Biznes krediti,15.08,,4,Bəli,Xeyr,Təsdiqlənib,Bütün sənədlər qaydasındadır
90949450,Səbinə Hüseynova,08-23-03,Q,Bakalavr tehsili,Tələbə,155,Təhsil krediti,2925,dövriyyə vəsaitlərinin artırılması - Biznes krediti,14.87,499.0,1,Xeyr,Xeyr,Rədd edilib,Aşağı kredit reytinqi
51127215,Elvin Sultanov,31/08/1991,Kişi,Bakalavr tehsili,İşləyən,3908,Nağd istehlak krediti,16360,şəxsi istehlak məqsədi,20.05,456.0,0,,Xeyr,Rədd edilib,Aşağı kredit reytinqi | Yoxlayıcı_ID: 384
19944032,Emin Rzayev,05-09-84,,Orta məktəb,İşsiz,111,Nağd istehlak krediti,461,toy xərcləri,17.61,294.0,1,Xeyr,Xeyr,Rədd edilib,Aşağı kredit reytinqi
16654793,Hüseyn Tağıyev,12-21-83,,Bakalavr tehsili,Sahibkar,7328,Mikro kredit,72366,əsas vəsaitlərin alınması - Biznes krediti,14.76,1719.0,7,Bəli,Xeyr,Təsdiqlənib,Bütün sənədlər qaydasındadır | Yoxlayıcı_ID: 196
70023717,Hüseyn Səfərov,1985-03-09,Kişi,Magistr,Sahibkar,6182,Mikro kredit,31452,əsas vəsaitlərin alınması - Biznes krediti,13.72,1546.0,2,Xeyr,Xeyr,Təsdiqlənib,Bütün sənədlər qaydasındadır | Yoxlayıcı_ID: 179
27024569,Tural Səfərov,03/11/1992,K,Bakalavr,İşləyən,3024,Nağd istehlak krediti,1060,təmir,16.21,741.0,3,Bəli,Bəli,Rədd edilib,'Qara siyahı'da olmaq
76143001,Nərmin Quliyeva,16/04/2005,,Bakalavr,Tələbə,170,Təhsil krediti,1024,Biznes krediti,22.01,331.0,0,,Xeyr,Rədd edilib,Aşağı kredit reytinqi | Yoxlayıcı_ID: 370
97569395,Ləman Cəfərova,04-21-81,Qadın,Magistr,İşləyən,1477,Nağd istehlak krediti,7241,tibbi xərclər,23.37,1307.0,1,Bəli,Xeyr,Təsdiqlənib,Bütün sənədlər qaydasındadır
46717546,İsmayılov Cavid,04-13-74, kişi ,Magistr,İşləyən,1393,Avtomobil krediti,20394,tibbi xərclər,15.83,544.0,0,,Xeyr,Təsdiqlənib,Müştərinin gəliri və krediti təsdiqləndi | Yoxlayıcı_ID: 949
55993686,Kəmalə Qasımova,1987-03-18,qadin,Bakalavr tehsili,İşləyən,3711,Nağd istehlak krediti,8569,məişət avadanlığı alışı,24.55,1298.0,1,Bəli,Xeyr,Təsdiqlənib,Gəlir çatışmazlığı
58327645,Ayan Rzayeva,1994-07-04,Qadın,Bakalavr tehsili,Sahibkar,2520,Mikro kredit,22964,əsas vəsaitlərin alınması - Biznes krediti,21.65,1712.0,6,Bəli,Xeyr,Təsdiqlənib,Bütün sənədlər qaydasındadır | Yoxlayıcı_ID: 669
77325064,Fərid Rzayev,2005-02-12,K,Bakalavr tehsili,Tələbə,181,Təhsil krediti,2932,əsas vəsaitlərin alınması - Biznes krediti,17.85,421.0,1,Bəli,Xeyr,Rədd edilib,Aşağı kredit reytinqi
41281287,Tural Abdullayev,02-08-05,K,Bakalavr,Tələbə,151 manat,Təhsil krediti,2629,əsas vəsaitlərin alınması - Biznes krediti,23.73,535.0,0,,Xeyr,Təsdiqlənib,Müştərinin gəliri və krediti təsdiqləndi
77641352,Nihat Rüstəmov,1989-09-28, kişi ,Bakalavr,İşləyən,3775,Nağd istehlak krediti,13338,tibbi xərclər,12.13,1458.0,1,Bəli,Xeyr,Təsdiqlənib,Bütün sənədlər qaydasındadır
46797584,Sevinc Nəsirova,2003-09-19,qadin,Bakalavr tehsili,Tələbə,281,Təhsil krediti,2279,Biznes krediti,20.33,594.0,0,,Xeyr,Təsdiqlənib,Müştərinin gəliri və krediti təsdiqləndi
15176999,Uğur Rüstəmov,1972-12-05,Kişi,Bakalavr,Sahibkar,9597,Mikro kredit,47012,Biznes krediti,17.44,1620.0,7,Xeyr,Xeyr,Təsdiqlənib,Müştərinin gəliri və krediti təsdiqləndi
71741499,Ramin Səfərov,1992-04-14,,Bakalavr tehsili,Sahibkar,7723,Mikro kredit,"49,972",əsas vəsaitlərin alınması - Biznes krediti,13.5,1191.0,5,Xeyr,Xeyr,Təsdiqlənib,Bütün sənədlər qaydasındadır
65332105,Ləman Vəliyeva,08-02-87,qadin,Magistr,İşləyən,837,Nağd istehlak krediti,8291,şəxsi istehlak məqsədi,15.9,,3,Bəli,Xeyr,Təsdiqlənib,Bütün sənədlər qaydasındadır
47808695,Aylin Tağıyeva,1994-07-01,Qadın,Bakalavr,İşləyən,3234,Nağd istehlak krediti,5036,tibbi xərclər,21.12,1596.0,1,Bəli,Xeyr,Təsdiqlənib,Müştərinin gəliri və krediti təsdiqləndi
38238610,Əli İsmayılov,2005-04-30,Kişi,Bakalavr tehsili,Tələbə,182,Təhsil krediti,1322,Biznes krediti,23.5,434.0,0,,Xeyr,Təsdiqlənib,Aşağı kredit reytinqi | Yoxlayıcı_ID: 281
60227698,Sahil Cavadov,04/08/1979,Kişi,Bakalavr,İşləyən,3409,Nağd istehlak krediti,13393,təmir,24.71,838.0,3,Xeyr,Bəli,Rədd edilib,'Qara siyahı'da olmaq | Yoxlayıcı_ID: 938
14531928,Orxan Nəsirov,18/10/1981,K,Orta məktəb,İşsiz,57,Nağd istehlak krediti,421,toy xərcləri,12.81,216.0,1,Xeyr,Bəli,Rədd edilib,'Qara siyahı'da olmaq | Yoxlayıcı_ID: 372
90182393,Məryəm Babayeva,13/11/1975,qadin,Bakalavr tehsili,İşləyən,2412,Nağd istehlak krediti,10056,toy xərcləri,14.95,420.0,1,Bəli,Xeyr,Rədd edilib,Aşağı kredit reytinqi
27336049,Rəna İbrahimova,25/01/1993,Q,Orta məktəb,İşsiz,223,Nağd istehlak krediti,687,tibbi xərclər,12.1,542.0,1,Bəli,Xeyr,Təsdiqlənib,Müştərinin gəliri və krediti təsdiqləndi
28300967,Nigar Tağıyeva,12-09-03,Qadın,Bakalavr,Tələbə,210,Təhsil krediti,2583,Biznes krediti,23.69,425.0,1,Xeyr,Xeyr,Rədd edilib,Aşağı kredit reytinqi | Yoxlayıcı_ID: 585
96501928,Məhəmməd Cavadov,1995-12-30, kişi ,Bakalavr,İşləyən,3168,Nağd istehlak krediti,18270,tibbi xərclər,24.58,517.0,4,Xeyr,Xeyr,Təsdiqlənib,Bütün sənədlər qaydasındadır | Yoxlayıcı_ID: 154
48939901,Samir Əhmədov,1982-09-06,,Magistr,İşləyən,2696,Nağd istehlak krediti,11092,toy xərcləri,23.42,873.0,1,Xeyr,Xeyr,Təsdiqlənib,Müştərinin gəliri və krediti təsdiqləndi | Yoxlayıcı_ID: 522
97623278,Aysel Vəliyeva,05/08/2007,Qadın,Bakalavr tehsili,Tələbə,178,Təhsil krediti,2076,dövriyyə vəsaitlərinin artırılması - Biznes krediti,23.55,219.0,0,,Xeyr,Rədd edilib,Aşağı kredit reytinqi
86252322,Zəhra Rəhimova,09/10/1979,,Orta məktəb,İşsiz,189,Nağd istehlak kriditi,477,təmir,16.84,148.0,1,Bəli,Xeyr,Rədd edilib,Aşağı kredit reytinqi
10234256,Nihat Tağıyev,2003-08-21,,Bakalavr,Tələbə,266,Təhsil krediti,890,Biznes krediti,24.78,548.0,0,,Xeyr,Təsdiqlənib,Bütün sənədlər qaydasındadır
62758134,Rauf Vəliyev,12/06/1996,Kişi,Magistr,İşləyən,2439,Nağd istehlak krediti,16171,şəxsi istehlak məqsədi,24.59,1283.0,0,,Xeyr,Təsdiqlənib,Bütün sənədlər qaydasındadır | Yoxlayıcı_ID: 455
24160639,Nərmin Sultanova,21/06/1980,qadin,Bakalavr tehsili,Sahibkar,8231,Mikro kredit,77145,dövriyyə vəsaitlərinin artırılması - Biznes krediti,11.23,1472.0,4,Xeyr,Xeyr,Təsdiqlənib,Müştərinin gəliri və krediti təsdiqləndi | Yoxlayıcı_ID: 451
46948270,Məhəmməd Əliyev,2003-06-08,K,Bakalavr tehsili,Tələbə,284,Təhsil krediti,1130,Biznes krediti,21.34,278.0,1,Xeyr,Xeyr,Rədd edilib,Aşağı kredit reytinqi
52887670,Fərid Cəfərov,14/12/1989,,Magistr,İşləyən,2340,Nağd istehlak krediti,1797,tibbi xərclər,12.95,633.0,0,,Xeyr,Təsdiqlənib,Bütün sənədlər qaydasındadır | Yoxlayıcı_ID: 294
67642190,Nigar İsmayılova,09-02-06,qadin,Bakalavr,Tələbə,122,Təhsil krediti,1177,Biznes krediti,24.64,528.0,0,,Xeyr,Təsdiqlənib,Müştərinin gəliri və krediti təsdiqləndi
47757924,Fərid Sultanov,05/06/1999,,Magistr,İşləyən,2751,Nağd istehlak krediti,10624,şəxsi istehlak məqsədi,22.17,1500.0,1,Xeyr,Bəli,Rədd edilib,'Qara siyahı'da olmaq
70489349,Fidan Babayeva,09-15-83,Qadın,Orta məktəb,İşsiz,21,Nağd istehlak krediti,590,toy xərcləri,12.41,290.0,1,Bəli,Xeyr,Təsdiqlənib,Aşağı kredit reytinqi
12227550,Uğur İsmayılov,04-07-98,K,Orta məktəb,İşsiz,191,Nağd istehlak krediti,850,məişət avadanlığı alışı,13.18,357.0,2,Xeyr,Xeyr,Rədd edilib,Aşağı kredit reytinqi
17507427,Nigar Səfərova,13/04/2006,qadin,Magistr,Tələbə,113,Təhsil krediti,2678,dövriyyə vəsaitlərinin artırılması - Biznes krediti,23.86,379.0,1,Bəli,Xeyr,Rədd edilib,Aşağı kredit reytinqi | Yoxlayıcı_ID: 809
80533499,Cavid Abdullayev,30/06/2004,Kişi,Bakalavr tehsili,Tələbə,217,Təhsil krediti,2802,əsas vəsaitlərin alınması - Biznes krediti,24.2,461.0,0,,Xeyr,Rədd edilib,Aşağı kredit reytinqi
23858568,Aydan Hüseynova,06-02-87,Qadın,Orta məktəb,İşsiz,326,Nağd istehlak krediti,744,Təmir,18.05,450.0,0,,Xeyr,Rədd edilib,Aşağı kredit reytinqi
48198316,Tural Abdullayev,01-08-80,Kişi,Bakalavr tehsili,İşləyən,3489,Avtomobil krediti,28138,məişət avadanlığı alışı,11.29,,4,Bəli,Xeyr,Təsdiqlənib,Bütün sənədlər qaydasındadır
43036472,Zeynəb Abdullayeva,1971-12-29,Q,Bakalavr tehsili,Sahibkar,6643,Mikro kredit,22286,Biznes krediti,20.88,1318.0,3,Bəli,Xeyr,Təsdiqlənib,Bütün sənədlər qaydasındadır
93325506,Aysel Tağıyeva,12-13-70,,Magistr,İşləyən,3581,Nağd istehlak krediti,2510,təmir,15.8,1504.0,4,Xeyr,Xeyr,Təsdiqlənib,Müştərinin gəliri və krediti təsdiqləndi
18440059,Günel Hüseynova,05-03-98,Qadın,Magistr,İşləyən,2307,Avtomobil krediti,28561,şəxsi istehlak məqsədi,20.86,,1,Xeyr,Xeyr,Təsdiqlənib,Bütün sənədlər qaydasındadır | Yoxlayıcı_ID: 528
82984332,Sevinc Nəsirova,23/04/1969,,Orta məktəb,İşsiz,396,Nağd istehlak krediti,546,tibbi xərclər,17.39,391.0,0,,Xeyr,Rədd edilib,Aşağı kredit reytinqi
27669835,Şəbnəm Babayeva,2002-05-16,,Magistr,İşləyən,2323,Nağd istehlak krediti,4768,şəxsi istehlak məqsədi,20.95,598.0,1,Bəli,Xeyr,Təsdiqlənib,Bütün sənədlər qaydasındadır | Yoxlayıcı_ID: 885
97807986,Ramin Sultanov,10-10-93,Kişi,Bakalavr,İşləyən,3039,Nağd istehlak krediti,6764,təmir,21.98,1254.0,4,Xeyr,Xeyr,Təsdiqlənib,Müştərinin gəliri və krediti təsdiqləndi
28749438,Aydan Səfərova,1997-08-11,qadin,Bakalavr tehsili,İşləyən,2488,Nağd istehlak krediti,18582,toy xərcləri,19.12,685.0,1,Bəli,Xeyr,Təsdiqlənib,Bütün sənədlər qaydasındadır
97830024,Şəbnəm Rəhimova,04/08/1975,,Bakalavr,İşləyən,1784,Avtomobil krediti,27289,təmir,13.74,785.0,2,Xeyr,Xeyr,Təsdiqlənib,Müştərinin gəliri və krediti təsdiqləndi
56976819,Ləman Əhmədova,06-13-81,Q,Orta məktəb,İşsiz,15,Nağd istehlak krediti,873,təmir,22.18,592.0,0,,Bəli,Rədd edilib,'Qara siyahı'da olmaq
41322061,Aydan Rüstəmova,22/08/1992,Q,Bakalavr tehsili,İşləyən,3862,Nağd istehlak krediti,15900,tibbi xərclər,23.49,1213.0,4,Xeyr,Xeyr,Təsdiqlənib,Bütün sənədlər qaydasındadır
92179726, Ləman İbrahimova ,18/10/2000,qadin,Bakalavr,İşləyən,1265,Nağd istehlak krediti,10218,təmir,18.74,504.0,3,Xeyr,Xeyr,Təsdiqlənib,Müştərinin gəliri və krediti təsdiqləndi
94439042,Günel Tağıyeva,1962-08-31,qadin,Orta məktəb,İşsiz,361,Nağd istehlak krediti,480,məişət avadanlığı alışı,18.81,189.0,2,Bəli,Bəli,Rədd edilib,'Qara siyahı'da olmaq
91986624,Ramin Cavadov,02-15-03,,Bakalavr tehsili,Tələbə,203,Təhsil krediti,1501,əsas vəsaitlərin alınması - Biznes krediti,17.92,764.0,1,Bəli,Xeyr,Təsdiqlənib,Müştərinin gəliri və krediti təsdiqləndi
59113335,Elvin Qasımov,1973-05-10,,Magistr,Sahibkar,6970,Mikro kredit,5058,əsas vəsaitlərin alınması - Biznes krediti,18.95,1534.0,6,Xeyr,Xeyr,Təsdiqlənib,Müştərinin gəliri və krediti təsdiqləndi | Yoxlayıcı_ID: 912
11750049,Fidan Əhmədova,1975-05-26,Qadın,Bakalavr tehsili,İşləyən,3839,Nağd istehlak krediti,1371,şəxsi istehlak məqsədi,22.99,1471.0,4,Bəli,Xeyr,Təsdiqlənib,Müştərinin gəliri və krediti təsdiqləndi
75321721,Rəşad Əliyev,21/03/1981,Kişi,Orta məktəb,İşsiz,171,Nağd istehlak krediti,568,toy xərcləri,21.05,325.0,1,Bəli,Xeyr,Rədd edilib,Aşağı kredit reytinqi
44241014,Məryəm Quliyeva,11-05-70,qadin,Magistr,Sahibkar,7659,Mikro kredit,64978,Biznes krediti,22.0,1031.0,3,Xeyr,Xeyr,Təsdiqlənib,Müştərinin gəliri və krediti təsdiqləndi
90439907,Aydan İsmayılova,01-07-84,Q,Orta məktəb,İşsiz,212,Nağd istehlak krediti,875,toy xərcləri,23.91,279.0,0,,Xeyr,Rədd edilib,Aşağı kredit reytinqi
11542679,Orxan Abdullayev,10/12/1999, kişi ,Bakalvar,İşləyən,848,Nağd istehlak krediti,"10,611",məişət avadanlığı alışı,16.95,721.0,1,Xeyr,Xeyr,Təsdiqlənib,Bütün sənədlər qaydasındadır
36340063,Samir Rəhimov,1969-07-24, kişi ,Magistr,Sahibkar,8639,Mikro kredit,88729,əsas vəsaitlərin alınması - Biznes krediti,23.68,1225.0,2,Xeyr,Xeyr,Təsdiqlənib,Müştərinin gəliri və krediti təsdiqləndi
27862759,Fidan Hüseynova,03-01-03,,Magistr,Tələbə,248,Təhsil krediti,1821,əsas vəsaitlərin alınması - Biznes krediti,21.97,489.0,0,,Xeyr,Rədd edilib,Aşağı kredit reytinqi | Yoxlayıcı_ID: 486
67111175, Rəna Cəfərova ,20/02/1985,qadin,Bakalavr tehsili,Sahibkar,4428,Mikro kredit,11219,əsas vəsaitlərin alınması - Biznes krediti,23.81,1782.0,5,Xeyr,Xeyr,Təsdiqlənib,Bütün sənədlər qaydasındadır | Yoxlayıcı_ID: 309
90822027,Ramin Rüstəmov,2006-10-13, kişi ,Bakalavr tehsili,Tələbə,221,Təhsil krediti,2984,Biznes krediti,24.67,348.0,0,,Xeyr,Rədd edilib,Aşağı kredit reytinqi | Yoxlayıcı_ID: 360
36876283,Rəşad Abdullayev,12/08/2004, kişi ,Bakalavr,Tələbə,187,Təhsil krediti,1753,dövriyyə vəsaitlərinin artırılması - Biznes krediti,19.26,296.0,0,,Xeyr,Rədd edilib,Aşağı kredit reytinqi | Yoxlayıcı_ID: 357
56995282,Zeynəb Əliyeva,02-07-98,,Bakalavr,İşləyən,2701,Avtomobil krediti,10430,tibbi xərclər,21.88,459.0,1,Bəli,Xeyr,Rədd edilib,Aşağı kredit reytinqi
95636170,Hüseyn Rüstəmov,08/07/1996,K,Bakalavr tehsili,İşləyən,3061,Nağd istehlak krediti,10656,toy xərcləri,23.39,963.0,4,Bəli,Xeyr,Təsdiqlənib,Bütün sənədlər qaydasındadır
13011390,Fərid Əhmədov,03-19-94,,Magistr,İşləyən,1424,Avtomobil krediti,31840 AZN,toy xərcləri,19.1,1309.0,3,Xeyr,Xeyr,Təsdiqlənib,Bütün sənədlər qaydasındadır
37772091,fərid i̇smayılov,29/07/1997,Kişi,Bakalavr tehsili,İşləyən,3684,Avtomobil krediti,34602,tibbi xərclər,13.15,1308.0,4,Bəli,Xeyr,Təsdiqlənib,Müştərinin gəliri və krediti təsdiqləndi | Yoxlayıcı_ID: 645
10198937,Kamal Abdullayev,1988-04-17,Kişi,Bakalavr tehsili,İşləyən,,Nağd istehlak krediti,6282,şəxsi istehlak məqsədi,11.38,982.0,0,,Xeyr,Təsdiqlənib,Bütün sənədlər qaydasındadır
89477351,Zeynəb Əliyeva,1988-06-13,Q,Bakalavr,İşləyən,1940,Nağd istehlak krediti,4622,toy xərcləri,16.31,,0,,Xeyr,Təsdiqlənib,Bütün sənədlər qaydasındadır
65410731,Elvin Əliyev,05-22-72,Kişi,Bakalavr tehsili,İşləyən,3557,Nağd istehlak krediti,4293,toy xərcləri,18.11,662.0,2,Xeyr,Xeyr,Təsdiqlənib,Müştərinin gəliri və krediti təsdiqləndi
58534636,Orxan Quliyev,1977-03-02,Kişi,Bakalavr,İşləyən,1137,Nağd istehlak krediti,10232,tibbi xərclər,15.17,708.0,2,Bəli,Xeyr,Təsdiqlənib,Bütün sənədlər qaydasındadır | Yoxlayıcı_ID: 438
87228563,Tural Sultanov,01-26-91,K,Bakalavr,Sahibkar,7776,Mikro kredit,24427,əsas vəsaitlərin alınması - Biznes krediti,19.72,1650.0,5,Xeyr,Xeyr,Təsdiqlənib,Bütün sənədlər qaydasındadır
77323157,Məryəm Tağıyeva,02-23-73,,Bakalavr tehsili,İşləyən,3228,Nağd istehlak krediti,4244,tibbi xərclər,13.81,640.0,0,,Xeyr,Təsdiqlənib,Müştərinin gəliri və krediti təsdiqləndi
71726147,Zülfiyyə İsmayılova,12/12/1986,Qadın,Bakalavr,İşləyən,1544,Nağd istehlak krediti,5249,tibbi xərclər,13.47,841.0,0,,Xeyr,Təsdiqlənib,Müştərinin gəliri və krediti təsdiqləndi
11270286,Nərmin Nəsirova,2003-08-15,Q,Bakalavr,Tələbə,100,Təhsil krediti,1117,Biznes krediti,23.41,623.0,0,,Xeyr,Təsdiqlənib,Müştərinin gəliri və krediti təsdiqləndi
29635063,Aysel Rüstəmova,2004-04-29,Q,Magistr,Tələbə,126,Təhsil krediti,2630,Biznes krediti,16.25,521.0,1,Bəli,Xeyr,Təsdiqlənib,İş stajı yetərsizdir
85201195,Sahil Abdullayev,1988-12-29,,Bakalvar,İşləyən,3708,Nağd istehlak krediti,14331,şəxsi istehlak məqsədi,16.38,718.0,3,Bəli,Xeyr,Təsdiqlənib,Bütün sənədlər qaydasındadır | Yoxlayıcı_ID: 221
94024001,Rauf Rzayev,10-04-75,K,Bakalavr tehsili,Sahibkar,4062,Mikro kredit,16865,əsas vəsaitlərin alınması - Biznes krediti,13.98,1600.0,2,Xeyr,Xeyr,Təsdiqlənib,Müştərinin gəliri və krediti təsdiqləndi
35777209,Zülfiyyə Rzayeva,02-04-82,Q,Bakalavr tehsili,Sahibkar,5849,Mikro kredit,11220 manat,Biznes krediti,14.8,1540.0,3,Bəli,Bəli,Rədd edilib,'Qara siyahı'da olmaq
38338733,Məryəm Babayeva,10-30-01,,Bakalavr tehsili,İşləyən,3316,Nağd istehlak krediti,13046,tibbi xərclər,12.07,746.0,2,Bəli,Xeyr,Təsdiqlənib,Müştərinin gəliri və krediti təsdiqləndi
75538055,Hüseyn Əhmədov,16/03/1986,Kişi,Bakalavr,İşləyən,3356,Nağd istehlak krediti,10523,tibbi xərclər,13.23,1019.0,1,Bəli,Xeyr,Təsdiqlənib,Bütün sənədlər qaydasındadır
61726210,Cavid Nəsirov,26/01/1970,Kişi,Bakalavr,Sahibkar,7683,Mikro kredit,45252,əsas vəsaitlərin alınması - Biznes krediti,18.82,1275.0,4,Xeyr,Bəli,Rədd edilib,'Qara siyahı'da olmaq
19771215,Ləman Əliyeva,05-25-89,qadin,Bakalavr,İşləyən,3041,Nağd istehlak krediti,13537,şəxsi istehlak məqsədi,23.23,1539.0,2,Xeyr,Xeyr,Təsdiqlənib,Bütün sənədlər qaydasındadır
41885347, Rauf Cavadov ,06-27-85,Kişi,Orta məktəb,İşsiz,192,Nağd istehlak krediti,587,toy xərcləri,14.47,537.0,0,,Xeyr,Təsdiqlənib,Bütün sənədlər qaydasındadır | Yoxlayıcı_ID: 999
10081196,Uğur Nəsirov,1979-05-03,K,Magistr,İşləyən,"3,457",Avtomobil krediti,15604,məişət avadanlığı alışı,19.2,460.0,3,Xeyr,Xeyr,Rədd edilib,Aşağı kredit reytinqi | Yoxlayıcı_ID: 517
27105590,Aysel İbrahimova,1992-05-11,,Bakalavr,Sahibkar,5300,Mikro kredit,68121,Biznes krediti,13.6,1162.0,8,Bəli,Xeyr,Təsdiqlənib,Müştərinin gəliri və krediti təsdiqləndi
17035801,Səbinə Vəliyeva,1988-10-14,Q,Bakalavr tehsili,İşləyən,1736,Nağd istehlak krediti,16413,şəxsi istehlak məqsədi,17.25,634.0,4,Bəli,Xeyr,Təsdiqlənib,Bütün sənədlər qaydasındadır
89643816,Uğur Səfərov,2007-01-06,K,Bakalavr tehsili,Tələbə,169,Təhsil krediti,2785,Biznes krediti,11.63,352.0,0,,Xeyr,Rədd edilib,Aşağı kredit reytinqi | Yoxlayıcı_ID: 490
92599432,Samir Tağıyev,11/03/1980,,Bakalavr,İşləyən,1029,Avtomobil krediti,10687,məişət avadanlığı alışı,14.39,854.0,2,Bəli,Xeyr,Təsdiqlənib,Bütün sənədlər qaydasındadır | Yoxlayıcı_ID: 704
49321479,Anar Babayev,08/02/2007,,Magistr,Tələbə,113,Təhsil krediti,"1,194",dövriyyə vəsaitlərinin artırılması - Biznes krediti,10.93,649.0,0,,Xeyr,Təsdiqlənib,Müştərinin gəliri və krediti təsdiqləndi
45129545,Günel Tağıyeva,1997-11-14,Q,Bakalavr,İşləyən,2662,Nağd istehlak krediti,15810,tibbi xərclər,15.08,1270.0,1,Xeyr,Xeyr,Təsdiqlənib,Bütün sənədlər qaydasındadır
55236195,Aysel Vəliyeva,10-02-00,Q,Bakalavr tehsili,İşləyən,3421,Avtomobil krediti,33548,məişət avadanlığı alışı,14.4,1515.0,1,Bəli,Xeyr,Təsdiqlənib,Müştərinin gəliri və krediti təsdiqləndi
67640900,Nihat Cəfərov,03-02-72, kişi ,Magistr,İşləyən,"3,189",Nağd istehlak krediti,10746,şəxsi istehlak məqsədi,22.66,1553.0,4,Bəli,Xeyr,Təsdiqlənib,Bütün sənədlər qaydasındadır
41842610,Emin Rüstəmov,1977-03-10,,Orta məktəb,İşsiz,100 AZN,Nağd istehlak krediti,576,şəxsi istehlak məqsədi,24.62,432.0,0,,Xeyr,Təsdiqlənib,Aşağı kredit reytinqi
80054548,Zülfiyyə Cavadova,10/09/1972,qadin,Bakalavr tehsili,Sahibkar,6176,Mikro kredit,57174,əsas vəsaitlərin alınması - Biznes krediti,12.72,804.0,6,Bəli,Xeyr,Təsdiqlənib,Bütün sənədlər qaydasındadır
75049186,Orxan İsmayılov,04/12/1971,Kişi,Magistr,İşləyən,1362,Nağd istehlak krediti,12916,məişət avadanlığı alışı,20.16,906.0,1,Xeyr,Xeyr,Təsdiqlənib,Bütün sənədlər qaydasındadır | Yoxlayıcı_ID: 901
41228100,Sevinc İsmayılova,1999-09-04,,Orta məktəb,İşsiz,118,Nağd istehlak krediti,961,məişət avadanlığı alışı,24.76,294.0,1,Bəli,Xeyr,Rədd edilib,Aşağı kredit reytinqi
58935363,Lalə İsmayılova,1985-02-16,qadin,Bakalavr tehsili,Sahibkar,4520,Mikro kredit,94147,dövriyyə vəsaitlərinin artırılması - Biznes krediti,16.47,895.0,2,Bəli,Xeyr,Təsdiqlənib,Müştərinin gəliri və krediti təsdiqləndi
59124782,Nihat Babayev,26/08/1988,K,Bakalavr,İşləyən,1359,Nağd istehlak krediti,6049,toy xərcləri,24.59,410.0,2,Bəli,Xeyr,Rədd edilib,Aşağı kredit reytinqi
96031029,Ləman Nəsirova,14/06/1999,qadin,Magistr,İşləyən,1246,Nağd istehlak krediti,9667,tibbi xərclər,11.83,1169.0,0,,Xeyr,Təsdiqlənib,Bütün sənədlər qaydasındadır | Yoxlayıcı_ID: 690
11653703,Aylin Vəliyeva,1992-12-05,Qadın,Bakalavr tehsili,İşləyən,1097,Nağd istehlak krediti,12470,tibbi xərclər,14.79,723.0,1,Xeyr,Xeyr,Təsdiqlənib,İş stajı yetərsizdir
66660772,Zülfiyyə Cavadova,22/10/1980,Qadın,Bakalavr,İşləyən,3755,Nağd istehlak krediti,13520,tibbi xərclər,20.51,1283.0,4,Xeyr,Xeyr,Təsdiqlənib,Bütün sənədlər qaydasındadır
21482015,Ləman Rüstəmova,07-27-01,Qadın,Bakalavr tehsili,İşləyən,3863,Nağd istehlak krediti,10913,təmir,22.35,1429.0,0,,Xeyr,Təsdiqlənib,Bütün sənədlər qaydasındadır
46356485,Zəhra Cəfərova,1993-11-25,Qadın,Bakalavr tehsili,İşləyən,2474,Nağd istehlak krediti,14154,şəxsi istehlak məqsədi,14.04,602.0,0,,Xeyr,Təsdiqlənib,Müştərinin gəliri və krediti təsdiqləndi
21572988, Kəmalə Tağıyeva ,12/04/1986,,Magistr,Sahibkar,9659,Mikro kredit,43687,Biznes krediti,17.58,913.0,3,Bəli,Xeyr,Təsdiqlənib,Müştərinin gəliri və krediti təsdiqləndi
62533738,Rauf Cavadov,25/01/2005, kişi ,Bakalavr,Tələbə,260,Təhsil krediti,1289,Biznes krediti,18.03,445.0,0,,Xeyr,Rədd edilib,Aşağı kredit reytinqi
92984524,Zəhra İbrahimova,1975-08-06,qadin,Orta məktəb,İşsiz,,Nağd istehlak krediti,892 manat,tibbi xərclər,18.93,347.0,0,,Xeyr,Rədd edilib,Aşağı kredit reytinqi
43558697,Sevinc Cəfərova,1987-09-25,Qadın,Orta məktəb,İşsiz,25,Nağd istehlak krediti,440,şəxsi istehlak məqsədi,23.38,188.0,1,Bəli,Xeyr,Rədd edilib,Aşağı kredit reytinqi | Yoxlayıcı_ID: 323
44207774,Cavadova Günel,11-07-04,qadin,Bakalavr,Tələbə,120,Təhsil krediti,2585 AZN,əsas vəsaitlərin alınması - Biznes krediti,22.33,241.0,1,Bəli,Xeyr,Rədd edilib,Aşağı kredit reytinqi
83633996,Elvin İsmayılov,1982-11-28, kişi ,Bakalavr,İşləyən,1786,Nağd istehlak krediti,6953,məişət avadanlığı alışı,14.25,849.0,0,,Xeyr,Təsdiqlənib,Müştərinin gəliri və krediti təsdiqləndi | Yoxlayıcı_ID: 610
39451912,Kəmalə Quliyeva,1994-08-24,Q,Magistr,İşləyən,3582,Nağd istehlak krediti,4723,toy xərcləri,18.96,423.0,0,,Xeyr,Rədd edilib,Aşağı kredit reytinqi
44150863,Cavid Tağıyev,10/12/1981,Kişi,Magistr,Sahibkar,9386,Mikro kredit,84303 manat,Biznes krediti,24.43,1443.0,2,Bəli,Xeyr,Təsdiqlənib,Müştərinin gəliri və krediti təsdiqləndi | Yoxlayıcı_ID: 646
58207222,Hüseyn Abdullayev,1978-07-28, kişi ,Magistr,İşləyən,2359,Avtomobil krediti,14476,şəxsi istehlak məqsədi,23.87,579.0,4,Bəli,Xeyr,Təsdiqlənib,Müştərinin gəliri və krediti təsdiqləndi
45422320,Uğur Rzayev,16/08/1985,,Magistr,Sahibkar,9237,Mikro kredit,6484,dövriyyə vəsaitlərinin artırılması - Biznes krediti,12.69,1684.0,5,Xeyr,Xeyr,Təsdiqlənib,Müştərinin gəliri və krediti təsdiqləndi
46962835,Əli Abdullayev,11-23-78, kişi ,Bakalavr tehsili,İşləyən,3011,Avtomobil krediti,19271 manat,şəxsi istehlak məqsədi,21.49,1284.0,4,Bəli,Xeyr,Təsdiqlənib,Bütün sənədlər qaydasındadır
95222721,Günel Hüseynova,11-05-01,qadin,Magistr,İşləyən,2915,Nağd istehlak krediti,11674,tibbi xərclər,16.98,742.0,2,Bəli,Xeyr,Təsdiqlənib,Bütün sənədlər qaydasındadır
59026752,Sahil Rəhimov,2004-04-02, kişi ,Magistr,Tələbə,111,Təhsil krediti,1443,əsas vəsaitlərin alınması - Biznes krediti,21.54,271.0,0,,Xeyr,Rədd edilib,Aşağı kredit reytinqi | Yoxlayıcı_ID: 116
98018369,Ayan Məmmədova,2006-12-05,qadin,Bakalavr tehsili,Tələbə,296,Təhsil krediti,"1,268",dövriyyə vəsaitlərinin artırılması - Biznes krediti,12.95,545.0,0,,Xeyr,Təsdiqlənib,Müştərinin gəliri və krediti təsdiqləndi
67090589,Yusif Nəsirov,1991-06-30,Kişi,Bakalavr,İşləyən,1087,Nağd istehlak krediti,11950,toy xərcləri,23.28,798.0,1,Xeyr,Xeyr,Təsdiqlənib,Bütün sənədlər qaydasındadır
87962049,günel rzayeva,11-25-00,Q,Magistr,İşləyən,1896,Nağd istehlak krediti,16126,şəxsi istehlak məqsədi,16.49,582.0,3,Xeyr,Xeyr,Təsdiqlənib,Bütün sənədlər qaydasındadır
13131751,Nihat Məmmədov,1979-02-15,,Bakalavr,İşləyən,3579,Nağd istehlak krediti,8274,tibbi xərclər,13.25,682.0,2,Xeyr,Xeyr,Təsdiqlənib,Müştərinin gəliri və krediti təsdiqləndi
33286557,Zəhra İsmayılova,08-30-77,,Magistr,İşləyən,2303,Nağd istehlak krediti,7001,tibbi xərclər,24.36,587.0,1,Xeyr,Xeyr,Təsdiqlənib,Müştərinin gəliri və krediti təsdiqləndi
17911900,Rauf Əhmədov,1975-06-27,K,Magistr,İşləyən,3323,Avtomobil krediti,17311,tibbi xərclər,17.36,1515.0,2,Xeyr,Xeyr,Təsdiqlənib,Müştərinin gəliri və krediti təsdiqləndi
20720024,Nihat Məmmədov,1975-07-28, kişi ,Bakalavr,İşləyən,3208,Nağd istehlak krediti,19738,məişət avadanlığı alışı,18.67,491.0,0,,Xeyr,Təsdiqlənib,Aşağı kredit reytinqi | Yoxlayıcı_ID: 148
63525998,Hüseyn İbrahimov,1963-08-05,K,Orta məktəb,İşsiz,344,Nağd istehlak krediti,666,toy xərcləri,11.04,455.0,1,Bəli,Xeyr,Rədd edilib,Aşağı kredit reytinqi
45805454,Hüseyn Qasımov,11-01-90, kişi ,Bakalavr,İşləyən,2083,Nağd istehlak krediti,5840,məişət avadanlığı alışı,11.44,1409.0,1,Xeyr,Bəli,Rədd edilib,'Qara siyahı'da olmaq
89260978,Fərid Tağıyev,1988-04-16,Kişi,Bakalavr tehsili,İşləyən,2889,Nağd istehlak krediti,13910,toy xərcləri,14.94,401.0,1,Xeyr,Xeyr,Rədd edilib,Aşağı kredit reytinqi | Yoxlayıcı_ID: 235
89033532,Samir Əliyev,12-03-00,,Bakalavr tehsili,İşləyən,1138 manat,Nağd istehlak krediti,19697,tibbi xərclər,13.6,1199.0,4,Bəli,Xeyr,Təsdiqlənib,Müştərinin gəliri və krediti təsdiqləndi
95197240,Rauf Əhmədov,05-12-78,,Bakalvar tehsili,Sahibkar,9067,Mikro kredit,92295,dövriyyə vəsaitlərinin artırılması - Biznes krediti,19.47,1549.0,6,Xeyr,Xeyr,Təsdiqlənib,Müştərinin gəliri və krediti təsdiqləndi | Yoxlayıcı_ID: 779
22970238,Nərmin Əliyeva,2006-02-13,,Magistr,Tələbə,108,Təhsil krediti,1484,əsas vəsaitlərin alınması - Biznes krediti,12.41,489.0,1,Bəli,Xeyr,Rədd edilib,Aşağı kredit reytinqi
13341302,ayan rüstəmova,02/11/2001,,Bakalavr,İşləyən,2004,Nağd istehlak krediti,10416,məişət avadanlığı alışı,23.22,405.0,0,,Xeyr,Rədd edilib,Aşağı kredit reytinqi
71695455,Cavid Babayev,07/06/1983, kişi ,Bakalavr,İşləyən,2875,Avtomobil krediti,30039,toy xərcləri,13.3,1358.0,1,Xeyr,Bəli,Rədd edilib,'Qara siyahı'da olmaq | Yoxlayıcı_ID: 579
88575965,Fərid Səfərov,1982-04-04,K,Bakalavr tehsili,İşləyən,2381,Nağd istehlak krediti,8965,şəxsi istehlak məqsədi,16.74,411.0,1,Xeyr,Xeyr,Rədd edilib,Aşağı kredit reytinqi
94704778,Elvin Vəliyev,1998-09-16,,Bakalavr tehsili,İşləyən,2991,Nağd istehlak krediti,4387,şəxsi istehlak məqsədi,18.39,491.0,1,Xeyr,Xeyr,Rədd edilib,Aşağı kredit reytinqi
99821515,Rəşad Məmmədov,1982-01-06,K,Bakalavr tehsili,İşləyən,1111,Nağd istehlak krediti,873,təmir,19.91,712.0,2,Bəli,Bəli,Rədd edilib,'Qara siyahı'da olmaq
52756366,Əli Sultanov,2007-01-01,,Bakalavr tehsili,Tələbə,208,Təhsil krediti,668,əsas vəsaitlərin alınması - Biznes krediti,23.01,663.0,1,Bəli,Xeyr,Təsdiqlənib,Müştərinin gəliri və krediti təsdiqləndi | Yoxlayıcı_ID: 128
14749203,Şəbnəm Tağıyeva,1992-02-11,Q,Bakalavr tehsili,Sahibkar,6520,Mikro kredit,13126,Biznes krediti,23.86,1318.0,8,Xeyr,Xeyr,Təsdiqlənib,Müştərinin gəliri və krediti təsdiqləndi
57049275,Zeynəb Rəhimova,28/10/2002,qadin,Magistr,Tələbə,186,Təhsil kriditi,2673,Biznes krediti,11.96,418.0,0,,Xeyr,Rədd edilib,Aşağı kredit reytinqi | Yoxlayıcı_ID: 458
10134937,Samir Abdullayev,2005-03-02,K,Bakalavr tehsili,Tələbə,250,Təhsil krediti,919,Biznes krediti,23.99,583.0,0,,Xeyr,Təsdiqlənib,Bütün sənədlər qaydasındadır
11155707,Fərid Qasımov,2000-06-13,K,Magistr,İşləyən,"2,091",Nağd istehlak krediti,18713,Təmir,14.75,774.0,3,Bəli,Xeyr,Təsdiqlənib,Müştərinin gəliri və krediti təsdiqləndi | Yoxlayıcı_ID: 352
15950172,Nərmin Sultanova,1990-02-24,Qadın,Bakalavr tehsili,İşləyən,3161,Nağd istehlak krediti,13763,toy xərcləri,23.54,1270.0,0,,Xeyr,Təsdiqlənib,Bütün sənədlər qaydasındadır
92975391,Fərid Səfərov,05-15-04,,Magistr,Tələbə,172,Təhsil krediti,1102,əsas vəsaitlərin alınması - Biznes krediti,12.89,267.0,0,,Xeyr,Rədd edilib,Aşağı kredit reytinqi | Yoxlayıcı_ID: 419
73417895,Əli Rəhimov,08-25-83,Kişi,Magistr,Sahibkar,6922,Mikro kredit,68264,əsas vəsaitlərin alınması - Biznes krediti,21.8,1496.0,6,Bəli,Xeyr,Təsdiqlənib,Müştərinin gəliri və krediti təsdiqləndi
37012536,Rəna Rzayeva,09-10-80,,Magistr,İşləyən,3221,Avtomobil krediti,24124,şəxsi istehlak məqsədi,13.65,,1,Bəli,Xeyr,Təsdiqlənib,Müştərinin gəliri və krediti təsdiqləndi
52851682,Aysel Tağıyeva,2003-05-18,qadin,Bakalavr,Tələbə,162 manat,Təhsil krediti,2816,Biznes krediti,15.96,613.0,1,Bəli,Xeyr,Təsdiqlənib,Bütün sənədlər qaydasındadır
62286812,Fidan Hüseynova,08-08-92,Qadın,Bakalavr,İşləyən,3631,Avtomobil krediti,8146,şəxsi istehlak məqsədi,10.92,1529.0,3,Bəli,Xeyr,Təsdiqlənib,Bütün sənədlər qaydasındadır
45677145,Lalə Rəhimova,1975-07-14,Qadın,Bakalavr tehsili,İşləyən,3775,Nağd istehlak krediti,4359,məişət avadanlığı alışı,21.22,682.0,2,Bəli,Xeyr,Təsdiqlənib,Bütün sənədlər qaydasındadır
65933533,Aylin Məmmədova,08-17-87,Qadın,Bakalavr,Sahibkar,3527,Mikro kredit,40477,əsas vəsaitlərin alınması - Biznes krediti,19.65,1761.0,3,Xeyr,Xeyr,Təsdiqlənib,Müştərinin gəliri və krediti təsdiqləndi | Yoxlayıcı_ID: 661
31566237,Rəşad Hüseynov,1997-05-19,Kişi,Bakalavr,İşləyən,3339,Nağd istehlak krediti,8176,məişət avadanlığı alışı,14.41,1371.0,1,Xeyr,Xeyr,Təsdiqlənib,Bütün sənədlər qaydasındadır
36316371,Məhəmməd Hüseynov,21/09/1981,K,Orta məktəb,İşsiz,160,Nağd istehlak krediti,350,toy xərcləri,11.66,183.0,0,,Xeyr,Rədd edilib,Aşağı kredit reytinqi
21945844,Rəna Sultanova,09-26-92,qadin,Bakalavr tehsili,İşləyən,1684,Nağd istehlak krediti,15916,məişət avadanlığı alışı,11.98,1166.0,1,Xeyr,Xeyr,Təsdiqlənib,Müştərinin gəliri və krediti təsdiqləndi | Yoxlayıcı_ID: 776
27623477,Tural Nəsirov,05-12-83,Kişi,Bakalavr tehsili,Sahibkar,4110,Mikro kredit,36826,Biznes krediti,10.93,1015.0,4,Xeyr,Xeyr,Təsdiqlənib,Müştərinin gəliri və krediti təsdiqləndi
67709086,Şəbnəm Babayeva,01-13-89,Qadın,Magistr,İşləyən,2474,Avtomobil krediti,25958,tibbi xərclər,20.09,1117.0,2,Xeyr,Xeyr,Təsdiqlənib,Bütün sənədlər qaydasındadır
33357932,Ləman Məmmədova,06/08/2005,Q,Magistr,Tələbə,154,Təhsil krediti,562,dövriyyə vəsaitlərinin artırılması - Biznes krediti,12.37,555.0,0,,Xeyr,Təsdiqlənib,Müştərinin gəliri və krediti təsdiqləndi | Yoxlayıcı_ID: 466
48408671,Orxan Vəliyev,2000-09-09, kişi ,Bakalavr,İşləyən,3327,Nağd istehlak krediti,5105,təmir,18.05,1032.0,3,Xeyr,Xeyr,Təsdiqlənib,Müştərinin gəliri və krediti təsdiqləndi
71864879,Rəna Hüseynova,1971-08-03,Q,Orta məktəb,İşsiz,70,Nağd istehlak krediti,611,şəxsi istehlak məqsədi,19.16,571.0,1,Xeyr,Xeyr,Təsdiqlənib,Müştərinin gəliri və krediti təsdiqləndi
75629805,Kamal İsmayılov,16/04/1979, kişi ,Bakalavr,İşləyən,2990,Avtomobil krediti,12329,məişət avadanlığı alışı,22.64,425.0,1,Xeyr,Xeyr,Rədd edilib,Aşağı kredit reytinqi | Yoxlayıcı_ID: 757
15355102,kamal əliyev,1969-08-13, kişi ,Orta məktəb,İşsiz,378,Nağd istehlak krediti,915,şəxsi istehlak məqsədi,22.24,135.0,2,Bəli,Bəli,Rədd edilib,'Qara siyahı'da olmaq
32740928,Rauf Rüstəmov,17/06/1979,Kişi,Bakalavr,İşləyən,1215,Nağd istehlak krediti,18792,tibbi xərclər,17.83,1117.0,1,Bəli,Xeyr,Təsdiqlənib,Müştərinin gəliri və krediti təsdiqləndi | Yoxlayıcı_ID: 103
35747171,Şəbnəm Rzayeva,29/05/1987,Qadın,Magistr,İşləyən,1210,Nağd istehlak krediti,"10,015",toy xərcləri,24.44,1272.0,1,Bəli,Xeyr,Təsdiqlənib,Müştərinin gəliri və krediti təsdiqləndi
94278807,Emin Babayev,03/11/1988,,Magistr,İşləyən,1543,Nağd istehlak krediti,10529,toy xərcləri,13.97,407.0,2,Xeyr,Xeyr,Rədd edilib,Aşağı kredit reytinqi
44650004,Nigar Əliyeva,06/06/1962,Qadın,Orta məktəb,İşsiz,377 AZN,Nağd istehlak krediti,727,tibbi xərclər,14.95,126.0,1,Bəli,Xeyr,Rədd edilib,Aşağı kredit reytinqi
31330693,Orxan Babayev,1976-10-02,,Bakalavr tehsili,İşləyən,3352,Nağd istehlak kriditi,16765,təmir,14.88,1422.0,3,Xeyr,Xeyr,Təsdiqlənib,Bütün sənədlər qaydasındadır
93724899,Fərid Abdullayev,1989-02-28, kişi ,Bakalavr,İşləyən,801,Nağd istehlak krediti,15216,şəxsi istehlak məqsədi,12.0,1309.0,4,Xeyr,Xeyr,Təsdiqlənib,Müştərinin gəliri və krediti təsdiqləndi | Yoxlayıcı_ID: 593
47220349,Fidan Abdullayeva,1995-07-19,Q,Magistr,İşləyən,3973,Nağd istehlak krediti,"2,338",tibbi xərclər,22.1,1131.0,3,Xeyr,Bəli,Rədd edilib,'Qara siyahı'da olmaq
87683601,Əli Əhmədov,10-01-73,Kişi,Bakalavr,İşləyən,1261,Nağd istehlak krediti,4655,məişət avadanlığı alışı,20.62,988.0,0,,Xeyr,Təsdiqlənib,Müştərinin gəliri və krediti təsdiqləndi
75806269,Kamal Abdullayev,2004-09-17,Kişi,Magistr,Tələbə,156,Təhsil krediti,1864,dövriyyə vəsaitlərinin artırılması - Biznes krediti,14.91,684.0,0,,Xeyr,Təsdiqlənib,İş stajı yetərsizdir
42134145,Zülfiyyə Rüstəmova,1982-05-23,,Magistr,İşləyən,1130,Nağd istehlak krediti,1561,toy xərcləri,12.15,1023.0,4,Bəli,Xeyr,Təsdiqlənib,Bütün sənədlər qaydasındadır
92607071,Məhəmməd Məmmədov,1984-12-02,,Bakalavr tehsili,Sahibkar,3703,Mikro kredit,"83,451",Biznes krediti,11.68,1146.0,2,Xeyr,Xeyr,Təsdiqlənib,Müştərinin gəliri və krediti təsdiqləndi
67909139,Cavid Əliyev,2000-04-13,Kişi,Bakalavr,İşləyən,1670,Avtomobil krediti,9742,toy xərcləri,21.52,583.0,3,Xeyr,Xeyr,Təsdiqlənib,Bütün sənədlər qaydasındadır
62297474,Səbinə Rzayeva,12-06-99,Q,Bakalavr tehsili,İşləyən,3244,Nağd istehlak krediti,5130,toy xərcləri,19.97,1192.0,3,Xeyr,Xeyr,Təsdiqlənib,Müştərinin gəliri və krediti təsdiqləndi
68935410,Zəhra Qasımova,1998-11-07,Q,Orta məktəb,İşsiz,64,Nağd istehlak krediti,793,tibbi xərclər,11.65,409.0,1,Xeyr,Bəli,Rədd edilib,'Qara siyahı'da olmaq
78407365,Hüseyn Səfərov,1983-03-16,Kişi,Orta məktəb,İşsiz,200,Nağd istehlak krediti,653,şəxsi istehlak məqsədi,21.65,459.0,2,Xeyr,Xeyr,Təsdiqlənib,Aşağı kredit reytinqi
89340820, Hüseyn Sultanov ,2006-06-02,,Magistr,Tələbə,190,Təhsil krediti,1042,əsas vəsaitlərin alınması - Biznes krediti,24.32,369.0,0,,Xeyr,Rədd edilib,Aşağı kredit reytinqi
45129545,Günel Tağıyeva,1997-11-14,Q,Bakalavr,İşləyən,2662,Nağd istehlak krediti,15810,tibbi xərclər,15.08,1270.0,1,Xeyr,Xeyr,Təsdiqlənib,Bütün sənədlər qaydasındadır
67642190,Nigar İsmayılova,09-02-06,qadin,Bakalavr,Tələbə,122,Təhsil krediti,1177,Biznes krediti,24.64,528.0,0,,Xeyr,Təsdiqlənib,Müştərinin gəliri və krediti təsdiqləndi
63085487,Rauf Sultanov,1984-02-21,K,Magistr,Sahibkar,9622,Mikro kredit,35366 AZN,Biznes krediti,23.4,1284.0,5,Xeyr,Xeyr,Təsdiqlənib,Bütün sənədlər qaydasındadır
43584566, Yusif Qasımov ,1973-11-11,Kişi,Bakalavr,Sahibkar,8830,Mikro kredit,93593 manat,dövriyyə vəsaitlərinin artırılması - Biznes krediti,20.9,1042.0,2,Xeyr,Xeyr,Təsdiqlənib,Bütün sənədlər qaydasındadır
31427749,Sevinc Quliyeva,06/11/2000,Qadın,Bakalavr tehsili,İşləyən,894,Avtomobil krediti,18897,təmir,11.88,1332.0,1,Bəli,Xeyr,Təsdiqlənib,Bütün sənədlər qaydasındadır
54773006,Günel Sultanova,08/06/1991,,Magistr,İşləyən,3684,Nağd istehlak krediti,2837,şəxsi istehlak məqsədi,16.89,935.0,0,,Bəli,Rədd edilib,'Qara siyahı'da olmaq
19911535,Sahil Cavadov,03/08/1968,Kişi,Orta məktəb,İşsiz,26,Nağd istehlak krediti,373,tibbi xərclər,12.7,317.0,1,Bəli,Xeyr,Rədd edilib,Aşağı kredit reytinqi
80801660,Məryəm Cəfərova,1990-09-08,Q,Orta məktəb,İşsiz,348,Nağd istehlak krediti,813,tibbi xərclər,15.84,300.0,2,Xeyr,Xeyr,Rədd edilib,Aşağı kredit reytinqi | Yoxlayıcı_ID: 772
82201890,Zəhra Abdullayeva,1998-03-10,,Magistr,İşləyən,2568,Avtomobil krediti,11970,məişət avadanlığı alışı,16.26,1299.0,3,Bəli,Xeyr,Təsdiqlənib,Bütün sənədlər qaydasındadır
64036359,Anar Sultanov,25/11/2005, kişi ,Magistr,Tələbə,294,Təhsil krediti,2484,Biznes krediti,11.93,201.0,1,Bəli,Xeyr,Rədd edilib,Aşağı kredit reytinqi
48221625,Aylin Hüseynova,10/11/1997,Qadın,Orta məktəb,İşsiz,391,Nağd istehlak krediti,683,toy xərcləri,18.43,416.0,1,Bəli,Xeyr,Rədd edilib,Aşağı kredit reytinqi
91088404,Nigar Quliyeva,2004-01-21,,Bakalavr,Tələbə,108,Təhsil krediti,1184,dövriyyə vəsaitlərinin artırılması - Biznes krediti,11.06,448.0,0,,Xeyr,Rədd edilib,Aşağı kredit reytinqi
63631441,Məhəmməd İsmayılov,23/04/1974, kişi ,Bakalavr,İşləyən,1205,Nağd istehlak krediti,6617,toy xərcləri,12.03,1096.0,2,Bəli,Xeyr,Təsdiqlənib,Bütün sənədlər qaydasındadır | Yoxlayıcı_ID: 945
37009140, Uğur Tağıyev ,1979-10-07,K,Bakalavr tehsili,İşləyən,1833,Avtomobil krediti,31567,məişət avadanlığı alışı,13.92,1438.0,1,Xeyr,Xeyr,Təsdiqlənib,Zaminlik məsələləri | Yoxlayıcı_ID: 445
59498178,Nigar Tağıyeva,10-19-91,Qadın,Magistr,İşləyən,1242,Nağd istehlak krediti,4994,toy xərcləri,21.13,1501.0,2,Bəli,Xeyr,Təsdiqlənib,Müştərinin gəliri və krediti təsdiqləndi
68437093,Fidan Nəsirova,2007-08-26,,Bakalavr,Tələbə,149,Təhsil krediti,1098,Biznes krediti,17.82,377.0,0,,Xeyr,Rədd edilib,Aşağı kredit reytinqi
94933490,Fatimə Cavadova,1992-04-01,Qadın,Magistr,İşləyən,1214,Nağd istehlak krediti,9251,şəxsi istehlak məqsədi,12.7,724.0,2,Xeyr,Xeyr,Təsdiqlənib,Müştərinin gəliri və krediti təsdiqləndi
66817858,aydan rəhimova,11-21-88,Qadın,Bakalavr,İşləyən,1416,Avtomobil krediti,32485,şəxsi istehlak məqsədi,15.16,1084.0,3,Bəli,Bəli,Təsdiqlənib,'Qara siyahı'da olmaq
75964126,Fatimə Əliyeva,12/10/1996,,Magistr,İşləyən,1465,Nağd istehlak krediti,3222,məişət avadanlığı alışı,16.12,,1,Xeyr,Xeyr,Rədd edilib,Aşağı kredit reytinqi
15806330,Zəhra İbrahimova,09-05-95,Qadın,Bakalavr tehsili,İşləyən,2163,Nağd istehlak krediti,18502,məişət avadanlığı alışı,22.06,405.0,2,Xeyr,Bəli,Rədd edilib,'Qara siyahı'da olmaq
60888234,Zəhra Rzayeva,01-14-94,Qadın,Bakalavr,İşləyən,1681,Nağd istehlak krediti,2798,tibbi xərclər,13.02,1014.0,2,Bəli,Bəli,Rədd edilib,'Qara siyahı'da olmaq
44047206,Aydan Əhmədova,1978-12-17,,Orta məktəb,İşsiz,41,Nağd istehlak krediti,977,tibbi xərclər,20.84,259.0,1,Bəli,Xeyr,Rədd edilib,Aşağı kredit reytinqi
21619918,Səbinə Abdullayeva,1972-08-05,Qadın,Magistr,İşləyən,2675,Nağd istehlak krediti,13501,Təmir,20.45,,0,,Xeyr,Təsdiqlənib,Müştərinin gəliri və krediti təsdiqləndi
94280487,Şəbnəm Sultanova,19/02/2004,qadin,Magistr,Tələbə,145,Təhsil krediti,1610,dövriyyə vəsaitlərinin artırılması - Biznes krediti,16.89,486.0,0,,Xeyr,Rədd edilib,Aşağı kredit reytinqi | Yoxlayıcı_ID: 851
30456300,Zeynəb Qasımova,2007-07-27,Q,Magistr,Tələbə,248,Təhsil krediti,2589,dövriyyə vəsaitlərinin artırılması - Biznes krediti,22.11,541.0,0,,Xeyr,Təsdiqlənib,Bütün sənədlər qaydasındadır
51421876, Nigar Əliyeva ,03-23-07,,Bakalavr,Tələbə,208,Təhsil krediti,1990,əsas vəsaitlərin alınması - Biznes krediti,11.54,564.0,0,,Xeyr,Təsdiqlənib,Bütün sənədlər qaydasındadır
18666109,Sevinc Vəliyeva,1998-07-29,qadin,Bakalavr tehsili,İşləyən,2395,Avtomobil krediti,13080,tibbi xərclər,17.78,595.0,2,Bəli,Xeyr,Təsdiqlənib,Müştərinin gəliri və krediti təsdiqləndi
75348880,Fatimə Rzayeva,1974-05-13,Q,Orta məktəb,İşsiz,215,Nağd istehlak krediti,830,məişət avadanlığı alışı,22.84,446.0,1,Bəli,Xeyr,Rədd edilib,Aşağı kredit reytinqi
95177231,Məhəmməd Vəliyev,18/07/2000,Kişi,Orta məktəb,İşsiz,372,Nağd istehlak krediti,493,məişət avadanlığı alışı,17.71,256.0,1,Xeyr,Xeyr,Rədd edilib,Aşağı kredit reytinqi
57791316,Fidan Rzayeva,01/02/1974,Q,Bakalavr tehsili,İşləyən,2612,Avtomobil krediti,21119,tibbi xərclər,16.02,1046.0,0,,Xeyr,Təsdiqlənib,Bütün sənədlər qaydasındadır
86321806,Ramin Əliyev,2006-04-12,K,Magistr,Tələbə,272,Təhsil krediti,2634,dövriyyə vəsaitlərinin artırılması - Biznes krediti,18.26,728.0,0,,Xeyr,Təsdiqlənib,Müştərinin gəliri və krediti təsdiqləndi
35988560,Yusif Nəsirov,2006-11-29,Kişi,Magistr,Tələbə,347020,Təhsil krediti,1154,Biznes krediti,24.07,762.0,0,,Xeyr,Təsdiqlənib,Bütün sənədlər qaydasındadır
89340820, Hüseyn Sultanov ,2006-06-02,,Magistr,Tələbə,190,Təhsil krediti,1042,əsas vəsaitlərin alınması - Biznes krediti,24.32,369.0,0,,Xeyr,Rədd edilib,Aşağı kredit reytinqi
67204180,Cəfərova Fidan,05-29-72,,Orta məktəb,İşsiz,314,Nağd istehlak krediti,554,təmir,18.49,172.0,0,,Bəli,Rədd edilib,'Qara siyahı'da olmaq
80054522,Rauf Babayev,12-13-97, kişi ,Magistr,İşləyən,2631,Avtomobil krediti,10333,toy xərcləri,24.8,1396.0,1,Xeyr,Xeyr,Təsdiqlənib,Bütün sənədlər qaydasındadır
34274245,Nihat Sultanov,1981-05-03,K,Magistr,İşləyən,1010,Nağd istehlak krediti,18098,toy xərcləri,14.74,714.0,4,Xeyr,Xeyr,Təsdiqlənib,Müştərinin gəliri və krediti təsdiqləndi
89391419,Fərid Hüseynov,03-19-88,,Magistr,İşləyən,1557,Avtomobil krediti,9032,məişət avadanlığı alışı,14.06,1252.0,1,Xeyr,Bəli,Rədd edilib,'Qara siyahı'da olmaq | Yoxlayıcı_ID: 794
12859821,Elvin Səfərov,10-31-02,K,Bakalavr,Tələbə,222,Təhsil krediti,1046,əsas vəsaitlərin alınması - Biznes krediti,24.27,582.0,0,,Xeyr,Təsdiqlənib,Müştərinin gəliri və krediti təsdiqləndi | Yoxlayıcı_ID: 232
37223053,Qasımov Rəşad,1976-03-13, kişi ,Bakalavr tehsili,İşləyən,3971,Nağd istehlak krediti,"5,334",məişət avadanlığı alışı,12.42,,1,Xeyr,Xeyr,Təsdiqlənib,Müştərinin gəliri və krediti təsdiqləndi
80054522,Rauf Babayev,12-13-97, kişi ,Magistr,İşləyən,2631,Avtomobil krediti,10333,toy xərcləri,24.8,1396.0,1,Xeyr,Xeyr,Təsdiqlənib,Bütün sənədlər qaydasındadır
23372778, Murad Rüstəmov ,27/11/2002,,Bakalavr tehsili,Tələbə,292,Təhsil krediti,2685,dövriyyə vəsaitlərinin artırılması - Biznes krediti,14.74,601.0,0,,Xeyr,Təsdiqlənib,Müştərinin gəliri və krediti təsdiqləndi
30254285,Nigar Qasımova,1966-12-23,qadin,Bakalavr tehsili,Sahibkar,9122,Mikro kredit,44333,əsas vəsaitlərin alınması - Biznes krediti,18.02,1523.0,5,Xeyr,Xeyr,Təsdiqlənib,Müştərinin gəliri və krediti təsdiqləndi
94542828,anar rəhimov,2000-01-08, kişi ,Bakalavr tehsili,İşləyən,884,Nağd istehlak krediti,6367,məişət avadanlığı alışı,12.82,950.0,2,Bəli,Xeyr,Təsdiqlənib,Bütün sənədlər qaydasındadır
34032992,Zəhra Cəfərova,04-15-88,Qadın,Bakalavr tehsili,Sahibkar,7290,Mikro kredit,78675,əsas vəsaitlərin alınması - Biznes krediti,20.36,1756.0,6,Bəli,Xeyr,Təsdiqlənib,Müştərinin gəliri və krediti təsdiqləndi
31132225,Rüstəmov Fərid,1969-01-01,Kişi,Magistr,Sahibkar,"7,967",Mikro kredit,71289,Biznes krediti,12.32,1474.0,7,Xeyr,Xeyr,Təsdiqlənib,Bütün sənədlər qaydasındadır
82659694,Fatimə İsmayılova,02-06-91,Q,Magistr,İşləyən,2738,Avtomobil krediti,29030 AZN,toy xərcləri,24.43,1243.0,0,,Xeyr,Təsdiqlənib,Bütün sənədlər qaydasındadır
52203598,Hüseyn Əliyev,06-07-84, kişi ,Bakalavr tehsili,İşləyən,2590,Avtomobil krediti,24947 manat,məişət avadanlığı alışı,23.83,598.0,3,Xeyr,Xeyr,Təsdiqlənib,Bütün sənədlər qaydasındadır
84774437,Ləman Vəliyeva,1982-03-10,Qadın,Bakalavr,İşləyən,3037,Avtomobil krediti,32800,tibbi xərclər,13.68,680.0,4,Bəli,Xeyr,Təsdiqlənib,Bütün sənədlər qaydasındadır | Yoxlayıcı_ID: 512
99385649,Zülfiyyə İsmayılova,21/03/1971,,Bakalavr tehsili,İşləyən,1674,Nağd istehlak krediti,3031,tibbi xərclər,22.13,1100.0,4,Bəli,Xeyr,Təsdiqlənib,Müştərinin gəliri və krediti təsdiqləndi
63372759,Babayeva Aydan,01-18-00,qadin,Orta məktəb,İşsiz,108,Nağd istehlak krediti,896,təmir,24.04,114.0,1,Bəli,Xeyr,Rədd edilib,Aşağı kredit reytinqi | Yoxlayıcı_ID: 407
96319829,Zülfiyyə Məmmədova,1985-09-09,,Bakalavr tehsili,Sahibkar,8073,Mikro kredit,27617,Biznes krediti,15.71,1042.0,2,Xeyr,Xeyr,Təsdiqlənib,Müştərinin gəliri və krediti təsdiqləndi
66742198,Məryəm Abdullayeva,1996-07-10,Qadın,Orta məktəb,İşsiz,112,Nağd istehlak krediti,557,toy xərcləri,20.22,315.0,1,Bəli,Xeyr,Rədd edilib,Aşağı kredit reytinqi | Yoxlayıcı_ID: 875
21945844,Rəna Sultanova,09-26-92,qadin,Bakalavr tehsili,İşləyən,1684,Nağd istehlak krediti,15916,məişət avadanlığı alışı,11.98,1166.0,1,Xeyr,Xeyr,Təsdiqlənib,Müştərinin gəliri və krediti təsdiqləndi | Yoxlayıcı_ID: 776
88046734,Kamal Əhmədov,1975-11-03, kişi ,Orta məktəb,İşsiz,358,Nağd istehlak krediti,716,təmir,15.42,488.0,0,,Xeyr,Rədd edilib,Aşağı kredit reytinqi
11134614,Cavid Məmmədov,07/11/1968,,Bakalavr tehsili,Sahibkar,6103,Mikro kredit,39154,əsas vəsaitlərin alınması - Biznes krediti,14.86,1521.0,3,Xeyr,Xeyr,Təsdiqlənib,Müştərinin gəliri və krediti təsdiqləndi
59449641,Samir Abdullayev,03/01/1992,,Bakalavr,İşləyən,2025,Nağd istehlak krediti,7562,şəxsi istehlak məqsədi,18.96,1496.0,3,Xeyr,Xeyr,Təsdiqlənib,Müştərinin gəliri və krediti təsdiqləndi
17565023,Nihat Hüseynov,10-03-94, kişi ,Orta məktəb,İşsiz,285,Nağd istehlak krediti,992,məişət avadanlığı alışı,14.94,312.0,1,Xeyr,Xeyr,Rədd edilib,Aşağı kredit reytinqi | Yoxlayıcı_ID: 738
55976788,Emin Sultanov,1993-08-07,K,Bakalavr tehsili,İşləyən,1161,Nağd istehlak krediti,8079,toy xərcləri,17.57,933.0,2,Xeyr,Xeyr,Təsdiqlənib,Bütün sənədlər qaydasındadır
25189475,Aydan Rəhimova,18/01/1980,qadin,Bakalavr tehsili,İşləyən,3190,Avtomobil krediti,26912,təmir,24.13,1406.0,3,Xeyr,Xeyr,Təsdiqlənib,Müştərinin gəliri və krediti təsdiqləndi
38283076,Ayan Sultanova,04/06/1983,qadin,Bakalavr,İşləyən,2974,Nağd istehlak krediti,17196 AZN,məişət avadanlığı alışı,18.87,657.0,4,Bəli,Xeyr,Təsdiqlənib,Müştərinin gəliri və krediti təsdiqləndi
35103380,Murad Qasımov,1994-11-21, kişi ,Bakalavr tehsili,Sahibkar,9046,Mikro kredit,74409,əsas vəsaitlərin alınması - Biznes krediti,14.67,1068.0,8,Bəli,Xeyr,Təsdiqlənib,Bütün sənədlər qaydasındadır
78883929,ayan sultanova,1986-05-16,Qadın,Bakalavr tehsili,İşləyən,3148,Avtomobil krediti,39259,toy xərcləri,15.67,1239.0,0,,Xeyr,Təsdiqlənib,Müştərinin gəliri və krediti təsdiqləndi
88101541,Aydan Abdullayeva,05-04-05,,Magistr,Tələbə,120,Təhsil krediti,831,Biznes krediti,14.76,778.0,0,,Xeyr,Təsdiqlənib,Bütün sənədlər qaydasındadır
61895961,Fərid Qasımov,07-26-99,K,Bakalavr,İşləyən,"1,072",Nağd istehlak krediti,10235,şəxsi istehlak məqsədi,23.9,,0,,Xeyr,Təsdiqlənib,Bütün sənədlər qaydasındadır
80621852,Abdullayev Rəşad,1987-12-15,Kişi,Bakalavr tehsili,İşləyən,2939,Nağd istehlak krediti,18287,toy xərcləri,20.02,843.0,2,Bəli,Xeyr,Təsdiqlənib,Müştərinin gəliri və krediti təsdiqləndi | Yoxlayıcı_ID: 146
19831263,Emin Məmmədov,1979-10-09,,Magistr,İşləyən,3467,Avtomobil krediti,12543,toy xərcləri,21.43,868.0,4,Bəli,Bəli,Rədd edilib,'Qara siyahı'da olmaq
62444973,Tural Rüstəmov,2007-09-23, kişi ,Magistr,Tələbə,267,Təhsil krediti,2054 AZN,Biznes krediti,14.69,760.0,0,,Xeyr,Təsdiqlənib,Müştərinin gəliri və krediti təsdiqləndi
47947320,Əli Vəliyev,04-23-05, kişi ,Magistr,Tələbə,106,Təhsil krediti,2098,Biznes krediti,22.76,449.0,0,,Xeyr,Rədd edilib,Aşağı kredit reytinqi
22466666,Orxan Əhmədov,16/02/1984,,Bakalavr tehsili,İşləyən,1547,Nağd istehlak krediti,11473,Təmir,22.41,634.0,4,Bəli,Xeyr,Təsdiqlənib,Bütün sənədlər qaydasındadır
79050639,Ayan İbrahimova,2002-09-14,qadin,Bakalavr tehsili,İşləyən,2077 AZN,Nağd istehlak krediti,929,şəxsi istehlak məqsədi,13.88,1490.0,1,Xeyr,Xeyr,Təsdiqlənib,Bütün sənədlər qaydasındadır
14118630,Ləman Məmmədova,04-29-05,,Magistr,Tələbə,179,Təhsil krediti,2120 AZN,dövriyyə vəsaitlərinin artırılması - Biznes krediti,24.63,214.0,0,Bəli,Xeyr,Rədd edilib,Aşağı kredit reytinqi
96597260,Murad Nəsirov,1982-05-22, kişi ,Magistr,İşləyən,3210,Nağd istehlak krediti,5492,tibbi xərclər,21.3,866.0,0,,Xeyr,Təsdiqlənib,Bütün sənədlər qaydasındadır
88788592,Zülfiyyə Quliyeva,1982-10-15,,Magistr,Sahibkar,4759,Mikro kredit,19031,Biznes krediti,13.84,1302.0,6,Xeyr,Xeyr,Təsdiqlənib,Müştərinin gəliri və krediti təsdiqləndi
74386674,Orxan Abdullayev,1982-07-07, kişi ,Bakalavr,İşləyən,1036,Nağd istehlak krediti,15353,şəxsi istehlak məqsədi,15.25,1467.0,4,Bəli,Xeyr,Təsdiqlənib,Səhv və ya natamam müraciət
26500035,Nigar Qasımova,2003-05-02,,Bakalavr,Tələbə,203,Təhsil krediti,1705,dövriyyə vəsaitlərinin artırılması - Biznes krediti,21.0,284.0,0,,Xeyr,Rədd edilib,Aşağı kredit reytinqi
69211479,Nigar Nəsirova,1982-05-16,Qadın,Bakalavr tehsili,İşləyən,1753,Nağd istehlak krediti,17740 AZN,təmir,21.77,1200.0,0,,Bəli,Rədd edilib,'Qara siyahı'da olmaq
23208119,Orxan Əhmədov,25/05/2006,,Bakalavr,Tələbə,250,Təhsil krediti,1235,əsas vəsaitlərin alınması - Biznes krediti,17.16,738.0,1,Xeyr,Xeyr,Təsdiqlənib,Müştərinin gəliri və krediti təsdiqləndi
11407620,Fərid Abdullayev,1996-12-22, kişi ,Bakalavr tehsili,İşləyən,804,Nağd istehlak krediti,3123,tibbi xərclər,15.6,1485.0,2,Bəli,Xeyr,Təsdiqlənib,Bütün sənədlər qaydasındadır
16151530,Əli Rzayev,1994-03-16,K,Magistr,İşləyən,1421,Nağd istehlak kriditi,13508,şəxsi istehlak məqsədi,13.08,1372.0,4,Bəli,Xeyr,Təsdiqlənib,Bütün sənədlər qaydasındadır
56998799,Aysel Rzayeva,1990-08-09,Q,Magistr,Sahibkar,4091,Mikro kredit,96604,əsas vəsaitlərin alınması - Biznes krediti,16.56,1046.0,8,Xeyr,Xeyr,Təsdiqlənib,Bütün sənədlər qaydasındadır
77913481,Rəna Cavadova,1979-11-05,qadin,Bakalavr,İşləyən,3480,Nağd istehlak krediti,2206,təmir,19.58,1506.0,1,Xeyr,Xeyr,Təsdiqlənib,Bütün sənədlər qaydasındadır
62444973,Tural Rüstəmov,2007-09-23, kişi ,Magistr,Tələbə,267,Təhsil krediti,2054 AZN,Biznes krediti,14.69,760.0,0,,Xeyr,Təsdiqlənib,Müştərinin gəliri və krediti təsdiqləndi
27623477,Tural Nəsirov,05-12-83,Kişi,Bakalavr tehsili,Sahibkar,4110,Mikro kredit,36826,Biznes krediti,10.93,1015.0,4,Xeyr,Xeyr,Təsdiqlənib,Müştərinin gəliri və krediti təsdiqləndi
40112695,Zəhra Abdullayeva,1979-01-02,Qadın,Bakalvar,İşləyən,2855,Avtomobil krediti,12328,təmir,11.78,556.0,0,,Xeyr,Təsdiqlənib,Bütün sənədlər qaydasındadır
66848375,Məhəmməd Əhmədov,1989-02-03,K,Magistr,İşləyən,2570,Avtomobil krediti,39764,məişət avadanlığı alışı,20.0,423.0,2,Xeyr,Xeyr,Rədd edilib,Aşağı kredit reytinqi
62177394,Nihat Səfərov,08/05/1984,Kişi,Bakalavr tehsili,İşləyən,1976,Nağd istehlak krediti,17421 manat,təmir,21.38,1451.0,3,Bəli,Xeyr,Təsdiqlənib,Zaminlik məsələləri
55410278,Tural İbrahimov,07/11/2001,,Bakalavr,İşləyən,3005,Nağd istehlak krediti,9367,şəxsi istehlak məqsədi,18.37,504.0,0,Bəli,Xeyr,Təsdiqlənib,Bütün sənədlər qaydasındadır
66650137,Ramin Quliyev,20/06/1980,K,Bakalavr tehsili,Sahibkar,7689,Mikro kredit,"77,577",əsas vəsaitlərin alınması - Biznes krediti,11.76,1073.0,7,Xeyr,Xeyr,Təsdiqlənib,Müştərinin gəliri və krediti təsdiqləndi | Yoxlayıcı_ID: 318
53379132,Fatimə Qasımova,27/01/2007,Q,Magistr,Tələbə,207,Təhsil krediti,1030,əsas vəsaitlərin alınması - Biznes krediti,13.55,386.0,0,,Xeyr,Rədd edilib,Aşağı kredit reytinqi
12541918,Fərid Qasımov,1978-09-22, kişi ,Magistr,Sahibkar,4900,Mikro kredit,97624,Biznes krediti,21.79,960.0,2,Xeyr,Xeyr,Təsdiqlənib,Müştərinin gəliri və krediti təsdiqləndi
59705874,Ləman Cəfərova,1974-06-29,,Magistr,İşləyən,2535,Nağd istehlak krediti,16032,toy xərcləri,20.01,1234.0,0,,Xeyr,Təsdiqlənib,Bütün sənədlər qaydasındadır
75253252,Yusif Cəfərov,2003-01-25, kişi ,Bakalavr,Tələbə,221,Təhsil krediti,2255,Biznes krediti,16.99,264.0,0,,Xeyr,Təsdiqlənib,Aşağı kredit reytinqi
64459013,Aysel Sultanova,1994-08-09,Qadın,Bakalavr tehsili,Sahibkar,5451,Mikro kredit,44605,dövriyyə vəsaitlərinin artırılması - Biznes krediti,22.94,1332.0,7,Xeyr,Xeyr,Təsdiqlənib,Bütün sənədlər qaydasındadır
85766187,Cavid Qasımov,03-11-07, kişi ,Bakalavr,Tələbə,245,Təhsil krediti,1406,Biznes krediti,20.86,663.0,1,Xeyr,Xeyr,Təsdiqlənib,Müştərinin gəliri və krediti təsdiqləndi
99302203,Ramin Babayev,07/06/2004,,Magistr,Tələbə,150,Təhsil krediti,2380,dövriyyə vəsaitlərinin artırılması - Biznes krediti,22.06,275.0,0,,Xeyr,Rədd edilib,Aşağı kredit reytinqi
33898667,Ramin Sultanov,1996-09-07,Kişi,Bakalavr,İşləyən,2549,Avtomobil krediti,27107,toy xərcləri,24.05,1351.0,3,Xeyr,Xeyr,Təsdiqlənib,Bütün sənədlər qaydasındadır
32308658,Fərid İbrahimov,04-20-83,,Bakalavr tehsili,İşləyən,1173,Nağd istehlak krediti,5155,təmir,10.94,1394.0,2,Xeyr,Xeyr,Təsdiqlənib,Zaminlik məsələləri
48902812, Zülfiyyə İsmayılova ,1990-12-27,qadin,Bakalavr tehsili,İşləyən,893,Nağd istehlak krediti,13685,tibbi xərclər,22.58,1205.0,3,Bəli,Xeyr,Təsdiqlənib,Müştərinin gəliri və krediti təsdiqləndi
36350818,Fidan Rüstəmova,04-05-04,Q,Bakalavr,Tələbə,119 manat,Təhsil krediti,2420,dövriyyə vəsaitlərinin artırılması - Biznes krediti,19.11,240.0,0,,Xeyr,Rədd edilib,Aşağı kredit reytinqi
57602046,Uğur Rəhimov,1988-02-04,K,Bakalavr tehsili,Sahibkar,8698,Mikro kredit,60754,dövriyyə vəsaitlərinin artırılması - Biznes krediti,24.71,1473.0,5,Xeyr,Xeyr,Təsdiqlənib,Bütün sənədlər qaydasındadır | Yoxlayıcı_ID: 977
48850161,Samir Nəsirov,14/04/2006,Kişi,Bakalavr,Tələbə,155,Təhsil krediti,1857,əsas vəsaitlərin alınması - Biznes krediti,11.02,480.0,0,,Xeyr,Rədd edilib,Aşağı kredit reytinqi
62826269,Orxan Rəhimov,1984-02-25,K,Orta məktəb,İşsiz,332,Nağd istehlak krediti,977,tibbi xərclər,22.35,348.0,2,Bəli,Xeyr,Rədd edilib,Aşağı kredit reytinqi
